--------- beginning of main
02-19 07:30:26.271  2115  2115 I cnss-daemon: nl80211 response handler invoked
02-19 07:30:26.271  2115  2115 I cnss-daemon: nl80211_response_handler: cmd 103, vendorID 4980, subcmd 13  received
02-19 07:30:26.272 11546 11546 D BoundBrokerSvc: onRebind: Intent { act=com.google.android.gms.common.telemetry.service.START dat=chimera-action:/... cmp=com.google.android.gms/.chimera.PersistentApiService }
02-19 07:30:26.272  1188  1651 I WifiHAL : event received NL80211_CMD_VENDOR, vendor_id = 0x1374, subcmd = 0xd
02-19 07:30:26.357  2005  3234 D MiuiNetworkPolicy: updateLimit mLimitEnabled=false,enabled=true,mNetworkPriorityMode=0,mThermalForceMode=0
02-19 07:30:26.358  2005  3234 I MiuiNetworkPolicy: getEnableLimitTimeout when thermal mode is:0
--------- beginning of system
02-19 07:30:26.440  2005  4369 D CompatibilityChangeReporter: Compat change id reported: 161252188; UID 10795; state: DISABLED
02-19 07:30:26.444  2005  4369 W XSpaceManagerServiceImpl: checkXSpaceControl, from:com.android.shell, to:com.ezanvakti, with act:null, callingUserId:0, toUserId:0
02-19 07:30:26.456  2005  4369 W ActivityTaskManager: callingPackage for (uid=2000, pid=14480) has no WPC
02-19 07:30:26.468  2005  4369 D CompatibilityChangeReporter: Compat change id reported: 265464455; UID 10795; state: DISABLED
02-19 07:30:26.468  2005  4369 D CompatibilityChangeReporter: Compat change id reported: 265452344; UID 10795; state: DISABLED
02-19 07:30:26.468  2005  4369 D CompatibilityChangeReporter: Compat change id reported: 266124927; UID 10795; state: DISABLED
02-19 07:30:26.468  2005  4369 D CompatibilityChangeReporter: Compat change id reported: 265451093; UID 10795; state: DISABLED
02-19 07:30:26.468  2005  4369 D CompatibilityChangeReporter: Compat change id reported: 265456536; UID 10795; state: DISABLED
02-19 07:30:26.468  2005  4369 D CompatibilityChangeReporter: Compat change id reported: 255940284; UID 10795; state: DISABLED
02-19 07:30:26.469  2005  4369 D CompatibilityChangeReporter: Compat change id reported: 236283604; UID 10795; state: DISABLED
02-19 07:30:26.469  2005  4369 D CompatibilityChangeReporter: Compat change id reported: 263959004; UID 10795; state: DISABLED
02-19 07:30:26.469  2005  4369 D CompatibilityChangeReporter: Compat change id reported: 264304459; UID 10795; state: DISABLED
02-19 07:30:26.469  2005  4369 D CompatibilityChangeReporter: Compat change id reported: 264301586; UID 10795; state: DISABLED
02-19 07:30:26.469  2005  4369 D CompatibilityChangeReporter: Compat change id reported: 254631730; UID 10795; state: DISABLED
02-19 07:30:26.469  2005  4369 D CompatibilityChangeReporter: Compat change id reported: 273509367; UID 10795; state: DISABLED
02-19 07:30:26.469  2005  4369 D CompatibilityChangeReporter: Compat change id reported: 263259275; UID 10795; state: DISABLED
02-19 07:30:26.470  2005  4369 D CompatibilityChangeReporter: Compat change id reported: 174042980; UID 10795; state: DISABLED
02-19 07:30:26.470  2005  4369 D CompatibilityChangeReporter: Compat change id reported: 174042936; UID 10795; state: DISABLED
02-19 07:30:26.470  2005  4369 D CompatibilityChangeReporter: Compat change id reported: 181136395; UID 10795; state: DISABLED
02-19 07:30:26.474  2005  4369 D CompatibilityChangeReporter: Compat change id reported: 194480991; UID 10795; state: ENABLED
02-19 07:30:26.481  2005  4369 I SmartPower: com.ezanvakti/10795(9807): idle->invisible(605181ms) R(become foreground) adj=0.
02-19 07:30:26.483  2005  4369 D WindowManager: Collecting in transition 5748: ActivityRecord{a60b228 u0 com.ezanvakti/.MainActivity init visibleRequested:false
02-19 07:30:26.484  2005  2329 E NativeTurboSchedManagerJni: open /dev/metis failed!
02-19 07:30:26.488  2005  4369 D MiuiFreeFormManagerService: activeOrFullscreenFreeformTaskIfNeed startDefaultAr:false
02-19 07:30:26.494  2005  4369 D MiuiFreeFormManagerService: onStartActivityInner as = Task{a0fd574 #887 type=standard A=10795:com.ezanvakti} op = null
02-19 07:30:26.497  2005  4369 D WindowManager: setLockTaskAuth: task=Task{a0fd574 #887 type=standard A=10795:com.ezanvakti} mLockTaskAuth=LOCK_TASK_AUTH_PINNABLE
02-19 07:30:26.499  2005  4369 I ActivityTaskManager: resumeTopActivityInnerLocked topActivity:ActivityRecord{7ca0c86 u0 com.ezanvakti/.MainActivity t887} isFocusable:true this:Task{a0fd574 #887 type=standard A=10795:com.ezanvakti}
02-19 07:30:26.502  2005  4369 D PerfStubImpl: perfWarmLaunchBoost: com.ezanvakti, -1, 2
02-19 07:30:26.504  1234  1234 E vendor.qti.hardware.perf@2.2-service: Unknown params
02-19 07:30:26.517  1234  1234 E vendor.qti.hardware.perf@2.2-service: Unknown params
02-19 07:30:26.518  2005  4369 D WindowManager: Collecting in transition 5748: ActivityRecord{7ca0c86 u0 com.ezanvakti/.MainActivity t887} init visibleRequested:false
02-19 07:30:26.520  2005  4369 D WindowManagerService: checkFlipFullScreenChange is same, nowIsFullScreen = false
02-19 07:30:26.523  1234  1373 E ANDR-PERF-OPTSHANDLER: Perflock resource /sys/class/devfreq/soc:qcom,cpubw/max_freq not supported
02-19 07:30:26.523  1234  1373 E ANDR-PERF-RESOURCEQS: Failed to apply optimization [6, 6]
02-19 07:30:26.523  1234  1373 E ANDR-PERF-OPTSHANDLER: Perflock resource /sys/class/devfreq/soc:qcom,cpubw/min_freq not supported
02-19 07:30:26.523  1234  1373 E ANDR-PERF-RESOURCEQS: Failed to apply optimization [6, 0]
02-19 07:30:26.529  2005  4369 D WindowManager: Collecting in transition 5748: ActivityRecord{7ca0c86 u0 com.ezanvakti/.MainActivity t887} init visibleRequested:true
02-19 07:30:26.535  4171  4318 D MiuiFullScreenTaskRepository: setFocusedTask taskId=887, displayId=0, topActivity=ComponentInfo{com.ezanvakti/com.ezanvakti.MainActivity}
02-19 07:30:26.535  4171  4318 D MiuiFullScreenTaskRepository: addOrUpdateFullScreenTaskInfo taskId=887, topActivity=ComponentInfo{com.ezanvakti/com.ezanvakti.MainActivity}
02-19 07:30:26.537  2005  4369 D WindowManager: Collecting in transition 5748: ActivityRecord{7ca0c86 u0 com.ezanvakti/.MainActivity t887} init visibleRequested:false
02-19 07:30:26.537  2005  4369 D WindowManager: Collecting in transition 5748: ActivityRecord{7ca0c86 u0 com.ezanvakti/.MainActivity t887} init visibleRequested:true
02-19 07:30:26.537  2005  4369 D ActivityTrigger: ActivityTrigger activityPauseTrigger 
02-19 07:30:26.537  1234  1234 E vendor.qti.hardware.perf@2.2-service: Unknown params
02-19 07:30:26.538  2005  4369 D WindowManager: Requesting StartTransition: TransitionRecord{4643b41 id=5748 type=OPEN flags=0x0}
02-19 07:30:26.539  9807  9807 I ForceDarkHelperStubImpl: setViewRootImplForceDark: false for com.ezanvakti.MainActivity@7597faa, reason: AppDarkModeEnable
02-19 07:30:26.540  4171  4318 E NativeTurboSchedManagerJni: open /dev/metis failed!
02-19 07:30:26.540  4171  4318 E NativeTurboSchedManagerJni: open /dev/metis failed!
02-19 07:30:26.542  2005  4369 D CompatibilityChangeReporter: Compat change id reported: 194833441; UID 10795; state: ENABLED
02-19 07:30:26.542  2005  4369 I ActivityTaskManager: START u0 {flg=0x10000000 cmp=com.ezanvakti/.MainActivity} with LAUNCH_SINGLE_TASK from uid 2000 from pid 14480 callingPackage com.android.shell (BAL_ALLOW_PERMISSION) result code=3
02-19 07:30:26.549  4171  4318 I SoScUtils: monitorTransitionRequest mRequestOpenTransition:null mRequestOpenTriggerTask:-1 mRequestCloseTransition:null mRequestCloseTriggerTask:-1 mRequestCloseStageType:-1
02-19 07:30:26.549  2005  4296 D WindowManager: Set transition=TransitionRecord{4643b41 id=5748 type=OPEN flags=0x0}, ready=true, SyncId=5748 
02-19 07:30:26.553  4171  4318 E NativeTurboSchedManagerJni: open /dev/metis failed!
02-19 07:30:26.553  4171  4318 D WindowManagerShell: onActivityRestartAttempt: ComponentInfo{com.ezanvakti/com.ezanvakti.MainActivity}
02-19 07:30:26.553  2005  2329 D WindowManager: Final targets: []
02-19 07:30:26.554  2005  2329 D WindowManager: Calling onTransitionReady info={id=5748 t=OPEN f=0x40 trk=0 r=[] c=[] noAni=[false] df=[false] mk=[true]}, mToken=Token{e0138e6 TransitionRecord{4643b41 id=5748 type=OPEN flags=0x40}}
02-19 07:30:26.554  2005  2329 I BLASTSyncEngine: finishNow: after onTransactionReady, mSyncId=5748
02-19 07:30:26.554  2005  2329 E NativeTurboSchedManagerJni: open /dev/metis failed!
02-19 07:30:26.557  1362  1362 I BpBinder: onLastStrongRef automatically unlinking death recipients: 
02-19 07:30:26.559  9807  9807 W unknown:BridgelessReact: ReactHost{0}.onHostResume(activity)
02-19 07:30:26.559  9807  9807 W unknown:BridgelessReact: ReactContext.onHostResume()
02-19 07:30:26.570  4171  4318 E NativeTurboSchedManagerJni: open /dev/metis failed!
02-19 07:30:26.571  4171  4318 D SoScUtils: monitorTransitionFinished transition:android.os.BinderProxy@7c2dc0b transaction: android.view.SurfaceControl$Transaction@ec0cfa6 mRequestCloseTransition:null mRequestOpenTransition:null mPairsOpenTransition:null mPairsOpenTransitionNull:null mRequestOpenTriggerTask:-1 mRequestCloseTriggerTask:-1 mOrientationTransition: null mMainStartingTask:-1 mSideStartingTask:-1
02-19 07:30:26.574  4171  4318 E NativeTurboSchedManagerJni: open /dev/metis failed!
02-19 07:30:26.575  9807  9807 D MiuiMonitorThread: Shared singleton Thread for stability monitor start
02-19 07:30:26.579  9807  9807 W unknown:BridgelessReact: ReactHost{0}.onHostPause(activity)
02-19 07:30:26.580  4171  4808 D MiuiFreeformModeObserver: activityResumed() intent： Intent { cmp=com.ezanvakti/.MainActivity (has extras) }
02-19 07:30:26.582  9807  9807 W unknown:BridgelessReact: ReactContext.onHostPause()
02-19 07:30:26.582 10762 10762 D RecentsImpl: mActivityStateObserver com.ezanvakti.MainActivity
02-19 07:30:26.583 10762 10762 W RecentsImpl: onResumed className=com.ezanvakti.MainActivity   mIsInAnotherPro=false   isKeyguardLocked=true   mSecuritySpaceGuideShown=false
02-19 07:30:26.587  2005  2423 W ProcessCpuTracker: Failed to stat(/proc/14478): android.system.ErrnoException: stat failed: ENOENT (No such file or directory)
02-19 07:30:26.587  2005  2423 W ProcessCpuTracker: Skipping unknown process pid 14478
02-19 07:30:26.588  2005  2423 W ProcessCpuTracker: Failed to stat(/proc/14480): android.system.ErrnoException: stat failed: ENOENT (No such file or directory)
02-19 07:30:26.588  2005  2423 W ProcessCpuTracker: Skipping unknown process pid 14480
02-19 07:30:26.595  4008  4709 W DynamicDDSService: appName is not found in cache: com.ezanvakti
02-19 07:30:26.609  1221  1660 E SDM     : HWCSession::GetClientTargetProperty: GetClinetTargetProperty interface enter
02-19 07:30:26.609  1362  1362 E CompositionEngine: [Wallpaper BBQ wrapper#54413] Invalid device requested composition type change: Client (1) --> Device (2)
02-19 07:30:26.609  1362  1362 E Scheduler: trackPendingFrame: Invalid present fence
02-19 07:30:26.611  1362  1527 D RenderEngine: skia drawWallpaperAnim name=Wallpaper BBQ wrapper#54413,  enableWallPaperAnim=1 wallpaperAnimProcess=1.000000
02-19 07:30:26.611  1362  1527 D RenderEngine: Wallpaper-Anim: progress=1.000000 shaderName=yahei
02-19 07:30:26.621  9807  9807 W libc    : Access denied finding property "vendor.display.enable_optimal_refresh_rate"
02-19 07:30:26.617  9807  9807 W com.ezanvakti: type=1400 audit(0.0:1912866): avc:  denied  { read } for  name="u:object_r:vendor_display_prop:s0" dev="tmpfs" ino=13265 scontext=u:r:untrusted_app:s0:c27,c259,c512,c768 tcontext=u:object_r:vendor_display_prop:s0 tclass=file permissive=0 app=com.ezanvakti
02-19 07:30:26.624  9807 11444 E OpenGLRenderer: Unable to match the desired swap behavior.
02-19 07:30:26.625  1362  1362 E CompositionEngine: [Wallpaper BBQ wrapper#54413] Invalid device requested composition type change: Client (1) --> Device (2)
02-19 07:30:26.625  1221  1660 E SDM     : HWCSession::GetClientTargetProperty: GetClinetTargetProperty interface enter
02-19 07:30:26.626  1362  1362 E Scheduler: trackPendingFrame: Invalid present fence
02-19 07:30:26.671  9807  9807 D VRI[MainActivity]: vri.reportNextDraw android.view.ViewRootImpl.performTraversals:4360 android.view.ViewRootImpl.doTraversal:2989 android.view.ViewRootImpl$TraversalRunnable.run:10304 android.view.Choreographer$CallbackRecord.run:1594 android.view.Choreographer$CallbackRecord.run:1603 
02-19 07:30:26.671  9807  9807 D VRI[MainActivity]: vri.Setup new sync=wmsSync-VRI[MainActivity]#4
02-19 07:30:26.685 10762 15394 D RecentsModel: onTaskStackChangedBackground
02-19 07:30:26.685 10762 15962 D RecentsModel: onTaskStackChangedBackground    MSG_TASK_STACK_CHANGE
02-19 07:30:26.685 10762 15962 D RecentsModel: preloadRecents
02-19 07:30:26.685 10762 15962 W RecentsModel: getRunningTask
02-19 07:30:26.687 10762 15962 W RecentsModel: getRunningTask   taskInfo=TaskInfo{userId=0 taskId=887 displayId=0 isRunning=true baseIntent=Intent { act=android.intent.action.MAIN cat=[android.intent.category.LAUNCHER] flg=0x10000000 pkg=com.ezanvakti cmp=com.ezanvakti/.MainActivity } baseActivity=ComponentInfo{com.ezanvakti/com.ezanvakti.MainActivity} topActivity=ComponentInfo{com.ezanvakti/com.ezanvakti.MainActivity} origActivity=null realActivity=ComponentInfo{com.ezanvakti/com.ezanvakti.MainActivity} numActivities=1 lastActiveTime=754561415 supportsSplitScreenMultiWindow=true supportsMultiWindow=true resizeMode=1 isResizeable=true minWidth=-1 minHeight=-1 defaultMinSize=200 token=WCT{android.window.IWindowContainerToken$Stub$Proxy@b90eaaf} topActivityType=1 pictureInPictureParams=null shouldDockBigOverlays=false launchIntoPipHostTaskId=-1 lastParentTaskIdBeforePip=-1 displayCutoutSafeInsets=Rect(0, 84 - 0, 0) topActivityInfo=ActivityInfo{68f6ebc com.ezanvakti.MainActivity} launchCookies=[] positionInParent=Point(0, 0) parentTaskId=-1 isFocused=true isVisible=false isVisibleRequested=false isSleeping=true topActivityInSizeCompat=false topActivityInMiuiSizeCompat=false topActivityEligibleForLetterboxEducation= false topActivityLetterboxed= false isFromDoubleTap= false topActivityLetterboxVerticalPosition= -1 topActivityLetterboxHorizontalPosition= -1 topActivityLetterboxWidth=-1 topActivityLetterboxHeight=-1 locusId=null displayAreaFeatureId=1 cameraCompatControlState=hidden mIsCastMode=false mTopActivityMediaSize=null mTopActivityRecordName=ActivityRecord{7ca0c86 u0 com.ezanvakti/.MainActivity t887} mTopActivityOrientation=-2 mTopActivityWindowIsNowVisible=false isTranslucent=false isEmbedded=false shouldBeVisible=true mBehindAppLockPkg=null mOriginatingUid=0}
02-19 07:30:26.687 10762 15962 W RecentsModel: getTaskInfoIgnoreHomeAndFreeform   taskInfo=ComponentInfo{com.ezanvakti/com.ezanvakti.MainActivity}
02-19 07:30:26.687 10762 15962 D ActivityManagerWrapper: getTaskId :887
02-19 07:30:26.688 10762 15394 D RecentsModel: onTaskStackChangedBackground
02-19 07:30:26.688 10762 15394 D EventBus: No subscribers registered for event class com.miui.home.recents.messages.RecentTasksChangedEvent
02-19 07:30:26.688 10762 15394 D EventBus: No subscribers registered for event class org.greenrobot.eventbus.NoSubscriberEvent
02-19 07:30:26.689 10762 15962 E ActivityManagerWrapper: get all recent tasks force including 887
02-19 07:30:26.690  8652 15504 I SCTaskStackListener: onTaskStackChanged! inSplit = false
02-19 07:30:26.690  8652 11616 I SCTaskStackListener: onTaskStackChanged! inSplit = false
02-19 07:30:26.694 10762 15962 E ActivityManagerWrapper: getRecentTasks: size=3
02-19 07:30:26.694 10762 15962 E ActivityManagerWrapper: getRecentTasks: mainTaskId=887   userId=0   windowMode=1   baseIntent=Intent { act=android.intent.action.MAIN flag=268435456 cmp=ComponentInfo{com.ezanvakti/com.ezanvakti.MainActivity} }
02-19 07:30:26.694 10762 15962 E ActivityManagerWrapper: getRecentTasks: mainTaskId=886   userId=0   windowMode=1   baseIntent=Intent { act=null flag=411041792 cmp=ComponentInfo{com.miui.global.packageinstaller/com.miui.global.packageinstaller.activity.ScanActivity} }
02-19 07:30:26.694 10762 15962 E ActivityManagerWrapper: getRecentTasks: mainTaskId=884   userId=0   windowMode=1   baseIntent=Intent { act=android.intent.action.MAIN flag=270532608 cmp=ComponentInfo{org.telegram.messenger/org.telegram.messenger.DefaultIcon} }
02-19 07:30:26.697  9807  9807 D VRI[MainActivity]: vri.reportDrawFinished
02-19 07:30:26.698  2005  4296 E NativeTurboSchedManagerJni: open /dev/metis failed!
02-19 07:30:26.698  9807 11468 I ReactNativeJNI: Memory warning (pressure level: TRIM_MEMORY_UI_HIDDEN) received by JS VM, ignoring because it's non-severe
02-19 07:30:26.698  2005  4296 D WindowManager: wms.finishDrawingLocked: mDrawState=COMMIT_DRAW_PENDING Window{4a1169e u0 com.ezanvakti/com.ezanvakti.MainActivity} in Surface(name=com.ezanvakti/com.ezanvakti.MainActivity#91169)/@0x730282b
02-19 07:30:26.698  2005  4296 E NativeTurboSchedManagerJni: open /dev/metis failed!
02-19 07:30:26.703 10762 15962 D RecentsModel: onTaskStackChangedBackground    MSG_TASK_STACK_CHANGE
02-19 07:30:26.703 10762 15962 D RecentsModel: preloadRecents
02-19 07:30:26.703 10762 15962 W RecentsModel: getRunningTask
02-19 07:30:26.704 10762 15962 W RecentsModel: getRunningTask   taskInfo=TaskInfo{userId=0 taskId=887 displayId=0 isRunning=true baseIntent=Intent { act=android.intent.action.MAIN cat=[android.intent.category.LAUNCHER] flg=0x10000000 pkg=com.ezanvakti cmp=com.ezanvakti/.MainActivity } baseActivity=ComponentInfo{com.ezanvakti/com.ezanvakti.MainActivity} topActivity=ComponentInfo{com.ezanvakti/com.ezanvakti.MainActivity} origActivity=null realActivity=ComponentInfo{com.ezanvakti/com.ezanvakti.MainActivity} numActivities=1 lastActiveTime=754561415 supportsSplitScreenMultiWindow=true supportsMultiWindow=true resizeMode=1 isResizeable=true minWidth=-1 minHeight=-1 defaultMinSize=200 token=WCT{android.window.IWindowContainerToken$Stub$Proxy@d38d9c1} topActivityType=1 pictureInPictureParams=null shouldDockBigOverlays=false launchIntoPipHostTaskId=-1 lastParentTaskIdBeforePip=-1 displayCutoutSafeInsets=Rect(0, 84 - 0, 0) topActivityInfo=ActivityInfo{fd3b566 com.ezanvakti.MainActivity} launchCookies=[] positionInParent=Point(0, 0) parentTaskId=-1 isFocused=true isVisible=false isVisibleRequested=false isSleeping=true topActivityInSizeCompat=false topActivityInMiuiSizeCompat=false topActivityEligibleForLetterboxEducation= false topActivityLetterboxed= false isFromDoubleTap= false topActivityLetterboxVerticalPosition= -1 topActivityLetterboxHorizontalPosition= -1 topActivityLetterboxWidth=-1 topActivityLetterboxHeight=-1 locusId=null displayAreaFeatureId=1 cameraCompatControlState=hidden mIsCastMode=false mTopActivityMediaSize=null mTopActivityRecordName=ActivityRecord{7ca0c86 u0 com.ezanvakti/.MainActivity t887} mTopActivityOrientation=-2 mTopActivityWindowIsNowVisible=false isTranslucent=false isEmbedded=false shouldBeVisible=true mBehindAppLockPkg=null mOriginatingUid=0}
02-19 07:30:26.704 10762 15962 W RecentsModel: getTaskInfoIgnoreHomeAndFreeform   taskInfo=ComponentInfo{com.ezanvakti/com.ezanvakti.MainActivity}
02-19 07:30:26.704 10762 15962 D ActivityManagerWrapper: getTaskId :887
02-19 07:30:26.705 10762 15962 E ActivityManagerWrapper: get all recent tasks force including 887
02-19 07:30:26.708  1362  1362 W Layer   : gatherBufferInfo: Received unknown dataspace from gralloc
02-19 07:30:26.709  1362  1362 E CompositionEngine: [Wallpaper BBQ wrapper#54413] Invalid device requested composition type change: Client (1) --> Device (2)
02-19 07:30:26.709 10762 15962 E ActivityManagerWrapper: getRecentTasks: size=3
02-19 07:30:26.709 10762 15962 E ActivityManagerWrapper: getRecentTasks: mainTaskId=887   userId=0   windowMode=1   baseIntent=Intent { act=android.intent.action.MAIN flag=268435456 cmp=ComponentInfo{com.ezanvakti/com.ezanvakti.MainActivity} }
02-19 07:30:26.709 10762 15962 E ActivityManagerWrapper: getRecentTasks: mainTaskId=886   userId=0   windowMode=1   baseIntent=Intent { act=null flag=411041792 cmp=ComponentInfo{com.miui.global.packageinstaller/com.miui.global.packageinstaller.activity.ScanActivity} }
02-19 07:30:26.709 10762 15962 E ActivityManagerWrapper: getRecentTasks: mainTaskId=884   userId=0   windowMode=1   baseIntent=Intent { act=android.intent.action.MAIN flag=270532608 cmp=ComponentInfo{org.telegram.messenger/org.telegram.messenger.DefaultIcon} }
02-19 07:30:26.709  1221  1660 E SDM     : HWCSession::GetClientTargetProperty: GetClinetTargetProperty interface enter
02-19 07:30:26.709  1362  1362 E Scheduler: trackPendingFrame: Invalid present fence
02-19 07:30:26.710  1362  1524 I BpBinder: onLastStrongRef automatically unlinking death recipients: 
02-19 07:30:26.725  1362  1362 E CompositionEngine: [Wallpaper BBQ wrapper#54413] Invalid device requested composition type change: Client (1) --> Device (2)
02-19 07:30:26.725  1221  1660 E SDM     : HWCSession::GetClientTargetProperty: GetClinetTargetProperty interface enter
02-19 07:30:26.726  1362  1362 E Scheduler: trackPendingFrame: Invalid present fence
02-19 07:30:26.742  1362  1362 E CompositionEngine: [Wallpaper BBQ wrapper#54413] Invalid device requested composition type change: Client (1) --> Device (2)
02-19 07:30:26.742  1221  1660 E SDM     : HWCSession::GetClientTargetProperty: GetClinetTargetProperty interface enter
02-19 07:30:26.742  1362  1362 E Scheduler: trackPendingFrame: Invalid present fence
02-19 07:30:26.811  1362  1527 D RenderEngine: skia drawWallpaperAnim name=Wallpaper BBQ wrapper#54413,  enableWallPaperAnim=1 wallpaperAnimProcess=1.000000
02-19 07:30:26.812  1362  1527 D RenderEngine: Wallpaper-Anim: progress=1.000000 shaderName=yahei
02-19 07:30:26.885 13360 13530 I LYRA-REPORT-LyraCommonReporter: clearTimeoutInfo begin, mStoredInfoMap size: 0
02-19 07:30:27.403  2005  4192 I NetworkBoostStatusManager: handle: 105
02-19 07:30:27.502  8652  9440 D TrafficManageService: onReceive: intent.action = com.android.server.action.NETWORK_STATS_UPDATED
02-19 07:30:27.551  2005  3409 I SmartPower: com.google.android.gms/10139(6503): background->idle(3001ms) R(service unbind com.google.android.gms/.measurement.service.MeasurementBrokerService) adj=200.
02-19 07:30:27.588  1137  2891 E CamX    : [ERROR][NCS    ] camxncsservice.cpp:1007 EnqueueJob() Can not enqueue jobs when thread is stopped
02-19 07:30:27.788  1137  2891 E CamX    : [ERROR][NCS    ] camxncsservice.cpp:1007 EnqueueJob() Can not enqueue jobs when thread is stopped
02-19 07:30:28.234  2005  4296 D CompatibilityChangeReporter: Compat change id reported: 261072174; UID 1000; state: ENABLED
02-19 07:30:28.277  1188  1651 I WifiHAL : event received NL80211_CMD_VENDOR, vendor_id = 0x1374, subcmd = 0xd
02-19 07:30:28.277  2115  2115 I cnss-daemon: nl80211 response handler invoked
02-19 07:30:28.277  2115  2115 I cnss-daemon: nl80211_response_handler: cmd 103, vendorID 4980, subcmd 13  received
02-19 07:30:29.340  2005  4296 D FileUtils: Rounded bytes from 7570821120 to 8000000000
02-19 07:30:29.366  8275  8587 E msys    : E[N mns]_CacheRefreshTimerCallback(454)=>Start active cache refresh DNS resolution
02-19 07:30:29.367  8275  8587 E msys    : E[N mns]_CacheRefreshTimerCallback(454)=>Start active cache refresh DNS resolution
02-19 07:30:29.367  8275  8587 E msys    : E[N mns]_CacheRefreshTimerCallback(454)=>Start active cache refresh DNS resolution
02-19 07:30:29.368  8275  8587 E msys    : E[N mns]_CacheRefreshTimerCallback(454)=>Start active cache refresh DNS resolution
02-19 07:30:29.368  8275  8587 E msys    : E[N mns]_CacheRefreshTimerCallback(454)=>Start active cache refresh DNS resolution
02-19 07:30:29.368  8275  8587 E msys    : E[N mns]_CacheRefreshTimerCallback(454)=>Start active cache refresh DNS resolution
02-19 07:30:29.387  1137  2891 E CamX    : [ERROR][NCS    ] camxncsservice.cpp:1007 EnqueueJob() Can not enqueue jobs when thread is stopped
02-19 07:30:29.395  6503  6503 D BoundBrokerSvc: onUnbind: Intent { act=com.google.android.gms.appset.service.START dat=chimera-action:/... cmp=com.google.android.gms/.chimera.GmsApiService }
02-19 07:30:29.420  8275  8587 E msys    : E[N mns]_OnSystemDNSSuccessCallback(340)=>Cache refresh succeeded with system DNS resolver. IP count: 1
02-19 07:30:29.453  8275  8587 E msys    : E[N mns]_OnSystemDNSSuccessCallback(340)=>Cache refresh succeeded with system DNS resolver. IP count: 1
02-19 07:30:29.454  8275  8587 E msys    : E[N mns]_OnSystemDNSSuccessCallback(340)=>Cache refresh succeeded with system DNS resolver. IP count: 1
02-19 07:30:29.454  8275  8587 E msys    : E[N mns]_OnSystemDNSSuccessCallback(340)=>Cache refresh succeeded with system DNS resolver. IP count: 1
02-19 07:30:29.477  8275  8587 E msys    : E[N mns]_OnSystemDNSSuccessCallback(340)=>Cache refresh succeeded with system DNS resolver. IP count: 1
02-19 07:30:29.501  8275  8587 E msys    : E[N mns]_OnSystemDNSSuccessCallback(340)=>Cache refresh succeeded with system DNS resolver. IP count: 1
02-19 07:30:29.531  2005  4204 D SLM-SRV-SLAService: checktemp temperature = 32367 temperature_average = 31877 isPerformanceMode = false thermal_enable_slm = true
02-19 07:30:29.588  1137  2891 E CamX    : [ERROR][NCS    ] camxncsservice.cpp:1007 EnqueueJob() Can not enqueue jobs when thread is stopped
02-19 07:30:29.624 30762 30961 I MlsIntegration: Treatment for Weblab MLS_USE_PSEUDO_DEVICE_ID_ANDROID_1109242 is C_default (changed?: false)
02-19 07:30:30.286  1188  1651 I WifiHAL : event received NL80211_CMD_VENDOR, vendor_id = 0x1374, subcmd = 0xd
02-19 07:30:30.288  2115  2115 I cnss-daemon: nl80211 response handler invoked
02-19 07:30:30.288  2115  2115 I cnss-daemon: nl80211_response_handler: cmd 103, vendorID 4980, subcmd 13  received
02-19 07:30:30.788  1137  2891 E CamX    : [ERROR][NCS    ] camxncsservice.cpp:1007 EnqueueJob() Can not enqueue jobs when thread is stopped
02-19 07:30:30.990  1137  2891 E CamX    : [ERROR][NCS    ] camxncsservice.cpp:1007 EnqueueJob() Can not enqueue jobs when thread is stopped
02-19 07:30:31.035  9033  9383 I BatteryEventDispatcherImpl: [_waitingForDispatchEvent] processing BatteryEventDispatcherImpl$DispatchEvent$OnPollTimeout
02-19 07:30:31.081  2005  2335 D HeapUsage Monitor: HeapAllocSize : 151MB; monitorSize : 500MB
02-19 07:30:31.189  1137  2891 E CamX    : [ERROR][NCS    ] camxncsservice.cpp:1007 EnqueueJob() Can not enqueue jobs when thread is stopped
02-19 07:30:31.304 11546 11546 D BoundBrokerSvc: onUnbind: Intent { act=com.google.android.gms.common.telemetry.service.START dat=chimera-action:/... cmp=com.google.android.gms/.chimera.PersistentApiService }
02-19 07:30:31.389  1137  2891 E CamX    : [ERROR][NCS    ] camxncsservice.cpp:1007 EnqueueJob() Can not enqueue jobs when thread is stopped
02-19 07:30:31.588  1137  2891 E CamX    : [ERROR][NCS    ] camxncsservice.cpp:1007 EnqueueJob() Can not enqueue jobs when thread is stopped
02-19 07:30:31.987  1137  2891 E CamX    : [ERROR][NCS    ] camxncsservice.cpp:1007 EnqueueJob() Can not enqueue jobs when thread is stopped
02-19 07:30:32.125  2005  2343 I ABTestHelper: experiments: {}
02-19 07:30:32.162 14501 14501 W libc    : Access denied finding property "ro.vendor.audio.zoom.support"
02-19 07:30:32.157 14501 14501 W app_process: type=1400 audit(0.0:1912867): avc:  denied  { read } for  name="u:object_r:vendor_audio_prop:s0" dev="tmpfs" ino=13223 scontext=u:r:shell:s0 tcontext=u:object_r:vendor_audio_prop:s0 tclass=file permissive=0
02-19 07:30:32.161 14501 14501 W app_process: type=1400 audit(0.0:1912868): avc:  denied  { read } for  name="u:object_r:vendor_audio_prop:s0" dev="tmpfs" ino=13223 scontext=u:r:shell:s0 tcontext=u:object_r:vendor_audio_prop:s0 tclass=file permissive=0
02-19 07:30:32.166 14501 14501 W libc    : Access denied finding property "ro.vendor.audio.zoom.support"
02-19 07:30:32.168 14501 14501 W libc    : Access denied finding property "ro.vendor.audio.zoom.support"
02-19 07:30:32.169 14501 14501 W libc    : Access denied finding property "ro.vendor.audio.zoom.support"
02-19 07:30:32.169 14501 14501 W libc    : Access denied finding property "ro.vendor.audio.zoom.support"
02-19 07:30:32.165 14501 14501 W app_process: type=1400 audit(0.0:1912869): avc:  denied  { read } for  name="u:object_r:vendor_audio_prop:s0" dev="tmpfs" ino=13223 scontext=u:r:shell:s0 tcontext=u:object_r:vendor_audio_prop:s0 tclass=file permissive=0
02-19 07:30:32.165 14501 14501 W app_process: type=1400 audit(0.0:1912870): avc:  denied  { read } for  name="u:object_r:vendor_audio_prop:s0" dev="tmpfs" ino=13223 scontext=u:r:shell:s0 tcontext=u:object_r:vendor_audio_prop:s0 tclass=file permissive=0
02-19 07:30:32.165 14501 14501 W app_process: type=1400 audit(0.0:1912871): avc:  denied  { read } for  name="u:object_r:vendor_audio_prop:s0" dev="tmpfs" ino=13223 scontext=u:r:shell:s0 tcontext=u:object_r:vendor_audio_prop:s0 tclass=file permissive=0
02-19 07:30:32.174 14501 14501 D AndroidRuntime: >>>>>> START com.android.internal.os.RuntimeInit uid 2000 <<<<<<
02-19 07:30:32.206 14501 14501 I AndroidRuntime: Using default boot image
02-19 07:30:32.206 14501 14501 I AndroidRuntime: Leaving lock profiling enabled
02-19 07:30:32.214 14501 14501 I app_process: Using CollectorTypeCC GC.
02-19 07:30:32.291  2115  2115 I cnss-daemon: nl80211 response handler invoked
02-19 07:30:32.291  2115  2115 I cnss-daemon: nl80211_response_handler: cmd 103, vendorID 4980, subcmd 13  received
02-19 07:30:32.292  1188  1651 I WifiHAL : event received NL80211_CMD_VENDOR, vendor_id = 0x1374, subcmd = 0xd
02-19 07:30:32.430 14501 14501 D nativeloader: InitDefaultPublicLibraries for_preload=1: libandroid.so:libaaudio.so:libamidi.so:libbinder_ndk.so:libc.so:libcamera2ndk.so:libdl.so:libEGL.so:libGLESv1_CM.so:libGLESv2.so:libGLESv3.so:libicu.so:libicui18n.so:libicuuc.so:libjnigraphics.so:liblog.so:libmediandk.so:libm.so:libnativehelper.so:libnativewindow.so:libOpenMAXAL.so:libOpenSLES.so:libRS.so:libstdc++.so:libsync.so:libvulkan.so:libwebviewchromium_plat_support.so:libz.so
02-19 07:30:32.476 14501 14501 D nativeloader: Load libicu_jni.so using APEX ns com_android_art for caller /apex/com.android.art/javalib/core-oj.jar: ok
02-19 07:30:32.479 14501 14501 D app_process: Time zone APEX ICU file found: /apex/com.android.tzdata/etc/icu/icu_tzdata.dat
02-19 07:30:32.481 14501 14501 D app_process: I18n APEX ICU file found: /apex/com.android.i18n/etc/icu/icudt72l.dat
02-19 07:30:32.493 14501 14501 D nativeloader: Load libjavacore.so using APEX ns com_android_art for caller /apex/com.android.art/javalib/core-oj.jar: ok
02-19 07:30:32.497 14501 14501 D nativeloader: Load libopenjdk.so using APEX ns com_android_art for caller /apex/com.android.art/javalib/core-oj.jar: ok
02-19 07:30:32.521 14501 14501 I app_process: Priority-to-niceness mapping: 19, 16, 13, 10, 0, -2, -4, -5, -6, -8
02-19 07:30:32.603  2005  2343 W ProcessStats: Tracking association SourceState{c53b998 com.google.android.gms.persistent/99910139 Service #1495139} whose proc state 8 is better than process ProcessState{89c89ad com.google.android.adservices.api/10242 pkg=com.google.android.adservices.api} proc state 14 (194 skipped)
02-19 07:30:32.641 14501 14501 W main    : type=1400 audit(0.0:1912872): avc:  denied  { read } for  name="u:object_r:build_attestation_prop:s0" dev="tmpfs" ino=12968 scontext=u:r:shell:s0 tcontext=u:object_r:build_attestation_prop:s0 tclass=file permissive=0
02-19 07:30:32.645 14501 14501 W libc    : Access denied finding property "ro.product.name_for_attestation"
02-19 07:30:32.641 14501 14501 W main    : type=1400 audit(0.0:1912873): avc:  denied  { read } for  name="u:object_r:build_attestation_prop:s0" dev="tmpfs" ino=12968 scontext=u:r:shell:s0 tcontext=u:object_r:build_attestation_prop:s0 tclass=file permissive=0
02-19 07:30:32.641 14501 14501 W main    : type=1400 audit(0.0:1912874): avc:  denied  { read } for  name="u:object_r:build_attestation_prop:s0" dev="tmpfs" ino=12968 scontext=u:r:shell:s0 tcontext=u:object_r:build_attestation_prop:s0 tclass=file permissive=0
02-19 07:30:32.645 14501 14501 W libc    : Access denied finding property "ro.product.device_for_attestation"
02-19 07:30:32.645 14501 14501 W libc    : Access denied finding property "ro.product.manufacturer_for_attestation"
02-19 07:30:32.645 14501 14501 W libc    : Access denied finding property "ro.product.brand_for_attestation"
02-19 07:30:32.645 14501 14501 W libc    : Access denied finding property "ro.product.model_for_attestation"
02-19 07:30:32.641 14501 14501 W main    : type=1400 audit(0.0:1912875): avc:  denied  { read } for  name="u:object_r:build_attestation_prop:s0" dev="tmpfs" ino=12968 scontext=u:r:shell:s0 tcontext=u:object_r:build_attestation_prop:s0 tclass=file permissive=0
02-19 07:30:32.648 14501 14501 W libc    : Access denied finding property "ro.vendor.mi_fake_32bit_support"
02-19 07:30:32.652 14501 14501 D nativeloader: Load libframework-connectivity-tiramisu-jni.so using APEX ns com_android_tethering for caller /apex/com.android.tethering/javalib/framework-connectivity-t.jar: ok
02-19 07:30:32.653 14501 14501 D AndroidRuntime: Calling main entry com.android.commands.monkey.Monkey
02-19 07:30:32.655 14501 14501 W Monkey  : args: [-p, com.ezanvakti, -c, android.intent.category.LAUNCHER, 1]
02-19 07:30:32.656 14501 14501 W Monkey  :  arg: "-p"
02-19 07:30:32.656 14501 14501 W Monkey  :  arg: "com.ezanvakti"
02-19 07:30:32.656 14501 14501 W Monkey  :  arg: "-c"
02-19 07:30:32.656 14501 14501 W Monkey  :  arg: "android.intent.category.LAUNCHER"
02-19 07:30:32.656 14501 14501 W Monkey  :  arg: "1"
02-19 07:30:32.657 14501 14501 W Monkey  : data="com.ezanvakti"
02-19 07:30:32.657 14501 14501 W Monkey  : data="android.intent.category.LAUNCHER"
02-19 07:30:32.734 14501 14501 W MiuiStubRegistry: Failed to collect stub providers in com.miui.autoui.MIUIAutoUIStub$$: /system_ext/framework/miui-framework.autoui.jar not exist
02-19 07:30:32.735 14501 14501 W MiuiStubRegistry: Failed to collect stub providers in android.hovermode.MiuiHoverModeStub$$: /system_ext/framework/miui-framework.hovermode.jar not exist
02-19 07:30:32.735 14501 14501 W MiuiFrameworkImpl: MiuiFrameworkImpl already collected
02-19 07:30:32.752  2005  4369 D ATMSImpl: setActivityController callingUid:2000 control=true
02-19 07:30:32.754  2005  4369 W ActivityManager: registerReceiverWithFeature: no app for null
02-19 07:30:32.825  2005  4369 W XSpaceManagerServiceImpl: checkXSpaceControl, from:com.android.shell, to:com.ezanvakti, with act:android.intent.action.MAIN, callingUserId:0, toUserId:0
02-19 07:30:32.825  2005  4369 W ActivityTaskManager: callingPackage for (uid=2000, pid=14501) has no WPC
02-19 07:30:32.827  2005  4369 D WindowManager: Collecting in transition 5749: ActivityRecord{e253ca0 u0 com.ezanvakti/.MainActivity init visibleRequested:false
02-19 07:30:32.827  2005  2329 E NativeTurboSchedManagerJni: open /dev/metis failed!
02-19 07:30:32.828  2005  4369 D MiuiFreeFormManagerService: activeOrFullscreenFreeformTaskIfNeed startDefaultAr:true
02-19 07:30:32.828  2005  4369 D MiuiFreeFormManagerService: onStartActivityInner as = Task{a0fd574 #887 type=standard A=10795:com.ezanvakti} op = null
02-19 07:30:32.828  2005  4369 D WindowManager: setLockTaskAuth: task=Task{a0fd574 #887 type=standard A=10795:com.ezanvakti} mLockTaskAuth=LOCK_TASK_AUTH_PINNABLE
02-19 07:30:32.829  2005  4369 I ActivityTaskManager: resumeTopActivityInnerLocked topActivity:ActivityRecord{7ca0c86 u0 com.ezanvakti/.MainActivity t887} isFocusable:true this:Task{a0fd574 #887 type=standard A=10795:com.ezanvakti}
02-19 07:30:32.829  2005  4369 D PerfStubImpl: perfWarmLaunchBoost: com.ezanvakti, -1, 2
02-19 07:30:32.829  1234  1234 E vendor.qti.hardware.perf@2.2-service: Unknown params
02-19 07:30:32.830  1234  1234 E vendor.qti.hardware.perf@2.2-service: Unknown params
02-19 07:30:32.830  1234  1234 E ANDR-PERF-MPCTL:  return repeat opt = perf_lock_acq: client_pid=2005, client_tid=4369, inupt handle=0, duration=400 ms, num_args=28, list=0x40C00000 0x1 0x40804000 0xFFF 0x40804100 0xFFF 0x40804200 0xFFF 0x40800000 0x840 0x40800100 0xFFF 0x40800200 0x94C 0x41818000 0xFF 0x41800000 0xFF 0x40400000 0x1 0x42C10000 0x1 0x43430100 0x28C5 0x43400000 0xFFFF 0x4281C000 0x7D0 
02-19 07:30:32.830  2005  4369 D WindowManager: Collecting in transition 5749: ActivityRecord{7ca0c86 u0 com.ezanvakti/.MainActivity t887} init visibleRequested:false
02-19 07:30:32.831  2005  4369 D WindowManagerService: checkFlipFullScreenChange is same, nowIsFullScreen = false
02-19 07:30:32.831  2005  4369 D WindowManager: Collecting in transition 5749: ActivityRecord{7ca0c86 u0 com.ezanvakti/.MainActivity t887} init visibleRequested:true
02-19 07:30:32.832  2005  4369 D WindowManager: Collecting in transition 5749: ActivityRecord{7ca0c86 u0 com.ezanvakti/.MainActivity t887} init visibleRequested:false
02-19 07:30:32.833  4171  4318 D MiuiFullScreenTaskRepository: setFocusedTask taskId=887, displayId=0, topActivity=ComponentInfo{com.ezanvakti/com.ezanvakti.MainActivity}
02-19 07:30:32.833  9807  9807 I ForceDarkHelperStubImpl: setViewRootImplForceDark: false for com.ezanvakti.MainActivity@7597faa, reason: AppDarkModeEnable
02-19 07:30:32.833  4171  4318 D MiuiFullScreenTaskRepository: addOrUpdateFullScreenTaskInfo taskId=887, topActivity=ComponentInfo{com.ezanvakti/com.ezanvakti.MainActivity}
02-19 07:30:32.840  2005  4369 D WindowManager: Collecting in transition 5749: ActivityRecord{7ca0c86 u0 com.ezanvakti/.MainActivity t887} init visibleRequested:true
02-19 07:30:32.841  2005  4369 D ActivityTrigger: ActivityTrigger activityPauseTrigger 
02-19 07:30:32.841  1234  1234 E vendor.qti.hardware.perf@2.2-service: Unknown params
02-19 07:30:32.842  2005  4369 D WindowManager: Requesting StartTransition: TransitionRecord{213c059 id=5749 type=OPEN flags=0x0}
02-19 07:30:32.844  4171  4318 E NativeTurboSchedManagerJni: open /dev/metis failed!
02-19 07:30:32.844  4171  4318 E NativeTurboSchedManagerJni: open /dev/metis failed!
02-19 07:30:32.845  4171  4318 I SoScUtils: monitorTransitionRequest mRequestOpenTransition:null mRequestOpenTriggerTask:-1 mRequestCloseTransition:null mRequestCloseTriggerTask:-1 mRequestCloseStageType:-1
02-19 07:30:32.848  2005  4369 I ActivityTaskManager: START u0 {act=android.intent.action.MAIN cat=[android.intent.category.LAUNCHER] flg=0x10200000 cmp=com.ezanvakti/.MainActivity} with LAUNCH_SINGLE_TASK from uid 2000 from pid 14501 callingPackage com.android.shell (BAL_ALLOW_PERMISSION) result code=3
02-19 07:30:32.849 14501 14501 I Monkey  : Events injected: 1
02-19 07:30:32.851  2005  6313 D WindowManager: Set transition=TransitionRecord{213c059 id=5749 type=OPEN flags=0x0}, ready=true, SyncId=5749 
02-19 07:30:32.851  4171  4318 E NativeTurboSchedManagerJni: open /dev/metis failed!
02-19 07:30:32.859  4171  4318 D WindowManagerShell: onActivityRestartAttempt: ComponentInfo{com.ezanvakti/com.ezanvakti.MainActivity}
02-19 07:30:32.864  2005  2329 D WindowManager: Final targets: []
02-19 07:30:32.864  2005  2329 D WindowManager: Calling onTransitionReady info={id=5749 t=OPEN f=0x40 trk=0 r=[] c=[] noAni=[false] df=[false] mk=[true]}, mToken=Token{4da341e TransitionRecord{213c059 id=5749 type=OPEN flags=0x40}}
02-19 07:30:32.865  2005  2329 I BLASTSyncEngine: finishNow: after onTransactionReady, mSyncId=5749
02-19 07:30:32.865  2005  2329 E NativeTurboSchedManagerJni: open /dev/metis failed!
02-19 07:30:32.867  4171  4318 E NativeTurboSchedManagerJni: open /dev/metis failed!
02-19 07:30:32.868  4171  4318 D SoScUtils: monitorTransitionFinished transition:android.os.BinderProxy@7c12de7 transaction: android.view.SurfaceControl$Transaction@a1a4032 mRequestCloseTransition:null mRequestOpenTransition:null mPairsOpenTransition:null mPairsOpenTransitionNull:null mRequestOpenTriggerTask:-1 mRequestCloseTriggerTask:-1 mOrientationTransition: null mMainStartingTask:-1 mSideStartingTask:-1
02-19 07:30:32.873  9807 11468 I ReactNativeJNI: Memory warning (pressure level: TRIM_MEMORY_UI_HIDDEN) received by JS VM, ignoring because it's non-severe
02-19 07:30:32.875  4171  4318 E NativeTurboSchedManagerJni: open /dev/metis failed!
02-19 07:30:32.878  2005  6313 D ATMSImpl: setActivityController callingUid:2000 control=false
02-19 07:30:32.883  9807  9807 W unknown:BridgelessReact: ReactHost{0}.onHostResume(activity)
02-19 07:30:32.883  9807  9807 W unknown:BridgelessReact: ReactContext.onHostResume()
02-19 07:30:32.885  9807  9807 W unknown:BridgelessReact: ReactHost{0}.onHostPause(activity)
02-19 07:30:32.885  9807  9807 W unknown:BridgelessReact: ReactContext.onHostPause()
02-19 07:30:32.886 10762 10762 D RecentsImpl: mActivityStateObserver com.ezanvakti.MainActivity
02-19 07:30:32.887 10762 10762 W RecentsImpl: onResumed className=com.ezanvakti.MainActivity   mIsInAnotherPro=false   isKeyguardLocked=true   mSecuritySpaceGuideShown=false
02-19 07:30:32.888 14501 14501 I Monkey  : ## Network stats: elapsed time=59ms (0ms mobile, 0ms wifi, 59ms not connected)
02-19 07:30:32.888  2005  2005 W SettingsProvider: Failed to notify for 999: content://settings/system/accelerometer_rotation
02-19 07:30:32.888  2005  2005 W SettingsProvider: java.lang.SecurityException: Failed to find provider settings for user 999; expected to find a valid ContentProvider for this authority
02-19 07:30:32.888  2005  2005 W SettingsProvider: 	at com.android.server.content.ContentService.notifyChange(ContentService.java:457)
02-19 07:30:32.888  2005  2005 W SettingsProvider: 	at android.content.ContentResolver.notifyChange(ContentResolver.java:2932)
02-19 07:30:32.888  2005  2005 W SettingsProvider: 	at android.content.ContentResolver.notifyChange(ContentResolver.java:2921)
02-19 07:30:32.888  2005  2005 W SettingsProvider: 	at android.content.ContentResolver.notifyChange(ContentResolver.java:2915)
02-19 07:30:32.888  2005  2005 W SettingsProvider: 	at com.android.providers.settings.SettingsProvider$SettingsRegistry$MyHandler.handleMessage(SettingsProvider.java:3889)
02-19 07:30:32.888  2005  2005 W SettingsProvider: 	at android.os.Handler.dispatchMessage(Handler.java:106)
02-19 07:30:32.888  2005  2005 W SettingsProvider: 	at android.os.Looper.loopOnce(Looper.java:224)
02-19 07:30:32.888  2005  2005 W SettingsProvider: 	at android.os.Looper.loop(Looper.java:318)
02-19 07:30:32.888  2005  2005 W SettingsProvider: 	at com.android.server.SystemServer.run(SystemServer.java:1052)
02-19 07:30:32.888  2005  2005 W SettingsProvider: 	at com.android.server.SystemServer.main(SystemServer.java:727)
02-19 07:30:32.888  2005  2005 W SettingsProvider: 	at java.lang.reflect.Method.invoke(Native Method)
02-19 07:30:32.888  2005  2005 W SettingsProvider: 	at com.android.internal.os.RuntimeInit$MethodAndArgsCaller.run(RuntimeInit.java:561)
02-19 07:30:32.888  2005  2005 W SettingsProvider: 	at com.android.internal.os.ZygoteInit.main(ZygoteInit.java:991)
02-19 07:30:32.889 14501 14501 I app_process: System.exit called, status: 0
02-19 07:30:32.889 14501 14501 I AndroidRuntime: VM exiting with result code 0.
02-19 07:30:32.889  4171 31135 D MiuiFreeformModeObserver: activityResumed() intent： Intent { cmp=com.ezanvakti/.MainActivity (has extras) }
02-19 07:30:32.889  4008  4709 W DynamicDDSService: appName is not found in cache: com.ezanvakti
02-19 07:30:32.894  2005  2005 W SettingsProvider: Failed to notify for 999: content://settings/system/accelerometer_rotation
02-19 07:30:32.894  2005  2005 W SettingsProvider: java.lang.SecurityException: Failed to find provider settings for user 999; expected to find a valid ContentProvider for this authority
02-19 07:30:32.894  2005  2005 W SettingsProvider: 	at com.android.server.content.ContentService.notifyChange(ContentService.java:457)
02-19 07:30:32.894  2005  2005 W SettingsProvider: 	at android.content.ContentResolver.notifyChange(ContentResolver.java:2932)
02-19 07:30:32.894  2005  2005 W SettingsProvider: 	at android.content.ContentResolver.notifyChange(ContentResolver.java:2921)
02-19 07:30:32.894  2005  2005 W SettingsProvider: 	at android.content.ContentResolver.notifyChange(ContentResolver.java:2915)
02-19 07:30:32.894  2005  2005 W SettingsProvider: 	at com.android.providers.settings.SettingsProvider$SettingsRegistry$MyHandler.handleMessage(SettingsProvider.java:3889)
02-19 07:30:32.894  2005  2005 W SettingsProvider: 	at android.os.Handler.dispatchMessage(Handler.java:106)
02-19 07:30:32.894  2005  2005 W SettingsProvider: 	at android.os.Looper.loopOnce(Looper.java:224)
02-19 07:30:32.894  2005  2005 W SettingsProvider: 	at android.os.Looper.loop(Looper.java:318)
02-19 07:30:32.894  2005  2005 W SettingsProvider: 	at com.android.server.SystemServer.run(SystemServer.java:1052)
02-19 07:30:32.894  2005  2005 W SettingsProvider: 	at com.android.server.SystemServer.main(SystemServer.java:727)
02-19 07:30:32.894  2005  2005 W SettingsProvider: 	at java.lang.reflect.Method.invoke(Native Method)
02-19 07:30:32.894  2005  2005 W SettingsProvider: 	at com.android.internal.os.RuntimeInit$MethodAndArgsCaller.run(RuntimeInit.java:561)
02-19 07:30:32.894  2005  2005 W SettingsProvider: 	at com.android.internal.os.ZygoteInit.main(ZygoteInit.java:991)
02-19 07:30:32.911  1362  1362 E CompositionEngine: [Wallpaper BBQ wrapper#54413] Invalid device requested composition type change: Client (1) --> Device (2)
02-19 07:30:32.912  1221  1660 E SDM     : HWCSession::GetClientTargetProperty: GetClinetTargetProperty interface enter
02-19 07:30:32.913  1362  1362 E Scheduler: trackPendingFrame: Invalid present fence
02-19 07:30:32.916  9807  9807 W libc    : Access denied finding property "vendor.display.enable_optimal_refresh_rate"
02-19 07:30:32.917  1362  1527 D RenderEngine: skia drawWallpaperAnim name=Wallpaper BBQ wrapper#54413,  enableWallPaperAnim=1 wallpaperAnimProcess=1.000000
02-19 07:30:32.917  1362  1527 D RenderEngine: Wallpaper-Anim: progress=1.000000 shaderName=yahei
02-19 07:30:32.918  9807 11444 E OpenGLRenderer: Unable to match the desired swap behavior.
02-19 07:30:32.921  9807  9807 D VRI[MainActivity]: vri.reportNextDraw android.view.ViewRootImpl.performTraversals:4360 android.view.ViewRootImpl.doTraversal:2989 android.view.ViewRootImpl$TraversalRunnable.run:10304 android.view.Choreographer$CallbackRecord.run:1594 android.view.Choreographer$CallbackRecord.run:1603 
02-19 07:30:32.921  9807  9807 D VRI[MainActivity]: vri.Setup new sync=wmsSync-VRI[MainActivity]#6
02-19 07:30:32.929  1362  1362 E CompositionEngine: [Wallpaper BBQ wrapper#54413] Invalid device requested composition type change: Client (1) --> Device (2)
02-19 07:30:32.929  1221  1660 E SDM     : HWCSession::GetClientTargetProperty: GetClinetTargetProperty interface enter
02-19 07:30:32.931  1362  1362 E Scheduler: trackPendingFrame: Invalid present fence
02-19 07:30:32.942  9807  9807 D VRI[MainActivity]: vri.reportDrawFinished
02-19 07:30:32.943  2005  6355 E NativeTurboSchedManagerJni: open /dev/metis failed!
02-19 07:30:32.944  1221  1660 E SDM     : HWCSession::GetClientTargetProperty: GetClinetTargetProperty interface enter
02-19 07:30:32.944  1362  1362 E CompositionEngine: [Wallpaper BBQ wrapper#54413] Invalid device requested composition type change: Client (1) --> Device (2)
02-19 07:30:32.944  2005  6355 D WindowManager: wms.finishDrawingLocked: mDrawState=COMMIT_DRAW_PENDING Window{4a1169e u0 com.ezanvakti/com.ezanvakti.MainActivity} in Surface(name=com.ezanvakti/com.ezanvakti.MainActivity#91170)/@0x8aa8f6
02-19 07:30:32.944  2005  6355 E NativeTurboSchedManagerJni: open /dev/metis failed!
02-19 07:30:32.945  1362  1362 E Scheduler: trackPendingFrame: Invalid present fence
02-19 07:30:32.958  1362  1362 W Layer   : gatherBufferInfo: Received unknown dataspace from gralloc
02-19 07:30:32.962  1221  1660 E SDM     : HWCSession::GetClientTargetProperty: GetClinetTargetProperty interface enter
02-19 07:30:32.962  1362  1362 E CompositionEngine: [Wallpaper BBQ wrapper#54413] Invalid device requested composition type change: Client (1) --> Device (2)
02-19 07:30:32.963  1362  1362 E Scheduler: trackPendingFrame: Invalid present fence
02-19 07:30:32.964  1362  1524 I BpBinder: onLastStrongRef automatically unlinking death recipients: 
02-19 07:30:32.978  1362  1362 E CompositionEngine: [Wallpaper BBQ wrapper#54413] Invalid device requested composition type change: Client (1) --> Device (2)
02-19 07:30:32.978  1221  1660 E SDM     : HWCSession::GetClientTargetProperty: GetClinetTargetProperty interface enter
02-19 07:30:32.979  1362  1362 E Scheduler: trackPendingFrame: Invalid present fence
02-19 07:30:32.993 10762 15394 D RecentsModel: onTaskStackChangedBackground
02-19 07:30:32.993 10762 15962 D RecentsModel: onTaskStackChangedBackground    MSG_TASK_STACK_CHANGE
02-19 07:30:32.993 10762 15962 D RecentsModel: preloadRecents
02-19 07:30:32.993 10762 15962 W RecentsModel: getRunningTask
02-19 07:30:32.995  8652 15504 I SCTaskStackListener: onTaskStackChanged! inSplit = false
02-19 07:30:32.997 10762 15394 D RecentsModel: onTaskStackChangedBackground
02-19 07:30:32.997 10762 15394 D EventBus: No subscribers registered for event class com.miui.home.recents.messages.RecentTasksChangedEvent
02-19 07:30:32.997 10762 15394 D EventBus: No subscribers registered for event class org.greenrobot.eventbus.NoSubscriberEvent
02-19 07:30:32.997  1362  1362 E CompositionEngine: [Wallpaper BBQ wrapper#54413] Invalid device requested composition type change: Client (1) --> Device (2)
02-19 07:30:32.997 10762 15962 W RecentsModel: getRunningTask   taskInfo=TaskInfo{userId=0 taskId=887 displayId=0 isRunning=true baseIntent=Intent { act=android.intent.action.MAIN cat=[android.intent.category.LAUNCHER] flg=0x10000000 pkg=com.ezanvakti cmp=com.ezanvakti/.MainActivity } baseActivity=ComponentInfo{com.ezanvakti/com.ezanvakti.MainActivity} topActivity=ComponentInfo{com.ezanvakti/com.ezanvakti.MainActivity} origActivity=null realActivity=ComponentInfo{com.ezanvakti/com.ezanvakti.MainActivity} numActivities=1 lastActiveTime=754567719 supportsSplitScreenMultiWindow=true supportsMultiWindow=true resizeMode=1 isResizeable=true minWidth=-1 minHeight=-1 defaultMinSize=200 token=WCT{android.window.IWindowContainerToken$Stub$Proxy@14d80a7} topActivityType=1 pictureInPictureParams=null shouldDockBigOverlays=false launchIntoPipHostTaskId=-1 lastParentTaskIdBeforePip=-1 displayCutoutSafeInsets=Rect(0, 84 - 0, 0) topActivityInfo=ActivityInfo{35cd954 com.ezanvakti.MainActivity} launchCookies=[] positionInParent=Point(0, 0) parentTaskId=-1 isFocused=true isVisible=false isVisibleRequested=false isSleeping=true topActivityInSizeCompat=false topActivityInMiuiSizeCompat=false topActivityEligibleForLetterboxEducation= false topActivityLetterboxed= false isFromDoubleTap= false topActivityLetterboxVerticalPosition= -1 topActivityLetterboxHorizontalPosition= -1 topActivityLetterboxWidth=-1 topActivityLetterboxHeight=-1 locusId=null displayAreaFeatureId=1 cameraCompatControlState=hidden mIsCastMode=false mTopActivityMediaSize=null mTopActivityRecordName=ActivityRecord{7ca0c86 u0 com.ezanvakti/.MainActivity t887} mTopActivityOrientation=-2 mTopActivityWindowIsNowVisible=false isTranslucent=false isEmbedded=false shouldBeVisible=true mBehindAppLockPkg=null mOriginatingUid=0}
02-19 07:30:32.997 10762 15962 W RecentsModel: getTaskInfoIgnoreHomeAndFreeform   taskInfo=ComponentInfo{com.ezanvakti/com.ezanvakti.MainActivity}
02-19 07:30:32.997 10762 15962 D ActivityManagerWrapper: getTaskId :887
02-19 07:30:32.998  1221  1660 E SDM     : HWCSession::GetClientTargetProperty: GetClinetTargetProperty interface enter
02-19 07:30:32.998  8652 11616 I SCTaskStackListener: onTaskStackChanged! inSplit = false
02-19 07:30:32.999 10762 15962 E ActivityManagerWrapper: get all recent tasks force including 887
02-19 07:30:32.999  1362  1362 E Scheduler: trackPendingFrame: Invalid present fence
02-19 07:30:33.003 10762 15962 E ActivityManagerWrapper: getRecentTasks: size=3
02-19 07:30:33.003 10762 15962 E ActivityManagerWrapper: getRecentTasks: mainTaskId=887   userId=0   windowMode=1   baseIntent=Intent { act=android.intent.action.MAIN flag=268435456 cmp=ComponentInfo{com.ezanvakti/com.ezanvakti.MainActivity} }
02-19 07:30:33.004 10762 15962 E ActivityManagerWrapper: getRecentTasks: mainTaskId=886   userId=0   windowMode=1   baseIntent=Intent { act=null flag=411041792 cmp=ComponentInfo{com.miui.global.packageinstaller/com.miui.global.packageinstaller.activity.ScanActivity} }
02-19 07:30:33.004 10762 15962 E ActivityManagerWrapper: getRecentTasks: mainTaskId=884   userId=0   windowMode=1   baseIntent=Intent { act=android.intent.action.MAIN flag=270532608 cmp=ComponentInfo{org.telegram.messenger/org.telegram.messenger.DefaultIcon} }
02-19 07:30:33.009 10762 15962 D RecentsModel: onTaskStackChangedBackground    MSG_TASK_STACK_CHANGE
02-19 07:30:33.009 10762 15962 D RecentsModel: preloadRecents
02-19 07:30:33.010 10762 15962 W RecentsModel: getRunningTask
02-19 07:30:33.011 10762 15962 W RecentsModel: getRunningTask   taskInfo=TaskInfo{userId=0 taskId=887 displayId=0 isRunning=true baseIntent=Intent { act=android.intent.action.MAIN cat=[android.intent.category.LAUNCHER] flg=0x10000000 pkg=com.ezanvakti cmp=com.ezanvakti/.MainActivity } baseActivity=ComponentInfo{com.ezanvakti/com.ezanvakti.MainActivity} topActivity=ComponentInfo{com.ezanvakti/com.ezanvakti.MainActivity} origActivity=null realActivity=ComponentInfo{com.ezanvakti/com.ezanvakti.MainActivity} numActivities=1 lastActiveTime=754567719 supportsSplitScreenMultiWindow=true supportsMultiWindow=true resizeMode=1 isResizeable=true minWidth=-1 minHeight=-1 defaultMinSize=200 token=WCT{android.window.IWindowContainerToken$Stub$Proxy@1bdfff9} topActivityType=1 pictureInPictureParams=null shouldDockBigOverlays=false launchIntoPipHostTaskId=-1 lastParentTaskIdBeforePip=-1 displayCutoutSafeInsets=Rect(0, 84 - 0, 0) topActivityInfo=ActivityInfo{57a0b3e com.ezanvakti.MainActivity} launchCookies=[] positionInParent=Point(0, 0) parentTaskId=-1 isFocused=true isVisible=false isVisibleRequested=false isSleeping=true topActivityInSizeCompat=false topActivityInMiuiSizeCompat=false topActivityEligibleForLetterboxEducation= false topActivityLetterboxed= false isFromDoubleTap= false topActivityLetterboxVerticalPosition= -1 topActivityLetterboxHorizontalPosition= -1 topActivityLetterboxWidth=-1 topActivityLetterboxHeight=-1 locusId=null displayAreaFeatureId=1 cameraCompatControlState=hidden mIsCastMode=false mTopActivityMediaSize=null mTopActivityRecordName=ActivityRecord{7ca0c86 u0 com.ezanvakti/.MainActivity t887} mTopActivityOrientation=-2 mTopActivityWindowIsNowVisible=false isTranslucent=false isEmbedded=false shouldBeVisible=true mBehindAppLockPkg=null mOriginatingUid=0}
02-19 07:30:33.011 10762 15962 W RecentsModel: getTaskInfoIgnoreHomeAndFreeform   taskInfo=ComponentInfo{com.ezanvakti/com.ezanvakti.MainActivity}
02-19 07:30:33.011 10762 15962 D ActivityManagerWrapper: getTaskId :887
02-19 07:30:33.011 10762 15962 E ActivityManagerWrapper: get all recent tasks force including 887
02-19 07:30:33.014 10762 15962 E ActivityManagerWrapper: getRecentTasks: size=3
02-19 07:30:33.014 10762 15962 E ActivityManagerWrapper: getRecentTasks: mainTaskId=887   userId=0   windowMode=1   baseIntent=Intent { act=android.intent.action.MAIN flag=268435456 cmp=ComponentInfo{com.ezanvakti/com.ezanvakti.MainActivity} }
02-19 07:30:33.014 10762 15962 E ActivityManagerWrapper: getRecentTasks: mainTaskId=886   userId=0   windowMode=1   baseIntent=Intent { act=null flag=411041792 cmp=ComponentInfo{com.miui.global.packageinstaller/com.miui.global.packageinstaller.activity.ScanActivity} }
02-19 07:30:33.014 10762 15962 E ActivityManagerWrapper: getRecentTasks: mainTaskId=884   userId=0   windowMode=1   baseIntent=Intent { act=android.intent.action.MAIN flag=270532608 cmp=ComponentInfo{org.telegram.messenger/org.telegram.messenger.DefaultIcon} }
02-19 07:30:33.121  1362  1527 D RenderEngine: skia drawWallpaperAnim name=Wallpaper BBQ wrapper#54413,  enableWallPaperAnim=1 wallpaperAnimProcess=1.000000
02-19 07:30:33.121  1362  1527 D RenderEngine: Wallpaper-Anim: progress=1.000000 shaderName=yahei
02-19 07:30:34.300  1188  1651 I WifiHAL : event received NL80211_CMD_VENDOR, vendor_id = 0x1374, subcmd = 0xd
02-19 07:30:34.301  2115  2115 I cnss-daemon: nl80211 response handler invoked
02-19 07:30:34.301  2115  2115 I cnss-daemon: nl80211_response_handler: cmd 103, vendorID 4980, subcmd 13  received
02-19 07:30:34.341  2005  4369 D FileUtils: Rounded bytes from 7570821120 to 8000000000
02-19 07:30:34.388  1137  2891 E CamX    : [ERROR][NCS    ] camxncsservice.cpp:1007 EnqueueJob() Can not enqueue jobs when thread is stopped
02-19 07:30:34.460  2005  6355 D CompatibilityChangeReporter: Compat change id reported: 241766793; UID 1000; state: DISABLED
02-19 07:30:34.475  2005  6355 D CompatibilityChangeReporter: Compat change id reported: 135634846; UID 1000; state: DISABLED
02-19 07:30:34.475  2005  6355 D CompatibilityChangeReporter: Compat change id reported: 177438394; UID 1000; state: DISABLED
02-19 07:30:34.475  2005  6355 D CompatibilityChangeReporter: Compat change id reported: 135772972; UID 1000; state: DISABLED
02-19 07:30:34.476  2005  6355 D CompatibilityChangeReporter: Compat change id reported: 135754954; UID 1000; state: ENABLED
02-19 07:30:34.509   972   972 D Zygote  : Forked child process 14520
02-19 07:30:34.519  2005  2349 I ActivityManager: Start proc 14520:com.miui.screenrecorder/1000 for service {com.miui.screenrecorder/com.miui.screenrecorder.service.QuickService} caller=com.android.systemui
02-19 07:30:34.522 14520 14520 E Zygote  : process_name_ptr:14520 com.miui.screenrecorder
02-19 07:30:34.534 14520 14520 I .screenrecorder: Using CollectorTypeCC GC.
02-19 07:30:34.546 14520 14520 D nativeloader: Load libframework-connectivity-tiramisu-jni.so using APEX ns com_android_tethering for caller /apex/com.android.tethering/javalib/framework-connectivity-t.jar: ok
02-19 07:30:34.552 14520 14520 I MessageMonitor: Load libmiui_runtime
02-19 07:30:34.563  2005  6355 D SymlinkUtils: attachApplication file op go pass: 5 ms
02-19 07:30:34.566  2005  6355 I SmartPower: com.miui.screenrecorder/1000(14520): died->invisible(3253636ms) R(process start ) adj=-10000.
02-19 07:30:34.573  2005  6355 D CompatibilityChangeReporter: Compat change id reported: 168419799; UID 1000; state: DISABLED
02-19 07:30:34.574  2005  6355 D CompatibilityChangeReporter: Compat change id reported: 273564678; UID 1000; state: DISABLED
02-19 07:30:34.574  2005  6355 D CompatibilityInfo: mCompatibilityFlags - 0
02-19 07:30:34.574  2005  6355 D CompatibilityInfo: applicationDensity - 440
02-19 07:30:34.574  2005  6355 D CompatibilityInfo: applicationScale - 1.0
02-19 07:30:34.582  2005  6355 D CompatibilityChangeReporter: Compat change id reported: 261072174; UID 1000; state: ENABLED
02-19 07:30:34.587 14520 14520 D CompatibilityChangeReporter: Compat change id reported: 171979766; UID 1000; state: ENABLED
02-19 07:30:34.587 14520 14520 D CompatibilityChangeReporter: Compat change id reported: 242716250; UID 1000; state: DISABLED
02-19 07:30:34.588  1137  2891 E CamX    : [ERROR][NCS    ] camxncsservice.cpp:1007 EnqueueJob() Can not enqueue jobs when thread is stopped
02-19 07:30:34.617 14520 14520 D nativeloader: Configuring clns-4 for other apk /data/app/MIUIScreenRecorderLiteGlobal/base.apk. target_sdk_version=33, uses_libraries=, library_path=/data/app/MIUIScreenRecorderLiteGlobal/lib/arm64:/data/app/MIUIScreenRecorderLiteGlobal/base.apk!/lib/arm64-v8a, permitted_path=/data:/mnt/expand:/data/user/0/com.miui.screenrecorder
02-19 07:30:34.645 14520 14520 D nativeloader: Load libframework-connectivity-jni.so using APEX ns com_android_tethering for caller /apex/com.android.tethering/javalib/framework-connectivity.jar: ok
02-19 07:30:34.648 14520 14520 I Perf    : Connecting to perf service.
02-19 07:30:34.656 14520 14520 V GraphicsEnvironment: Currently set values for:
02-19 07:30:34.656 14520 14520 V GraphicsEnvironment:   angle_gl_driver_selection_pkgs=[]
02-19 07:30:34.656 14520 14520 V GraphicsEnvironment:   angle_gl_driver_selection_values=[]
02-19 07:30:34.656 14520 14520 V GraphicsEnvironment: ANGLE GameManagerService for com.miui.screenrecorder: false
02-19 07:30:34.656 14520 14520 V GraphicsEnvironment: com.miui.screenrecorder is not listed in per-application setting
02-19 07:30:34.656 14520 14520 V GraphicsEnvironment: App is not on the allowlist for updatable production driver.
02-19 07:30:34.658  2005  2989 W ActivityManagerServiceImpl: Sending non-protected broadcast miui.intent.action.CYCLE_CHECK from system uid 1000 pkg android. Callers=com.android.server.am.ActivityManagerService.checkBroadcastFromSystem:15112 com.android.server.am.ActivityManagerService.broadcastIntentLockedTraced:15942 com.android.server.am.ActivityManagerService.broadcastIntentLocked:15170 com.android.server.am.ActivityManagerService.broadcastIntentInPackage:16175 com.android.server.am.ActivityManagerService$LocalService.broadcastIntentInPackage:18921 
02-19 07:30:34.658  2005  2989 D AlarmManager: mBroadcastRefCount -> 1
02-19 07:30:34.662 14520 14520 I ForceDarkHelperStubImpl: initialize for com.miui.screenrecorder , ForceDarkOrigin
02-19 07:30:34.665 14520 14520 D nativeloader: Load libforcedarkimpl.so using system ns (caller=/system_ext/framework/miui-framework.jar): ok
02-19 07:30:34.665 14520 14520 D OpenGLRenderer: JNI_OnLoad success
02-19 07:30:34.665 14520 14520 I MiuiForceDarkConfig: setConfig density:2.750000, mainRule:0, secondaryRule:0, tertiaryRule:0
02-19 07:30:34.667 14520 14520 D ScreenRecorderProvider: onCreate provider
02-19 07:30:34.678  2005  2005 D CompatibilityChangeReporter: Compat change id reported: 171306433; UID 1000; state: ENABLED
02-19 07:30:34.678  2005  2005 D CompatibilityChangeReporter: Compat change id reported: 218533173; UID 1000; state: ENABLED
02-19 07:30:34.682  2005  2005 D AlarmManager: mBroadcastRefCount -> 0
02-19 07:30:34.682  2005  2005 D AlarmManager: mPendingIntent -> PendingIntent{6b32597: PendingIntentRecord{9853384 android broadcastIntent}}
02-19 07:30:34.684  2005  2092 I android_os_HwBinder: HwBinder: Starting thread pool for getting: vendor.xiaomi.hardware.micharge@1.0::IMiCharge/default
02-19 07:30:34.686 14520 14520 D AutoDensity: autodensity debugEnable = 
02-19 07:30:34.688  2005  6355 I ClipboardServiceI: checkProviderWakePathForClipboard: primaryClip is null
02-19 07:30:34.692  1272  1272 I vendor.xiaomi.hardware.micharge@1.0-service: ReadFilePathValue path = /sys/class/power_supply/battery/temp value = 290
02-19 07:30:34.694  2005  6355 I ActivityManager: Flag disabled. Ignoring finishAttachApplication from uid: 1000. pid: 14520
02-19 07:30:34.695  2005  2092 I android_os_HwBinder: HwBinder: Starting thread pool for getting: vendor.xiaomi.hardware.micharge@1.0::IMiCharge/default
02-19 07:30:34.696  1272  1272 I vendor.xiaomi.hardware.micharge@1.0-service: ReadFilePathValue path = /sys/class/power_supply/battery/charge_control_limit value = 0
02-19 07:30:34.698 14520 14520 D QuickService: onBind success
02-19 07:30:35.022  1137  2891 E CamX    : [ERROR][NCS    ] camxncsservice.cpp:1007 EnqueueJob() Can not enqueue jobs when thread is stopped
02-19 07:30:35.022  1137  2891 E CamX    : [ERROR][NCS    ] camxncsintfqsee.cpp:2340 SensorCallback() Invalid sensor index -1
02-19 07:30:35.025  1137  2891 E CamX    : [ERROR][NCS    ] camxncsservice.cpp:1007 EnqueueJob() Can not enqueue jobs when thread is stopped
02-19 07:30:35.025  1137  2891 E CamX    : [ERROR][NCS    ] camxncsintfqsee.cpp:2340 SensorCallback() Invalid sensor index -1
02-19 07:30:35.025  1137  2891 E CamX    : [ERROR][NCS    ] camxncsintfqsee.cpp:2340 SensorCallback() Invalid sensor index -1
02-19 07:30:35.039  1137  2891 E CamX    : [ERROR][NCS    ] camxncsservice.cpp:1007 EnqueueJob() Can not enqueue jobs when thread is stopped
02-19 07:30:35.082  2005  3091 D system_server: [DEBUG] scanCode = 143
02-19 07:30:35.083  2005  3091 D system_server: [DEBUG] scanCode = 143
02-19 07:30:35.090  2005  3091 D system_server: [DEBUG] scanCode = 143
02-19 07:30:35.090  2005  3091 D system_server: [DEBUG] scanCode = 143
02-19 07:30:35.093  2005  3091 W MiuiInputKeyEventLog: keyCode:224 down:true eventTime:469964707 downTime:469964707 policyFlags:2000000 flags:8 metaState:0 deviceId:4 isScreenOn:false keyguardActive:true repeatCount:0
02-19 07:30:35.101  2005  3091 D WindowManager: interceptKeyTq keycode=224 interactive=false keyguardActive=true policyFlags=2000000
02-19 07:30:35.101  2005  3091 I SingleKeyGesture: Press another key KEYCODE_WAKEUP
02-19 07:30:35.118  1174  1174 I sensors-hal: batch:242, xiaomi.sensor.oem_pocket/1951, period=1000000, max_latency=0
02-19 07:30:35.118  1174  1174 I sensors-hal: set_config:68, no need to adjust sample_period_ns due to on_change_sp_enabled = 1 or reporting_mode = 2
02-19 07:30:35.118  1174  1174 I sensors-hal: batch:251, xiaomi.sensor.oem_pocket/1951, period=1000000, max_latency=0 request completed
02-19 07:30:35.119  2005  2325 I SensorService: 	>>> actuating h/w activate handle=0x79f enabled=1
02-19 07:30:35.119  1174  1174 I sensors-hal: activate:209, xiaomi.sensor.oem_pocket/1951 en=1
02-19 07:30:35.122  1174  1174 I sensors-hal: get_qmi_debug_flag:282, support_qmi_debug : false
02-19 07:30:35.136  1174  1174 I sensors-hal: send_sensor_config_request:502, dt=NonUi: convert sample_period=1000000 to batch_period=1000
02-19 07:30:35.136  1129  1476 E minksocket: MinkIPC_QRTR_Service: client with node 1 port 593f went down
02-19 07:30:35.136  1129  1476 E minksocket: MinkIPC_QRTR_Service: client with node 1 port 5940 went down
02-19 07:30:35.136  1129  1476 E minksocket: MinkIPC_QRTR_Service: client with node 1 port 5941 went down
02-19 07:30:35.136  1129  1476 E minksocket: MinkIPC_QRTR_Service: client with node 1 port 5942 went down
02-19 07:30:35.140  1174  1174 I sensors-hal: send_sync_sensor_request:364, send sync request
02-19 07:30:35.140  1174  1174 I sensors-hal: send_sync_sensor_request:390, wait for notification of response
02-19 07:30:35.142  1174 13126 E sensors-hal: ssc_conn_event_cb:662, event[0] sensor:NonUi  Wakeup, msg_id=1024, ts=14487851285511
02-19 07:30:35.142  1174 13126 E sensors-hal: handle_sns_client_event:51, nonui_event: ts=754570019210446, event=0.000000
02-19 07:30:35.143  1174 14551 I sensors-hal: ssc_conn_resp_cb:689, resp_value = 0
02-19 07:30:35.143  1174  1174 I sensors-hal: send_sync_sensor_request:396, takes 2 ms to receive the response with 0
02-19 07:30:35.143  1174 14551 I sensors-hal: handle_indication_realtime:471,  SCHED_FIFO(10) for qmi_cbk
02-19 07:30:35.143  1174  1174 I sensors-hal: activate:220, xiaomi.sensor.oem_pocket/1951 en=1 completed
02-19 07:30:35.143  1174 14551 E sensors-hal: handle_sns_client_event:60, oem_pocket_event: ts=754570019210446, event=5.000000
02-19 07:30:35.144  2005  3091 I PowerGroup: Waking up power group from Dozing (groupId=0, uid=1000, reason=WAKE_REASON_WAKE_KEY, details=android.policy:KEY)...
02-19 07:30:35.144  2005  2005 D MiuiPocketModeSensorWrapper: proximity distance: 5.0
02-19 07:30:35.144  2005  2328 D MiuiPaperContrastOverlayStubImpl: Update paper-mode, param is true
02-19 07:30:35.145  2005  3091 I PowerManagerService: Waking up from Dozing (uid=1000, reason=WAKE_REASON_WAKE_KEY, details=android.policy:KEY)...
02-19 07:30:35.145  4171 31135 I IPCThreadState: oneway function results for code 255 on binder at 0xb4000073ffe48de0 will be dropped but finished with status UNKNOWN_TRANSACTION
02-19 07:30:35.145  2005  2005 I WindowManager: Started waking up... (groupId=0 why=ON_BECAUSE_OF_USER)
02-19 07:30:35.146  2005  2005 D MiuiScreenOnProximityLock: aquire
02-19 07:30:35.146  1362  1733 D RefreshRateSelector: Touch Boost
02-19 07:30:35.147  1362  1733 D MI-SF   : mIsSupportAutomodeForMaxFpsSetting is 0(0), getCurrentBrightness() = 0(653), mIsKeepAutoMode 0
02-19 07:30:35.147  1362  1733 D RefreshRateSelector: fixedMode_group: 0, isFindModeGroup 0
02-19 07:30:35.147  1362  1733 D RefreshRateSelector: find max refresh rate:60, mode Group:0
02-19 07:30:35.147  4171 31135 D KeyguardService: onStartedWakingUp(6)
02-19 07:30:35.147  4171 31135 D KeyguardViewMediator: onStartedWakingUp, seq = 904, mPowerGestureIntercepted = false
02-19 07:30:35.147  4171 31135 D KeyguardViewMediator: notifyStartedWakingUp
02-19 07:30:35.148  4171  4171 D KeyguardViewMediator: handleNotifyWakingUp
02-19 07:30:35.149  2005  2328 I SensorService: 	>>> actuating h/w activate handle=0x79f enabled=0
02-19 07:30:35.149  1174  1174 I sensors-hal: activate:209, xiaomi.sensor.oem_pocket/1951 en=0
02-19 07:30:35.150  2005  2357 D BatteryStatsManagerStub: notifyEvent for resId=16 used 0ms
02-19 07:30:35.150  2005  2357 D BatteryStatsImpl: noteInteractiveLocked interactive=true
02-19 07:30:35.152  1174  1174 I sensors-hal: activate:220, xiaomi.sensor.oem_pocket/1951 en=0 completed
02-19 07:30:35.153  2005  2343 I whetstone.activity: processNotifyEvent1 resId = 16, bundle = Bundle[{startTime=754570027, interactive=true}]
02-19 07:30:35.153  1129  1476 E minksocket: MinkIPC_QRTR_Service: client with node 1 port 5943 went down
02-19 07:30:35.154  9977 12893 I EventMonitor: notifyEvent resId=16
02-19 07:30:35.154  9977 12893 D SM_S_AppUsageN: notifyEvent resId=16, interactive=true
02-19 07:30:35.155  2005  2435 I DisplayPowerController[0]: Do not update brightness until screen on ready.
02-19 07:30:35.156  2005  2435 I DisplayPowerController[0]: Brightness [0.03635987] reason changing to: 'manual', previous reason: 'doze'.
02-19 07:30:35.156  2005  2435 I DisplayPowerController[0]: BrightnessEvent: disp=0, physDisp=local:4630946545580055170, brt=0.03635987, initBrt=0.0043463223, rcmdBrt=NaN, preBrt=NaN, lux=0.0, preLux=0.0, hbmMax=0.4998779, hbmMode=off, rbcStrength=50, thrmMax=1.0, powerFactor=1.0, wasShortTermModelActive=false, flags=, reason=manual, autoBrightness=false, strategy=
02-19 07:30:35.157  4171  4171 D MiuiFaceManager: inernational:true supportR:[ALL] nowR:TR
02-19 07:30:35.157  4171  4171 D MiuiFaceManager: inernational:true supportR:[ALL] nowR:TR
02-19 07:30:35.159  2005  3091 W InputDispatcher: Excessive delay in interceptKeyBeforeQueueing; took 66 ms
02-19 07:30:35.159  2005  3091 W MiuiInputKeyEventLog: keyCode:224 down:false eventTime:469964707 downTime:469964707 policyFlags:22000000 flags:8 metaState:0 deviceId:4 isScreenOn:true keyguardActive:true repeatCount:0
02-19 07:30:35.161  1174  1174 I sensors-hal: batch:242, xiaomi.sensor.oem_pocket/1951, period=1000000, max_latency=0
02-19 07:30:35.161  1174  1174 I sensors-hal: set_config:68, no need to adjust sample_period_ns due to on_change_sp_enabled = 1 or reporting_mode = 2
02-19 07:30:35.161  1174  1174 I sensors-hal: batch:251, xiaomi.sensor.oem_pocket/1951, period=1000000, max_latency=0 request completed
02-19 07:30:35.161  2005  2005 I SensorService: 	>>> actuating h/w activate handle=0x79f enabled=1
02-19 07:30:35.161  1174  1174 I sensors-hal: activate:209, xiaomi.sensor.oem_pocket/1951 en=1
02-19 07:30:35.161  1174  1174 I sensors-hal: get_qmi_debug_flag:282, support_qmi_debug : false
02-19 07:30:35.163  1129  1476 E minksocket: MinkIPC_QRTR_Service: client with node 1 port 5944 went down
02-19 07:30:35.164  1129  1476 E minksocket: MinkIPC_QRTR_Service: client with node 1 port 5945 went down
02-19 07:30:35.165  1129  1476 E minksocket: MinkIPC_QRTR_Service: client with node 1 port 5946 went down
02-19 07:30:35.166  1174  1174 I sensors-hal: send_sensor_config_request:502, dt=NonUi: convert sample_period=1000000 to batch_period=1000
02-19 07:30:35.166  1174  1174 I sensors-hal: send_sync_sensor_request:364, send sync request
02-19 07:30:35.166  1174  1174 I sensors-hal: send_sync_sensor_request:390, wait for notification of response
02-19 07:30:35.167  1129  1476 E minksocket: MinkIPC_QRTR_Service: client with node 1 port 5947 went down
02-19 07:30:35.167  2005  3461 I LocalDisplayAdapter: setDisplayState(id=4630946545580055170, state=ON)
02-19 07:30:35.167  1362  1362 D SurfaceFlinger: Setting power mode On(2) on display 4630946545580055170
02-19 07:30:35.167  1362  1362 I SurfaceFlinger: SurfaceFlingerFunctionTimer SetPowerMode int_mode:2
02-19 07:30:35.168  1174 13126 E sensors-hal: ssc_conn_event_cb:662, event[0] sensor:NonUi  Wakeup, msg_id=1024, ts=14487851779646
02-19 07:30:35.168  1362  1855 E MI-SF   : setKernelCountInfo, ioctl fail
02-19 07:30:35.168  1174 14555 I sensors-hal: ssc_conn_resp_cb:689, resp_value = 0
02-19 07:30:35.168  1174 13126 E sensors-hal: handle_sns_client_event:51, nonui_event: ts=754570044946644, event=0.000000
02-19 07:30:35.168  2005  2328 I DisplayDeviceRepository: Display device changed state: "Yerleşik Ekran", ON
02-19 07:30:35.168  1174 14555 I sensors-hal: handle_indication_realtime:471,  SCHED_FIFO(10) for qmi_cbk
02-19 07:30:35.168  1174  1174 I sensors-hal: send_sync_sensor_request:396, takes 1 ms to receive the response with 0
02-19 07:30:35.168  1174  1174 I sensors-hal: activate:220, xiaomi.sensor.oem_pocket/1951 en=1 completed
02-19 07:30:35.168  1174 14555 E sensors-hal: handle_sns_client_event:60, oem_pocket_event: ts=754570044946644, event=5.000000
02-19 07:30:35.173  2005  2005 E ActivityManager: Cancel pending or running compactions as system is awake
02-19 07:30:35.173  2005  3091 D WindowManager: interceptKeyTq keycode=224 interactive=true keyguardActive=true policyFlags=22000000
02-19 07:30:35.177 10762 10762 W Launcher: onDisplayChanged: newRotation=0, mCurrentRotation=0
02-19 07:30:35.178 10762 10762 D Launcher_UnlockAnimationStateMachine: mOldDisplayState = 4 onDisplayChange = 2
02-19 07:30:35.178  4171  4171 D miui_face: start face detect
02-19 07:30:35.178  4171  4171 D MiuiFaceManager: authenticate mServiceReceiver:android.hardware.face.MiuiFaceManager$1@163b96c
02-19 07:30:35.179  6908 20436 D miui.face.FaceService: CODE_AUTHENTICATE
02-19 07:30:35.179 10762 11601 W GestureStubView: onDisplayChanged
02-19 07:30:35.179 10762 11601 W GestureStubView: adaptRotation   currentRotation=0   mRotation=0
02-19 07:30:35.179 10762 11601 W GestureStubView: onDisplayChanged
02-19 07:30:35.179 10762 11601 W GestureStubView: adaptRotation   currentRotation=0   mRotation=0
02-19 07:30:35.180  2005  2005 D MiuiPocketModeSensorWrapper: proximity distance: 5.0
02-19 07:30:35.183  2005  2328 D MiuiPaperContrastOverlayStubImpl: Update paper-mode, param is true
02-19 07:30:35.185  8652  9440 I TrafficManageService: onReceive: android.intent.action.SCREEN_ON
02-19 07:30:35.187  2005  2005 D AppScoutStateMachine: UiThread-ScoutStateMachinecreated
02-19 07:30:35.188  1221  1660 D SDM     : HWCSession::notifyPowerModeToFingerPrint: notifyPowerModeToFingerPrint 2
02-19 07:30:35.188  1221  1660 E SDM     : HWCSession::notifyPowerModeToFingerPrint: don't support fingerprint actpower
02-19 07:30:35.193  6375  6375 E NfcService: screen state : android.intent.action.SCREEN_ON
02-19 07:30:35.194  6375  6375 D NfcService: mScreenState = 4
02-19 07:30:35.198  6908  7061 D miui.face.FaceService: authenticate, packName: com.android.systemui receiver:android.os.BinderProxy@c872230 timeout:5000 mCurrentMonitor: com.android.systemui
02-19 07:30:35.198  6908  7026 D miui.face.transplant: FaceUnlockManager setRunOutTime timeout:5000
02-19 07:30:35.198  2005  2325 D CompatibilityChangeReporter: Compat change id reported: 168419799; UID 1000; state: DISABLED
02-19 07:30:35.198  2005  2325 D CompatibilityChangeReporter: Compat change id reported: 273564678; UID 1000; state: DISABLED
02-19 07:30:35.199  5055  5055 V BluetoothAdapterService: action = android.intent.action.SCREEN_ON
02-19 07:30:35.200  5055  5055 D BluetoothAdapterService: mScreenOnBroadcastReceiver android.intent.action.SCREEN_ON
02-19 07:30:35.200  5055  5413 I BtGatt.ScanManager: msg.what = MSG_SCREEN_ON, msg.arg1 = None
02-19 07:30:35.200  5055  5413 D BtGatt.ScanManager: handleScreenOn()
02-19 07:30:35.201  5055  5413 E BluetoothUtils: isDeepDozeMode? false
02-19 07:30:35.207  5055  5413 D BtGatt.ScanManager: isAptXLowLatencyModeEnabled: false
02-19 07:30:35.208  2005  2005 D MiuiWifiService: cancelPeriodWifiScan trigger
02-19 07:30:35.209  2005  2325 I WindowManager: cancelAnimation removed leash : Surface(name=Surface(name=2db06ff StatusBar#107)/@0xd455b15 - animation-leash of insets_animation#91167)/@0xe3e350f
02-19 07:30:35.211  4171  4171 D BiometricUnlockCtrl: onBiometricRunningStateChanged running=true
02-19 07:30:35.211  2005  2325 I WindowManager: cancelAnimation removed leash : Surface(name=Surface(name=f030be3 NavigationBar0#102)/@0xce88499 - animation-leash of insets_animation#91168)/@0x8c8dfa5
02-19 07:30:35.211  5055  5055 W LeAudioService: getLeAudioService(): service is NULL
02-19 07:30:35.211  5055  5055 I BluetoothAdapterService: getActiveDevices: Headset device: null
02-19 07:30:35.213  2005  2005 V AS.AudioService: action = android.intent.action.SCREEN_ON
02-19 07:30:35.213  4171  4171 D MiuiFaceManager: inernational:true supportR:[ALL] nowR:TR
02-19 07:30:35.213  2005  2005 E AudioService.FoldAngelHelper: get fold sensor faild
02-19 07:30:35.213  2005  2005 E AudioService.FoldAngelHelper: get fold sensor faild
02-19 07:30:35.213  4171  4171 D MiuiFaceManager: inernational:true supportR:[ALL] nowR:TR
02-19 07:30:35.213  4171  4171 D MiuiFaceManager: inernational:true supportR:[ALL] nowR:TR
02-19 07:30:35.213  2005  2005 E SensorManager: sensor or listener is null
02-19 07:30:35.215 11546 11546 I NearbyDiscovery: (REDACTED) FastPairDisplayObserver: %s -> %s
02-19 07:30:35.215  2005  2325 D WindowManager: wms.Input focus has changed to Window{af7b430 u0 ScreenOnProximitySensorGuide} display=0 updateInputWindows = false
02-19 07:30:35.215  2005  2325 I MultiSenceManagerInternalStub: getInstance
02-19 07:30:35.217  5055  5055 I BluetoothAdapterService: getActiveDevices: A2DP device: null
02-19 07:30:35.217  5055  5055 I BluetoothAdapterService: BT_FAST_SCAN setPageScanIntervalFast true for Screen_On and havn't active device.
02-19 07:30:35.218 13360 13360 I lyra-system: Java_com_xiaomi_continuity_systemmonitor_ScreenMonitor_nativeNotifyScreenStatusChanged state = 1 (01121A:213)
02-19 07:30:35.218 13360 13360 I lyra-system: ScreenMonitorAndroid::NotifyOfScreenStatusChanged state: 1 (73DE5F:82)
02-19 07:30:35.221  2005  2329 D WindowManager: wms.Focus not requested for window=Window{af7b430 u0 ScreenOnProximitySensorGuide} because it has no surface or is not focusable.
02-19 07:30:35.221 13360 13436 I lyra-system: SystemEnvMonitorImpl::GetBleServerStatus ble_server_status=0 (266661:199)
02-19 07:30:35.221 13360 13457 I lyra-adv: AdvertisingManager::OnScreenStateChanged is_screen_on=1 (20B6E0:548)
02-19 07:30:35.221 13360 13457 I lyra-adv: AdvertisingConfigImpl::SetAdvertisingConfig set screen_on=1 (D5880C:121)
02-19 07:30:35.221 13360 13436 I lyra-msg-act: ActuatorControl::OnScreenStateChanged screen state: 1, ble status: 0 (3DBE9E:678)
02-19 07:30:35.221 13360 13436 I lyra-system: SystemEnvMonitorImpl::GetBleServerStatus ble_server_status=0 (266661:199)
02-19 07:30:35.222 13360 13436 I lyra-net-ctrl: NetworkingControllerImpl::OnScreenStateChanged state=1 (E1DF29:121)
02-19 07:30:35.222  5055  5413 D BtGatt.ScanManager: handling starting scan
02-19 07:30:35.223 13360 13500 I lyra-net-ctrl: NetworkingControllerImpl::SyncScreenState local screen state: 1 (E1DF29:362)
02-19 07:30:35.223  5055  5413 D BtGatt.ScanManager: isAptXLowLatencyModeEnabled: false
02-19 07:30:35.224  1221  1660 I SDM     : DisplayBase::SetDisplayState: Set state = 1, display 54-0, teardown = 0
02-19 07:30:35.226  6908  7026 D FaceAuthManager: the faceId is 0
02-19 07:30:35.226  6908  7026 D FaceAuthManager: the featureCount is 1
02-19 07:30:35.226  6908  7026 D FaceAuth: sdk version is 1.4.0.026.929-pro-a1a60df
02-19 07:30:35.226  6908  7026 D FaceAuthManager: the sdk version is 1.4.0.026.929-pro-a1a60df
02-19 07:30:35.226  6908  7026 I miui.face.transplant: sdk version=1.4.0.026.929-pro-a1a60df
02-19 07:30:35.226  6908  7026 D miui.face.FaceService: miui.face.timeline, onFaceStart, ServicePrepareTime:29
02-19 07:30:35.226  1137  2891 E CamX    : [ERROR][NCS    ] camxncsintfqsee.cpp:2555 FillSensorData() Invalid sensor index -1
02-19 07:30:35.226  6908  7026 D CameraInjector: updateCloudCameraControllerInfoAsync: has aleardy start update task.
02-19 07:30:35.226  6908  7026 D CameraInjector: waitForResult: 
02-19 07:30:35.227  6908  7026 W libc    : Access denied finding property "vendor.camera.aux.packagelist"
02-19 07:30:35.227  6908  7026 W libc    : Access denied finding property "vendor.camera.aux.packagelistext"
02-19 07:30:35.228  3348  3348 D MiuiScanManagerV2: Screen On
02-19 07:30:35.229 13360 13457 I lyra-adv: AdvertisingManager::OnRestartAdvertising medium_type=ble, data_type=normal, frequency=none (20B6E0:656)
02-19 07:30:35.229 13360 13457 I lyra-adv: AdvertisingManager::OnRestartAdvertising ignore, medium_type=ble, data_type=normal, params={data_type=normal, frequency=none, tx_power=none}, code=0, msg=success (20B6E0:704)
02-19 07:30:35.229 13360 13457 I lyra-adv: AdvertisingManager::OnRestartAdvertising medium_type=mdns, data_type=normal, frequency=none (20B6E0:656)
02-19 07:30:35.229 13360 13457 I lyra-adv: AdvertisingManager::OnRestartAdvertising ignore, medium_type=mdns, data_type=normal, params={data_type=normal, frequency=none, tx_power=none}, code=0, msg=success (20B6E0:704)
02-19 07:30:35.229 13360 13457 I lyra-adv: AdvertisingManager::OnRestartAdvertising medium_type=ble, data_type=command, frequency=none (20B6E0:656)
02-19 07:30:35.229 13360 13457 I lyra-adv: AdvertisingManager::OnRestartAdvertising ignore, medium_type=ble, data_type=command, params={data_type=command, frequency=none, tx_power=none}, code=0, msg=success (20B6E0:704)
02-19 07:30:35.229 13360 13457 I lyra-adv: AdvertisingManager::OnRestartAdvertising medium_type=mdns, data_type=command, frequency=none (20B6E0:656)
02-19 07:30:35.229 13360 13457 I lyra-adv: AdvertisingManager::OnRestartAdvertising ignore, medium_type=mdns, data_type=command, params={data_type=command, frequency=none, tx_power=none}, code=0, msg=success (20B6E0:704)
02-19 07:30:35.229 13360 13457 I lyra-disc: DiscoveryManager::OnScreenStateChanged is_screen_on=1 (886555:572)
02-19 07:30:35.229 13360 13457 I lyra-disc: DiscoveryManager::OnRestartDiscovery medium_type=ble, frequency=none (886555:635)
02-19 07:30:35.229 13360 13457 I lyra-disc: DiscoveryManager::OnRestartDiscovery ignore, medium_type=ble, params={is_same_account=1, is_same_group=1, is_same_no_group=1, is_realtime_discovery=0, data_type=none, frequency=none}, code=0, msg=success (886555:676)
02-19 07:30:35.229  2005  3234 I MiuiNetworkPolicy: updateUidState uid = 10186, uidState = 6
02-19 07:30:35.229 13360 13457 I lyra-disc: DiscoveryManager::OnRestartDiscovery medium_type=mdns, frequency=none (886555:635)
02-19 07:30:35.230 13360 13457 I lyra-disc: DiscoveryManager::OnRestartDiscovery ignore, medium_type=mdns, params={is_same_account=1, is_same_group=1, is_same_no_group=1, is_realtime_discovery=0, data_type=none, frequency=none}, code=0, msg=success (886555:676)
02-19 07:30:35.230  5055  5413 D BtGatt.ScanManager: track LE scan event: callerPackage = [com.google.android.gms], scanMode = [1], reportDelayMillis = [0], behavior = [1], scannerId = [4], duration = [0]
02-19 07:30:35.230  2005  2325 D MiuiScreenOnProximityLock: far from the screen for a certain time, release proximity sensor...
02-19 07:30:35.230  2005  2325 D MiuiScreenOnProximityLock: release
02-19 07:30:35.230  2005  2325 I SensorService: 	>>> actuating h/w activate handle=0x79f enabled=0
02-19 07:30:35.231  4171  4318 D MiuiFreeformModeController: avoidForInsetsBottomChangedIfNeed oldMoveableBottom: 2356 newMoveableBounds: 2356
02-19 07:30:35.232  1174  1174 I sensors-hal: activate:209, xiaomi.sensor.oem_pocket/1951 en=0
02-19 07:30:35.232  4171  4171 D MiuiFaceManager: inernational:true supportR:[ALL] nowR:TR
02-19 07:30:35.233  1129  1476 E minksocket: MinkIPC_QRTR_Service: client with node 1 port 5948 went down
02-19 07:30:35.233  1174  1174 I sensors-hal: activate:220, xiaomi.sensor.oem_pocket/1951 en=0 completed
02-19 07:30:35.234 13360 13500 I lyra-net-sync: SyncManagerImpl::NotifyScreenState screen state: 1 (77C0A5:727)
02-19 07:30:35.235  4171  4171 D MiuiFaceManager: inernational:true supportR:[ALL] nowR:TR
02-19 07:30:35.235  2005  2329 D WindowManager: wms.Focus not requested for window=Window{af7b430 u0 ScreenOnProximitySensorGuide} because it has no surface or is not focusable.
02-19 07:30:35.236  4171  4171 D MiuiFaceManager: inernational:true supportR:[ALL] nowR:TR
02-19 07:30:35.236  1343  1446 D AudioFlingerImpl: setGameParameters keyvalue: screen_state=on
02-19 07:30:35.237  4171  4171 I MiuiDozeScreenBrightnessController: nonui sensor event:33171027, value:0.0
02-19 07:30:35.237  4171  4171 I MiuiDozeScreenBrightnessController: nonui sensor event:33171027, value:0.0
02-19 07:30:35.237  5078  5096 D DisplayCount: Received Idle power 0
02-19 07:30:35.239  4171  4171 D MiuiKeyguardWallPaperManager: showWallpaperScreenOnAnim: true
02-19 07:30:35.240  4171  4847 I KeyguardSensorInjector: register large area touch sensor
02-19 07:30:35.240  4171  4171 D MiuiBleUnlockHelper: verifyBLEDeviceRssi  isShowing = true isOccluded = false isMXtelcel = false isHiding = false isDeviceInteractive = true
02-19 07:30:35.240  2000 13958 V CameraStub: updateTimestampSource:320
02-19 07:30:35.240  4171  4171 W WindowOnBackDispatcher: OnBackInvokedCallback is not enabled for the application.
02-19 07:30:35.240  4171  4171 W WindowOnBackDispatcher: Set 'android:enableOnBackInvokedCallback="true"' in the application manifest.
02-19 07:30:35.240  4171  4171 D CentralSurfaces: Received new disable state: enaiHBcRso.qingr (unchanged)
02-19 07:30:35.240  4171  4171 D CollapsedStatusBarFragment: adjustDisableFlags: ShadeExpansionState = 2 mHideIconsForBouncer = false mWereIconsJustHidden = false, mWakeUpCoordinator.getNotificationsFullyHidden = true, mIsExpanded = true, mBypassController.getBypassEnabled = false, mStatusBarStateController.getState() = 1, mKeyguardStateController.isKeyguardGoingAway() = false, mHeadsUpManager.hasPinnedHeadsUp = false, mControlPanelExpand = false
02-19 07:30:35.240  4171  4171 D ControlCenter: disable1: 0x01600000 -> 0x01600000 (diff1: 0x00000000)
02-19 07:30:35.240  4171  4171 D ControlCenter: disable2: 0x00000000 -> 0x00000000 (diff2: 0x00000000)
02-19 07:30:35.240  4171  4171 D QS      : setListening true
02-19 07:30:35.240  4171  4171 D CentralSurfaces: Received new disable state: enaiHBcRso.qingr (unchanged)
02-19 07:30:35.240  4171  4171 D CollapsedStatusBarFragment: adjustDisableFlags: ShadeExpansionState = 2 mHideIconsForBouncer = false mWereIconsJustHidden = false, mWakeUpCoordinator.getNotificationsFullyHidden = true, mIsExpanded = true, mBypassController.getBypassEnabled = false, mStatusBarStateController.getState() = 1, mKeyguardStateController.isKeyguardGoingAway() = false, mHeadsUpManager.hasPinnedHeadsUp = false, mControlPanelExpand = false
02-19 07:30:35.241  4171  4171 D ControlCenter: disable1: 0x01600000 -> 0x01600000 (diff1: 0x00000000)
02-19 07:30:35.241  4171  4171 D ControlCenter: disable2: 0x00000000 -> 0x00000000 (diff2: 0x00000000)
02-19 07:30:35.241  4171  4171 I BoostHelper: boost: add myTid: 4171
02-19 07:30:35.241  4171  4171 I BoostHelper: boost: add mRenderThreadTid: 4561
02-19 07:30:35.242  2005  2325 D CoreBackPreview: Window{af7b430 u0 ScreenOnProximitySensorGuide}: Setting back callback OnBackInvokedCallbackInfo{mCallback=android.window.WindowOnBackInvokedDispatcher$OnBackInvokedCallbackWrapper@c2e6893, mPriority=0, mIsAnimationCallback=false}
02-19 07:30:35.242  1174  1174 I TouchSensorLargeArea: TouchLargeAreaDetSensor::batch,200000000, 0
02-19 07:30:35.243 10762 10762 D TouchInteractionService: onSystemUiFlagsChanged, mSystemUiStateFlags=782001c6
02-19 07:30:35.243  2005  4369 I SensorService: 	>>> actuating h/w activate handle=0x2000001 enabled=1
02-19 07:30:35.243 10762 10762 D NavStubView_Touch: onSystemUiFlagsChanged  mIsShowStatusBar    old= true   new=true
02-19 07:30:35.243 10762 10762 D NavStubView_Touch: onSystemUiFlagsChanged  mIsShowNavBar    old= false   new=false
02-19 07:30:35.243 10762 10762 D NavStubView_Touch: onSystemUiFlagsChanged  isImmersiveNew    old= true   new=true
02-19 07:30:35.243 10762 10762 D NavStubView_Touch: onSystemUiFlagsChanged, mDisableHomeRecents = true, disableHomeRecents = true, isHomeDisabled = true, isRecentDisabled = true
02-19 07:30:35.243  1174  1174 I TouchSensorLargeArea: TouchLargeAreaDetSensor: activate 1
02-19 07:30:35.241  1234  1234 W perf@2.2-servic: type=1400 audit(0.0:1912878): avc:  denied  { search } for  name="2005" dev="proc" ino=15009 scontext=u:r:vendor_hal_perf_default:s0 tcontext=u:r:system_server:s0 tclass=dir permissive=0
02-19 07:30:35.241  1234  1234 W perf@2.2-servic: type=1400 audit(0.0:1912879): avc:  denied  { search } for  name="2005" dev="proc" ino=15009 scontext=u:r:vendor_hal_perf_default:s0 tcontext=u:r:system_server:s0 tclass=dir permissive=0
02-19 07:30:35.245  4171  4171 I BoostHelper: boostThread sched thread [4171, 4561] is run,mod=1
02-19 07:30:35.245  2005  3383 D PerfStubImpl: perfLockAcquire
02-19 07:30:35.245  4171  4171 I DozeServicePluginImpl: plugin onSystemUIAction: 4096
02-19 07:30:35.245  4171  4171 D AnimationHelper: aod_root_view set INVISIBLE in SystemUI
02-19 07:30:35.245  4171  4171 D ClockBaseAnimation: com.android.keyguard.clock.animation.rhombus.RhombusDefaultClockAnimation@c4a2bcd doAnimationToAod  toAod: false, hasNotification: true, fromKeyguard: true
02-19 07:30:35.245  4171  4171 E ClockBaseAnimation: com.android.keyguard.clock.animation.rhombus.RhombusDefaultClockAnimation@c4a2bcd doAnimationToAod toAod: false, hasNotification: true
02-19 07:30:35.247  2005  3383 D SchedBoost: startBoostInternal 1000
02-19 07:30:35.248  1221  1660 I SDM     : CoreInterface::HandleDisplayRequest: HandleDisplayRequest sendmessage:0, 13
02-19 07:30:35.248  2005  2329 D WindowManager: wms.Focus not requested for window=Window{af7b430 u0 ScreenOnProximitySensorGuide} because it has no surface or is not focusable.
02-19 07:30:35.249  5752  5795 W OpenGLRenderer: Surface doesn't have any previously queued frames, nothing to readback from
02-19 07:30:35.249  5752  5795 W OpenGLRenderer: Surface doesn't have any previously queued frames, nothing to readback from
02-19 07:30:35.249  1221  1660 I SDM     : DisplayBase::SetDisplayState: active 1-1 state 1-1 pending_power_state_ 0
02-19 07:30:35.249  1362  1362 I SurfaceFlinger: Force repainting for DOZE_SUSPEND -> DOZE or ON.
02-19 07:30:35.249  4171  4171 D ClockBaseAnimation: updateColorLockState====   hour=#ffffffff   min=#ffd2e4ff  colon=#ffff5500
02-19 07:30:35.249  5752 26612 I MiuiWallpaper-WallpaperEventManager: showWallpaperScreenOnAnim: on = true
02-19 07:30:35.249  4171  4171 D ClockBaseAnimation: updateColorAodState====   aodHourColor=#ffd7d7d7   aodMinColor=#ffc1d3ed  aodColonColor=#ffd44600
02-19 07:30:35.249  4171  4171 D ClockBaseAnimation: updateColorNoticeState====   noticeHourColor=#ffffffff   noticeMinColor=#ffffffff  noticeColonColor=#ffffffff
02-19 07:30:35.249  4171  4171 D ClockBaseAnimation: updateAnimationState mFullTime: width = 1080 ,height = 1819 ,mHourParent: width = 1080 ,height = 1268 ,mMinParent: width = 1080 ,height = 1268 ,mHour1: width = 358 ,height = 463 ,mHour2: width = 303 ,height = 463 ,mMin1: width = 336 ,height = 463 ,mMin2: width = 358 ,height = 463 ,mColon: width = 93 ,height = 93 ,mDensity = 2.7570155 ,magazineY = 261.0  mTimeViewScale=1.0  mNotificationTransY=15.0
02-19 07:30:35.249  4171  4171 D ClockBaseAnimation: com.android.keyguard.clock.animation.rhombus.RhombusDefaultClockAnimation@c4a2bcd updateTimeViewAlpha alpha: 1.0
02-19 07:30:35.250  1234  1373 E ANDR-PERF-OPTSHANDLER: Cannot open/create foreground cgroup file
02-19 07:30:35.250  4171  4171 I ClockBaseAnimation: clearBlurAndBlend
02-19 07:30:35.250  4171  4171 E backgroundBlur: setMiViewBlurMode disable com.miui.clock.MiuiClockNumberView
02-19 07:30:35.250  4171  4171 E backgroundBlur: setMiViewBlurMode disable com.miui.clock.MiuiClockNumberView
02-19 07:30:35.250  4171  4171 E backgroundBlur: setMiViewBlurMode disable android.view.View
02-19 07:30:35.250  4171  4171 E backgroundBlur: setMiViewBlurMode disable android.view.View
02-19 07:30:35.250  4171  4171 E backgroundBlur: setMiViewBlurMode disable com.miui.clock.MiuiClockNumberView
02-19 07:30:35.250  4171  4171 E backgroundBlur: setMiViewBlurMode disable com.miui.clock.MiuiClockNumberView
02-19 07:30:35.251  1362  1362 W ComposerExtn: DisplayExtnImpl::SetEarlyWakeUpConfig: HWC Display 0 is not registered!
02-19 07:30:35.251  1362  1362 D SurfaceFlinger: Finished setting power mode On(2) on display 4630946545580055170
02-19 07:30:35.251  4171  4171 D KeyguardHorizontalMoveLeftViewContainer: bindLockScreenMagazineService false false false false true true true
02-19 07:30:35.253  1267  1267 D DisplayFeatureHal: sendMessage: displayId = 0, FeatureId=NOTIFY_DISPLAY_STATE modeId=1
02-19 07:30:35.253  1267  1267 D DisplayFeatureHal: Display state notify value=1
02-19 07:30:35.253  6908  7026 I miui.face.transplant: camera id: 0, LENS_FACING: 1
02-19 07:30:35.253  2000 13958 V CameraStub: updateTimestampSource:320
02-19 07:30:35.254  5752 26612 I MiuiWallpaper-WallpaperEventManager: setScreenOn = true
02-19 07:30:35.254  1362  1362 D RefreshRateSelector: Touch Boost
02-19 07:30:35.254  1362  1362 D MI-SF   : mIsSupportAutomodeForMaxFpsSetting is 0(0), getCurrentBrightness() = 0(653), mIsKeepAutoMode 0
02-19 07:30:35.254  1362  1362 D RefreshRateSelector: fixedMode_group: 0, isFindModeGroup 0
02-19 07:30:35.254  1362  1362 D RefreshRateSelector: find max refresh rate:60, mode Group:0
02-19 07:30:35.256  6908  7026 I miui.face.transplant: camera id: 1, LENS_FACING: 0
02-19 07:30:35.256  2000 13958 V CameraStub: updateTimestampSource:320
02-19 07:30:35.256  5752  5752 E MiuiWallpaper-WallpaperEventManager: type != TYPE_VIDEO, return false
02-19 07:30:35.257  1362  1362 E CompositionEngine: [Wallpaper BBQ wrapper#54413] Invalid device requested composition type change: Client (1) --> Device (2)
02-19 07:30:35.257  5752  5775 D KeyguardWallpaperHelper: get isLockscreenMagazineSupportScreenOn == true
02-19 07:30:35.258  2005  2328 I DisplayDeviceRepository: Display device changed state: "Yerleşik Ekran", ON
02-19 07:30:35.261  2005  2328 D DisplayManagerService: Ignore redundant display event 0/2 to 10310/1412
02-19 07:30:35.262  2005  2328 D DisplayManagerService: Ignore redundant display event 0/2 to 10167/3226
02-19 07:30:35.263  6908  7026 W libc    : Access denied finding property "persist.vendor.camera.privapp.list"
02-19 07:30:35.263  6908  7026 D CameraExtImplXiaoMi: initCameraDevice: 1
02-19 07:30:35.263  1221  1660 E SDM     : HWCSession::GetClientTargetProperty: GetClinetTargetProperty interface enter
02-19 07:30:35.264  1267  1326 D DisplayFeatureHal: HandleDisplayState: enter state On, last state DozeSuspend
02-19 07:30:35.264  2005  2328 D DisplayManagerService: Ignore redundant display event 0/2 to 10325/9402
02-19 07:30:35.264  2005  2328 D DisplayManagerService: Ignore redundant display event 0/2 to 10085/9642
02-19 07:30:35.264  2005  2328 D DisplayManagerService: Ignore redundant display event 0/2 to 10164/12176
02-19 07:30:35.264  2005  2328 D DisplayManagerService: Ignore redundant display event 0/2 to 10246/18872
02-19 07:30:35.265  2005  2328 D DisplayManagerService: Ignore redundant display event 0/2 to 10398/27416
02-19 07:30:35.265  2005  2328 D DisplayManagerService: Ignore redundant display event 0/2 to 10167/30366
02-19 07:30:35.245  1234  1234 W perf@2.2-servic: type=1400 audit(0.0:1912880): avc:  denied  { dac_override } for  capability=1  scontext=u:r:vendor_hal_perf_default:s0 tcontext=u:r:vendor_hal_perf_default:s0 tclass=capability permissive=0
02-19 07:30:35.266  1362  1362 D MI-SF   : mIsSupportAutomodeForMaxFpsSetting is 0(0), getCurrentBrightness() = 0(653), mIsKeepAutoMode 0
02-19 07:30:35.266  1362  1362 D RefreshRateSelector: fixedMode_group: 0, isFindModeGroup 0
02-19 07:30:35.266  1362  1362 D RefreshRateSelector: find max refresh rate:60, mode Group:0
02-19 07:30:35.266  1362  1362 D MI-SF   : AOD hasAOD =0
02-19 07:30:35.266  1362  1362 D MI-SF   : mIsSupportAutomodeForMaxFpsSetting is 0(0), getCurrentBrightness() = 0(653), mIsKeepAutoMode 0
02-19 07:30:35.266  1362  1362 D RefreshRateSelector: fixedMode_group: 0, isFindModeGroup 0
02-19 07:30:35.266  1362  1362 D RefreshRateSelector: find max refresh rate:60, mode Group:0
02-19 07:30:35.266  1362  1362 D MI-SF   : checkLayerStack, Doze state = 0
02-19 07:30:35.266  1362  1362 E Scheduler: trackPendingFrame: Invalid present fence
02-19 07:30:35.266  6908  7026 W ContextImpl: Calling a method in the system process without a qualified user: android.app.ContextImpl.sendBroadcast:1231 android.hardware.CameraInjector.notifyCameraStateChange:566 android.hardware.CameraInjector.notifyCameraStateChange:548 android.hardware.camera2.impl.CameraDeviceImplInjector.initCamera:143 android.hardware.camera2.impl.CameraExtImplXiaoMi.initCameraDevice:66 
02-19 07:30:35.267  2005  4369 W ActivityManagerServiceImpl: Sending non-protected broadcast com.miui.powerkeeper.CAMERA_STATE from system 6908:com.miui.face/1000 pkg com.miui.face. Callers=
02-19 07:30:35.269  1362  2729 I SurfaceFlinger: sf.setTransactionState focusRequest transactionId:8611465082298 frontWin:af7b430 ScreenOnProximitySensorGuide
02-19 07:30:35.269 10762 11601 W GestureStubView: onDisplayChanged
02-19 07:30:35.269 10762 11601 W GestureStubView: adaptRotation   currentRotation=0   mRotation=0
02-19 07:30:35.269 10762 11601 W GestureStubView: onDisplayChanged
02-19 07:30:35.269 10762 10762 W Launcher: onDisplayChanged: newRotation=0, mCurrentRotation=0
02-19 07:30:35.269 10762 11601 W GestureStubView: adaptRotation   currentRotation=0   mRotation=0
02-19 07:30:35.272  2005  3074 E OpenGLRenderer: Unable to match the desired swap behavior.
02-19 07:30:35.273  2005  2325 D VRI[ScreenOnProximitySensorGuide]: vri.reportNextDraw android.view.ViewRootImpl.performTraversals:4360 android.view.ViewRootImpl.doTraversal:2989 android.view.ViewRootImpl$TraversalRunnable.run:10304 android.view.Choreographer$CallbackRecord.run:1594 android.view.Choreographer$CallbackRecord.run:1603 
02-19 07:30:35.273  2005  2325 D VRI[ScreenOnProximitySensorGuide]: vri.Setup new sync=wmsSync-VRI[ScreenOnProximitySensorGuide]#98
02-19 07:30:35.273  1362  1362 E HWComposer: getDisplayDecorationSupport: getDisplayDecorationSupport failed for display 4630946545580055170: Unsupported (8)
02-19 07:30:35.273  4171  4171 V AutoDensityController: on display changed 0 context dpi:449 origin dpi:440 target dpi:449
02-19 07:30:35.273  1135  1135 D vendor.qti.bluetooth@1.0-ibs_handler: SerialClockVote: vote for UART CLK ON
02-19 07:30:35.273  4171  4171 D ControlCenterWindowViewController: on display changed 0
02-19 07:30:35.273  6908  7026 I CameraManager: Open camera top activityName is com.ezanvakti.MainActivity
02-19 07:30:35.273  4171  4171 V AODAutoDensityController: on display changed 0 context dpi:449 origin dpi:440 target dpi:449
02-19 07:30:35.274  2000 13958 D CameraImpl: splitClientPackageActivityName: app packageName is com.miui.face,activityName is com.ezanvakti.MainActivity
02-19 07:30:35.274  1135  1135 D vendor.qti.bluetooth@1.0-wake_lock: Acquire wakelock is acquired 
02-19 07:30:35.274  1135  1135 I vendor.qti.bluetooth@1.0-ibs_handler: DeviceWakeUp: Writing IBS_WAKE_IND
02-19 07:30:35.274 11546 20942 I NearbyDiscovery: (REDACTED) PureOffloadFastPairScanner: eventType=%s, isInternalReq=%s, isScanning=%s, isScanningAllowed=%s
02-19 07:30:35.274 11546 20942 I NearbyDiscovery: (REDACTED) ApFastPairScanner: isScreenOn=%s, isLocationEnabled=%s, disableLocationRequirement=%s, isDiscoveryScanningEnabled=%s, during24GhzWifiWarmingUpPeriod=%s
02-19 07:30:35.275 11546 20942 D BluetoothAdapter: isLeEnabled(): BLE_ON
02-19 07:30:35.275 11546 20942 I NearbyDiscovery: (REDACTED) ApFastPairScanner: eventType=%s, intReq=%s, scanning=%s, scanAllowed=%s, bleEnabled=%s, lockScanRate=%s, startScanningByLowPowerMode=%s
02-19 07:30:35.275  4171  4171 D Utilities:  oldHints : 0 backDisposition : 0 imeShown : false hints 0
02-19 07:30:35.276 10762 10762 D TouchInteractionService: onSystemUiFlagsChanged, mSystemUiStateFlags=782001c4
02-19 07:30:35.276 10762 10762 D NavStubView_Touch: onSystemUiFlagsChanged  mIsShowStatusBar    old= true   new=true
02-19 07:30:35.276 10762 10762 D NavStubView_Touch: onSystemUiFlagsChanged  mIsShowNavBar    old= false   new=true
02-19 07:30:35.277 10762 10762 D NavStubView_Touch:   onSystemUiFlagsChanged---requestApplyInsets
02-19 07:30:35.277 10762 10762 D NavStubView_Touch: onSystemUiFlagsChanged  isImmersiveNew    old= true   new=false
02-19 07:30:35.277 10762 10762 D NavStubView_Touch: onSystemUiFlagsChanged, mDisableHomeRecents = true, disableHomeRecents = true, isHomeDisabled = true, isRecentDisabled = true
02-19 07:30:35.278  2005  4590 W System.err: java.lang.SecurityException: Caller with uid 1047 is not android
02-19 07:30:35.278  2005  4590 W System.err: 	at com.android.server.devicepolicy.DevicePolicyManagerService.getCallerIdentity(DevicePolicyManagerService.java:2398)
02-19 07:30:35.278  2005  4590 W System.err: 	at com.android.server.devicepolicy.DevicePolicyManagerService.getCameraDisabled(DevicePolicyManagerService.java:9350)
02-19 07:30:35.278  2005  4590 W System.err: 	at android.app.admin.DevicePolicyManager.getCameraDisabled(DevicePolicyManager.java:8423)
02-19 07:30:35.278  2005  4590 W System.err: 	at com.android.server.camera.CameraServiceProxy$2.isCameraDisabled(CameraServiceProxy.java:630)
02-19 07:30:35.278  2005  4590 W System.err: 	at android.hardware.ICameraServiceProxy$Stub.onTransact(ICameraServiceProxy.java:174)
02-19 07:30:35.278  2005  4590 W System.err: 	at android.os.Binder.execTransactInternal(Binder.java:1351)
02-19 07:30:35.278  2005  4590 W System.err: 	at android.os.Binder.execTransact(Binder.java:1282)
02-19 07:30:35.278  2000 13958 I CameraService: CameraService::connect call (PID 6908 "com.miui.face", camera ID 1) and Camera API version 2
02-19 07:30:35.279  2005  3461 D DisplayFeatureManagerService: setDozeBrightness, brightness: 0, value: 0
02-19 07:30:35.279  2005  3461 D DisplayFeatureManagerService: setScreenEffect displayId=0 mode=25 value=0 cookie=255 from pid=2005
02-19 07:30:35.279  1267  1267 D DisplayFeatureHal: setFeatureEnable: displayId = 0, FeatureId=DOZE_BRIGHTNESS_STATE modeId=0 cookie=255
02-19 07:30:35.279  1267  1267 D MiDisplayDM: setDozeBrightness, doze brightness:0
02-19 07:30:35.279  1267  1267 D DisplayFeatureHal: handleDozeBrightnessMode DozeBrightnessMode = [DOZE_TO_NORMAL]
02-19 07:30:35.279  2000 13958 V CameraStub: waitFaceAuthenticated:248 
02-19 07:30:35.279  1362  1362 E HWComposer: getDisplayDecorationSupport: getDisplayDecorationSupport failed for display 4630946545580055170: Unsupported (8)
02-19 07:30:35.280  1362  1856 D MI-SF   : threadLoop: Doze brightness get 0
02-19 07:30:35.280  1135  5767 I vendor.qti.bluetooth@1.0-ibs_handler: ProcessIbsCmd: Received IBS_WAKE_ACK: 0xFC
02-19 07:30:35.280  1135  5767 I vendor.qti.bluetooth@1.0-ibs_handler: ProcessIbsCmd: Signal wack_cond_
02-19 07:30:35.280  2000 13958 V CameraStub: adjCameraPriority:278 
02-19 07:30:35.280  1135  1135 D vendor.qti.bluetooth@1.0-ibs_handler: DeviceWakeUp: Unblocked from waiting for FC, pthread_cond_timedwait ret = 0
02-19 07:30:35.280  2000 13958 D CameraImpl: adjCameraPriority 598 pk:com.miui.face pr:-800, st:0
02-19 07:30:35.280  1135  5767 I vendor.qti.bluetooth@1.0-ibs_handler: ProcessIbsCmd: Received IBS_WAKE_IND: 0xFD
02-19 07:30:35.280  1135  5767 I vendor.qti.bluetooth@1.0-ibs_handler: ProcessIbsCmd: Writing IBS_WAKE_ACK
02-19 07:30:35.282  4171  4171 V AutoDensityController: on display changed 0 context dpi:449 origin dpi:440 target dpi:449
02-19 07:30:35.282  4171  4171 D ControlCenterWindowViewController: on display changed 0
02-19 07:30:35.282  4171  4171 V AODAutoDensityController: on display changed 0 context dpi:449 origin dpi:440 target dpi:449
02-19 07:30:35.282  2005  2435 D DisplayPowerControllerImpl: updateBrightnessChangeStatus: animating: true, displayState: 2, slowChange: false, appliedDimming: false, appliedLowPower: false, currentBrightness: 0.0043463223, currentSdrBrightness: 0.0043463223, targetBrightness: 0.03635987, targetSdrBrightness: 0.03635987, previousDisplayPolicy: 1, currentDisplayPolicy: 3
02-19 07:30:35.282  2005  2435 D RampRateController: updateBrightnessRate: screenBrightnessFloat: brightness rate changing from [zero_rate] to [doze_rate], rate: 0.16006774
02-19 07:30:35.282  2005  2435 D RampRateController: updateBrightnessRate: sdrScreenBrightnessFloat: brightness rate changing from [zero_rate] to [doze_rate], rate: 0.16006774
02-19 07:30:35.283  1221  1660 E SDM     : HWCSession::GetClientTargetProperty: GetClinetTargetProperty interface enter
02-19 07:30:35.283  1362  1362 E BufferQueueProducer: [FramebufferSurface](id:55200000000,api:1,p:1362,c:1362) dequeueBuffer: attempting to exceed the max dequeued buffer count (1)
02-19 07:30:35.283  1362  1362 E CompositionEngine: ANativeWindow::dequeueBuffer failed for display [] with error: -38
02-19 07:30:35.284  1362  1527 D RenderEngine: skia drawWallpaperAnim name=Wallpaper BBQ wrapper#54413,  enableWallPaperAnim=1 wallpaperAnimProcess=1.000000
02-19 07:30:35.284  1362  1527 D RenderEngine: Wallpaper-Anim: progress=1.000000 shaderName=yahei
02-19 07:30:35.284  2000 13958 I Camera2ClientBase: Camera 1: Opened. Client: com.miui.face (PID 6908, UID 1000)
02-19 07:30:35.285  2005  2435 W PowerManagerService: Screen on took 209 ms
02-19 07:30:35.285  5055  5269 D BtGatt.GattService: onScanFilterEnableDisabled() - clientIf=4, status=0, action=1
02-19 07:30:35.285  5055  5269 D BtGatt.ScanManager: callback done for scannerId - 4 status - 0
02-19 07:30:35.285  2000 13958 V CameraStub: setClientPackageName:182 
02-19 07:30:35.285  2000 13958 I CameraDeviceClient: CameraDeviceClient 1: Opened
02-19 07:30:35.285  2000 13958 I CameraService: makeClient: Camera2 API, override to portrait 0
02-19 07:30:35.285  5055  5413 D BtGatt.ScanManager: configureScanFilters rssiThreshold: -128, 0
02-19 07:30:35.285  5055  5413 D BtGatt.ScanManager: Available Filter size: 61
02-19 07:30:35.286  2005  2435 I DreamManagerService: Leaving dreamland.
02-19 07:30:35.287  1362  1362 I MI-SF   : surfaceflinger setAffinity mode=1
02-19 07:30:35.287  1362  1362 I MI-SF   : surfaceflinger setreAffinity reTid=1527
02-19 07:30:35.287  2005  2083 I DreamController: Stopping dream: name=ComponentInfo{com.android.systemui/com.android.systemui.doze.DozeService}, isPreviewMode=false, canDoze=true, userId=0, reason='power manager request'
02-19 07:30:35.287  1362  1362 I SurfaceFlinger: sf.transactionReadyTimelineCheck focusRequest transactionId:8611465082298 vsyncId: -1
02-19 07:30:35.288  1362  1362 D RefreshRateSelector: Touch Boost
02-19 07:30:35.288  1362  1362 D MI-SF   : mIsSupportAutomodeForMaxFpsSetting is 0(0), getCurrentBrightness() = 37(653), mIsKeepAutoMode 0
02-19 07:30:35.288  1362  1362 D RefreshRateSelector: fixedMode_group: 0, isFindModeGroup 0
02-19 07:30:35.288  1362  1362 D RefreshRateSelector: find max refresh rate:60, mode Group:0
02-19 07:30:35.289  1362  1527 D RenderEngine: skia drawWallpaperAnim name=Wallpaper BBQ wrapper#54413,  enableWallPaperAnim=1 wallpaperAnimProcess=1.000000
02-19 07:30:35.289  1362  1527 D RenderEngine: Wallpaper-Anim: progress=1.000000 shaderName=yahei
02-19 07:30:35.289  1221  1660 E SDM     : HWCSession::GetClientTargetProperty: GetClinetTargetProperty interface enter
02-19 07:30:35.292 10762 10762 W NavStubView_Touch: onComputeInternalInsets  bounds=Rect(0, 0 - 1080, 68)   mHideGestureLine=false   mIsShowNavBar=true   mKeepHidden=true   mDisableTouch=false   mUseEmptyTouchableRegion=true
02-19 07:30:35.292  5752  5752 I MiuiWallpaper-MiuiKeyguardPictorialWallpaper: onVisibilityChanged, visible = true
02-19 07:30:35.292 10762 10762 W NavStubView_Touch:   onComputeInternalInsets  empty
02-19 07:30:35.293  5752  5752 I MiuiWallpaper-ImageWallpaper: onVisibilityChanged, visible = true
02-19 07:30:35.293 10762 10762 W NavStubView_Touch:   onComputeInternalInsets  path.addRect: NavStubTraggeRange=NavStubTraggeRange{mLeftRange=RectF(0.0, 0.0, 0.0, 0.0), mCenterRange=RectF(0.0, 0.0, 0.0, 0.0), mRightRange=RectF(0.0, 0.0, 0.0, 0.0)}
02-19 07:30:35.293  4171  4171 D DozeService: onDreamingStopped
02-19 07:30:35.293  4171  4171 I DozeServicePluginImpl: plugin onDreamingStopped: 
02-19 07:30:35.293  4171  4171 I DozeMachine: request: current=DOZE_AOD req=FINISH
02-19 07:30:35.293  4171  4171 D AODWakeLock: longWakeLock : acquire from:DozeMachine#requestState inner :false
02-19 07:30:35.296  4171 31135 D KeyguardService: onDreamingStopped
02-19 07:30:35.297  2005  2325 D VRI[ScreenOnProximitySensorGuide]: vri.reportDrawFinished
02-19 07:30:35.297  2005  2325 E NativeTurboSchedManagerJni: open /dev/metis failed!
02-19 07:30:35.297  2005  2325 D WindowManager: wms.finishDrawingLocked: mDrawState=COMMIT_DRAW_PENDING Window{af7b430 u0 ScreenOnProximitySensorGuide} in Surface(name=ScreenOnProximitySensorGuide#91175)/@0x85180d0
02-19 07:30:35.297  2005  2325 E NativeTurboSchedManagerJni: open /dev/metis failed!
02-19 07:30:35.298  2005  2329 I WindowManager: wms.showSurfaceRobustly mWin:Window{af7b430 u0 ScreenOnProximitySensorGuide}
02-19 07:30:35.301  1362  1362 W Layer   : gatherBufferInfo: Received unknown dataspace from gralloc
02-19 07:30:35.301  1362  1362 D RefreshRateSelector: Touch Boost
02-19 07:30:35.301  1362  1362 D MI-SF   : mIsSupportAutomodeForMaxFpsSetting is 0(0), getCurrentBrightness() = 46(653), mIsKeepAutoMode 0
02-19 07:30:35.301  1362  1362 D RefreshRateSelector: fixedMode_group: 0, isFindModeGroup 0
02-19 07:30:35.301  1362  1362 D RefreshRateSelector: find max refresh rate:60, mode Group:0
02-19 07:30:35.301  1221 18554 I MiStcImpl: Dispatching command: 3 PCC
02-19 07:30:35.302  5055  5269 D BtGatt.GattService: onScanFilterConfig() - clientIf=4, action = 0 status = 0, filterType=0, availableSpace=0
02-19 07:30:35.302  5055  5269 D BtGatt.ScanManager: callback done for scannerId - 4 status - 0
02-19 07:30:35.302  5055  5413 D BtGatt.ScanManager: configureFilterParamter 500 10000 1 0, deliveryMode=0
02-19 07:30:35.303  1221 14560 W MiStcImpl: Forbidden refresh screen in state 3
02-19 07:30:35.303  1221 18554 I MiStcImpl: Dispatching command: 12 SET_DISPLAY_STATE
02-19 07:30:35.303  1221 18554 D MiStcImpl: Setting DisplayId 0 display state to 1
02-19 07:30:35.303  1267  1326 D DisplayFeatureHal: onResume enter, FodScreenOn=0
02-19 07:30:35.304  1267  1326 D DisplayModuleUtils: setSREFunction: mDisplayId = 0
02-19 07:30:35.304  1267  1326 D DisplayModuleUtils: setSREFunction , LTM_ON
02-19 07:30:35.304  1267  1326 D DisplayModuleUtils: enableSRE: enable SRE
02-19 07:30:35.304  1221  1660 E SDM     : HWCSession::GetClientTargetProperty: GetClinetTargetProperty interface enter
02-19 07:30:35.304  1221 18554 I MiStcImpl: Dispatching command: 3 PCC
02-19 07:30:35.305  1362  1527 D RenderEngine: skia drawWallpaperAnim name=Wallpaper BBQ wrapper#54413,  enableWallPaperAnim=1 wallpaperAnimProcess=1.000000
02-19 07:30:35.305  1362  1527 D RenderEngine: Wallpaper-Anim: progress=1.000000 shaderName=yahei
02-19 07:30:35.305  1267  1327 D DisplayFeatureHal: virtualBrightness = 37
02-19 07:30:35.305  4171  4171 I DozeMachine: transition: old=DOZE_AOD req=FINISH new=FINISH
02-19 07:30:35.305  4171  4171 I DozeMachine: java.lang.Throwable: here
02-19 07:30:35.305  4171  4171 I DozeMachine: 	at com.miui.aod.doze.DozeMachine.transitionTo(DozeMachine.java:292)
02-19 07:30:35.305  4171  4171 I DozeMachine: 	at com.miui.aod.doze.DozeMachine.requestState(DozeMachine.java:233)
02-19 07:30:35.305  4171  4171 I DozeMachine: 	at com.miui.aod.doze.DozeMachine.requestState(DozeMachine.java:180)
02-19 07:30:35.305  4171  4171 I DozeMachine: 	at com.miui.aod.doze.DozeService.dreamingStopped(DozeService.java:286)
02-19 07:30:35.305  4171  4171 I DozeMachine: 	at com.miui.aod.doze.DozeServicePluginImpl.onDreamingStopped(DozeServicePluginImpl.java:151)
02-19 07:30:35.305  4171  4171 I DozeMachine: 	at com.android.systemui.doze.DozeService.onDreamingStopped(go/retraceme 2fbb4b342f87460cb83f265508321d95def92a308e7534f39240a15809d879a3:24)
02-19 07:30:35.305  4171  4171 I DozeMachine: 	at android.service.dreams.DreamService.detach(DreamService.java:1193)
02-19 07:30:35.305  4171  4171 I DozeMachine: 	at android.service.dreams.DreamService.-$$Nest$mdetach(Unknown Source:0)
02-19 07:30:35.305  4171  4171 I DozeMachine: 	at android.service.dreams.DreamService$DreamServiceWrapper.$r8$lambda$NpMBCXQt6FW9CHVg0Jak0NRB88I(Unknown Source:0)
02-19 07:30:35.305  4171  4171 I DozeMachine: 	at android.service.dreams.DreamService$DreamServiceWrapper$$ExternalSyntheticLambda1.run(Unknown Source:2)
02-19 07:30:35.305  4171  4171 I DozeMachine: 	at android.os.Handler.handleCallback(Handler.java:958)
02-19 07:30:35.305  4171  4171 I DozeMachine: 	at android.os.Handler.dispatchMessage(Handler.java:99)
02-19 07:30:35.305  4171  4171 I DozeMachine: 	at android.os.Looper.loopOnce(Looper.java:224)
02-19 07:30:35.305  4171  4171 I DozeMachine: 	at android.os.Looper.loop(Looper.java:318)
02-19 07:30:35.305  4171  4171 I DozeMachine: 	at android.app.ActivityThread.main(ActivityThread.java:8790)
02-19 07:30:35.305  4171  4171 I DozeMachine: 	at java.lang.reflect.Method.invoke(Native Method)
02-19 07:30:35.305  4171  4171 I DozeMachine: 	at com.android.internal.os.RuntimeInit$MethodAndArgsCaller.run(RuntimeInit.java:561)
02-19 07:30:35.305  4171  4171 I DozeMachine: 	at com.android.internal.os.ZygoteInit.main(ZygoteInit.java:1013)
02-19 07:30:35.305  4171  4171 I DozeWallpaperState: AOD wallpaper state changed to: false, animationDuration: 500
02-19 07:30:35.305  4171  4171 I DozeHost: onStopDoze: needTurnOnDelay false
02-19 07:30:35.305  4171  4171 I MiuiClockController: removeTimeListener, this = com.miui.clock.MiuiClockController@770ffe6
02-19 07:30:35.307  5055  5269 D BtGatt.GattService: onScanFilterParamsConfigured() - clientIf=4, status=0, action=0, availableSpace=63
02-19 07:30:35.307  5055  5269 D BtGatt.ScanManager: callback done for scannerId - 4 status - 0
02-19 07:30:35.308  4171  4171 D MiuiClockController: unRegister package broadcast
02-19 07:30:35.308  5055  5269 D BtGatt.GattService: onScanFilterConfig() - clientIf=4, action = 0 status = 0, filterType=0, availableSpace=0
02-19 07:30:35.308  5055  5269 D BtGatt.ScanManager: callback done for scannerId - 4 status - 0
02-19 07:30:35.309  5055  5413 D BtGatt.ScanManager: configureFilterParamter 500 10000 1 0, deliveryMode=0
02-19 07:30:35.309  4171  4171 I MiuiClockController: removeClockInfoListener, this = com.miui.clock.MiuiClockController@770ffe6
02-19 07:30:35.310  4171  4171 D DozeHost: mWindowAdded = false
02-19 07:30:35.310  4171  4171 D AODWakeLock: longWakeLock : release from:DozeHost#removeAodView hold:false
02-19 07:30:35.310  4171  4171 D AODWakeLock: longWakeLock : release after:DozeHost#removeAodView hold:false
02-19 07:30:35.310  4171  4171 I AnalyticManager: trackAodVisibility: false
02-19 07:30:35.310  4171  4171 I AnalyticManager: saveAodVisibleEvent: 616577
02-19 07:30:35.310  5055  5269 D BtGatt.GattService: onScanFilterParamsConfigured() - clientIf=4, status=0, action=0, availableSpace=62
02-19 07:30:35.310  5055  5269 D BtGatt.ScanManager: callback done for scannerId - 4 status - 0
02-19 07:30:35.311  4171  4171 D AlarmTimeout: AlarmTimeout cancel doze_time_tick
02-19 07:30:35.311  1174  1174 I sensors-hal: batch:242, android.sensor.light/51, period=500000000, max_latency=0
02-19 07:30:35.311  1174  1174 I sensors-hal: set_config:68, no need to adjust sample_period_ns due to on_change_sp_enabled = 1 or reporting_mode = 2
02-19 07:30:35.311  4171  4171 E FocusNotification: OnAodFocusViewChanged enable=false
02-19 07:30:35.311  1174  1174 I sensors-hal: batch:251, android.sensor.light/51, period=500000000, max_latency=0 request completed
02-19 07:30:35.311  4171  4171 D AODWakeLock: longWakeLock : release from:MiuiDozeScreenBrightnessController#transitionTo hold:false
02-19 07:30:35.311  4171  4171 D AODWakeLock: longWakeLock : release after:MiuiDozeScreenBrightnessController#transitionTo hold:false
02-19 07:30:35.311  2005  3093 I SensorService: 	>>> actuating h/w activate handle=0x33 enabled=1
02-19 07:30:35.311  4171   997 D BroadcastDispatcher: MSG_REMOVE_RECEIVER: com.miui.aod.doze.DozeTriggers$TriggerReceiver@77e1ce4
02-19 07:30:35.311  1174  1174 I sensors-hal: activate:209, android.sensor.light/51 en=1
02-19 07:30:35.311  4171  4355 I NotificationController: getSortedKey: size 2
02-19 07:30:35.311  4171  4355 I NotificationController: getSortedKey: -1|android|26|null|1000__-1|android|32|null|1000__
02-19 07:30:35.311  1174  1174 I sensors-hal: get_qmi_debug_flag:282, support_qmi_debug : false
02-19 07:30:35.312  4171  4171 D QS      : setExpanded false
02-19 07:30:35.312  4171  4171 E LockScreenMagazinePreView: getFullScreenLayout()  mRemoteFullScreenView:null
02-19 07:30:35.312  4171  4171 E LockScreenMagazinePreView: getFullScreenLayout()  mRemoteFullScreenView:null
02-19 07:30:35.312  4171  4171 D CentralSurfaces: updateQsExpansionEnabled - QS Expand enabled: false
02-19 07:30:35.312  1129  1476 E minksocket: MinkIPC_QRTR_Service: client with node 1 port 5949 went down
02-19 07:30:35.313  4171  4648 D KeyguardViewMediator: updateActivityLockScreenState(true, false)
02-19 07:30:35.314  1129  1476 E minksocket: MinkIPC_QRTR_Service: client with node 1 port 594a went down
02-19 07:30:35.315  1174  1174 I sensors-hal: send_sensor_config_request:502, dt=ambient_light: convert sample_period=500000000 to batch_period=500000
02-19 07:30:35.315  1129  1476 E minksocket: MinkIPC_QRTR_Service: client with node 1 port 594b went down
02-19 07:30:35.315  1174  1174 I sensors-hal: send_sync_sensor_request:364, send sync request
02-19 07:30:35.315  1174  1174 I sensors-hal: send_sync_sensor_request:390, wait for notification of response
02-19 07:30:35.316  4171  4171 D CentralSurfaces: updateQsExpansionEnabled - QS Expand enabled: false
02-19 07:30:35.317  1174 14564 I sensors-hal: ssc_conn_resp_cb:689, resp_value = 0
02-19 07:30:35.318 10762 10762 D TouchInteractionService: onSystemUiFlagsChanged, mSystemUiStateFlags=780001c4
02-19 07:30:35.318 10762 10762 D NavStubView_Touch: onSystemUiFlagsChanged  mIsShowStatusBar    old= true   new=true
02-19 07:30:35.318 10762 10762 D NavStubView_Touch: onSystemUiFlagsChanged  mIsShowNavBar    old= true   new=true
02-19 07:30:35.318 10762 10762 D NavStubView_Touch: onSystemUiFlagsChanged  isImmersiveNew    old= false   new=false
02-19 07:30:35.318 10762 10762 D NavStubView_Touch: onSystemUiFlagsChanged, mDisableHomeRecents = true, disableHomeRecents = true, isHomeDisabled = true, isRecentDisabled = true
02-19 07:30:35.318  2005  2325 W WindowOnBackDispatcher: sendCancelIfRunning: isInProgress=falsecallback=android.view.ViewRootImpl$$ExternalSyntheticLambda21@100d982
02-19 07:30:35.319  1221  1660 E SDM     : HWCSession::GetClientTargetProperty: GetClinetTargetProperty interface enter
02-19 07:30:35.319  1362  1527 D RenderEngine: skia drawWallpaperAnim name=Wallpaper BBQ wrapper#54413,  enableWallPaperAnim=1 wallpaperAnimProcess=1.000000
02-19 07:30:35.319  1362  1527 D RenderEngine: Wallpaper-Anim: progress=1.000000 shaderName=yahei
02-19 07:30:35.320  1129  1476 E minksocket: MinkIPC_QRTR_Service: client with node 1 port 594c went down
02-19 07:30:35.320  1174  1174 I sensors-hal: send_sync_sensor_request:396, takes 5 ms to receive the response with 0
02-19 07:30:35.320  1174  1174 I sensors-hal: activate:220, android.sensor.light/51 en=1 completed
02-19 07:30:35.321  1137  1545 I ExtendHAL: [HAL ] ExtendHal3Device.cpp:90 initialize()E cameraId: 1, m_bPassthroughMode: 0
02-19 07:30:35.321  1137  2891 E CamX    : [ERROR][NCS    ] camxncsservice.cpp:1007 EnqueueJob() Can not enqueue jobs when thread is stopped
02-19 07:30:35.321  1267  1326 D DisplayModuleUtils: light sensor start output
02-19 07:30:35.322  1221 18554 I MiStcImpl: Dispatching command: 3 PCC
02-19 07:30:35.322  1267  1326 D DisplayFeatureHal: HandleDisplayState: exit
02-19 07:30:35.322  2005  2325 D CoreBackPreview: Window{af7b430 u0 ScreenOnProximitySensorGuide}: Setting back callback null
02-19 07:30:35.323  1267 14568 D DisplayModuleUtils: set igc dither en 1, strength 5
02-19 07:30:35.323  1267 14568 D ColorManager: handleHistogramCmd enable histogram
02-19 07:30:35.323  1267 14568 D ColorManager: registerHistogram enter i= 0, hist_users[i] = 16, enable  = 1
02-19 07:30:35.324  1221 18554 I MiStcImpl: Dispatching command: 3 PCC
02-19 07:30:35.324  4171  4171 D ClockBaseAnimation: WallpaperParam   toLock WallPaperAnimProcess : 0.95874906
02-19 07:30:35.323  1267 14568 D ColorManager: crtc0 register Histogram enable:1 ->success
02-19 07:30:35.324  1362  2729 I IPCThreadState: oneway function results for code 903 on binder at 0xb400007ae14155c0 will be dropped but finished with status 1 (Unknown error -1)
02-19 07:30:35.324  1362  2737 I IPCThreadState: oneway function results for code 904 on binder at 0xb400007ae14155c0 will be dropped but finished with status 1 (Unknown error -1)
02-19 07:30:35.324  4171  4171 D backgroundBlur: enablePassWindowBlur disable com.android.systemui.shade.NotificationShadeWindowView
02-19 07:30:35.325  1362  2737 I BpBinder: onLastStrongRef automatically unlinking death recipients: 
02-19 07:30:35.325  1130  1246 D audio_hw_primary: adev_set_parameters: enter: screen_state=on
02-19 07:30:35.325  4171  1015 I MMKV    : <MMKV.cpp:1179::sync> MMKV::sync, SyncFlag = 0
02-19 07:30:35.325  4171  1015 I MiuiDozeScreenBrightnessController: unregister sensor listener
02-19 07:30:35.325  4171  1015 I MiuiDozeScreenBrightnessController: unregister non ui sensor listener
02-19 07:30:35.326  1221 18554 I MiStcImpl: Dispatching command: 3 PCC
02-19 07:30:35.326  2005  6313 I SensorService: 	>>> actuating h/w activate handle=0x50c enabled=0
02-19 07:30:35.326  1130  1246 V msm8974_platform: platform_set_parameters: enter: screen_state=on
02-19 07:30:35.326  4171  4171 I GlassNumberView: mDrawMatrix = Matrix{[1.0, 0.0, 0.0][0.0, 1.0, 0.0][0.0, 0.0, 1.0]} index = 0
02-19 07:30:35.326  4171  4171 I GlassNumberView: mDrawMatrix = Matrix{[1.0, 0.0, 0.0][0.0, 1.0, 0.0][0.0, 0.0, 1.0]} index = 7
02-19 07:30:35.327  4171  4171 I GlassNumberView: mDrawMatrix = Matrix{[1.0, 0.0, 0.0][0.0, 1.0, 0.0][0.0, 0.0, 1.0]} index = 3
02-19 07:30:35.327  4171  4171 I GlassNumberView: mDrawMatrix = Matrix{[1.0, 0.0, 0.0][0.0, 1.0, 0.0][0.0, 0.0, 1.0]} index = 0
02-19 07:30:35.327  1130  1246 D msm8974_platform: platform_set_parameters: exit with code(0)
02-19 07:30:35.328  1221 18554 I MiStcImpl: Dispatching command: 9 SET_DPPS_PROP
02-19 07:30:35.329  4171  4355 I NotificationController: printNotificationData: notificationDataList 2
02-19 07:30:35.329  4171  4355 I NotificationController: NotificationData{mPackageName='android', mClassName='', mTravelDisplay=false, mPostTime=1771471477606, mKey='-1|android|26|null|1000', mIsForegroundService=false, mHasProgressBar=false}
02-19 07:30:35.329  4171  4355 I NotificationController: NotificationData{mPackageName='android', mClassName='', mTravelDisplay=false, mPostTime=1771471477603, mKey='-1|android|32|null|1000', mIsForegroundService=false, mHasProgressBar=false}
02-19 07:30:35.330  1174  1174 I sensors-hal: activate:209, xiaomi.sensor.aod/1292 en=0
02-19 07:30:35.330  1130  1246 D sound_trigger_hw: handle_screen_status_change: screen on
02-19 07:30:35.331  1130  1246 D audio_hw_cspl_cal: cirrus_cal_setparameters: enter 0xf10bb000
02-19 07:30:35.331  1129  1476 E minksocket: MinkIPC_QRTR_Service: client with node 1 port 591e went down
02-19 07:30:35.331  1174  1174 I sensors-hal: activate:220, xiaomi.sensor.aod/1292 en=0 completed
02-19 07:30:35.333  2005  4590 I SensorService: 	>>> actuating h/w activate handle=0x4f8 enabled=0
02-19 07:30:35.333  1221 18558 I MiStcImpl: Dispatching command: 3 PCC
02-19 07:30:35.333  1174  1174 I sensors-hal: activate:209, xiaomi.sensor.nonui/1272 en=0
02-19 07:30:35.334  2005  2325 W InputManager-JNI: Input channel object 'af7b430 ScreenOnProximitySensorGuide (client)' was disposed without first being removed with the input manager!
02-19 07:30:35.334  1221 18558 I MiStcImpl: Dispatching command: 3 PCC
02-19 07:30:35.335  1362  1527 D RenderEngine: skia drawWallpaperAnim name=Wallpaper BBQ wrapper#54413,  enableWallPaperAnim=1 wallpaperAnimProcess=0.958749
02-19 07:30:35.335  1362  1527 D RenderEngine: Wallpaper-Anim: progress=0.958749 shaderName=yahei
02-19 07:30:35.336  1221  1660 E SDM     : HWCSession::GetClientTargetProperty: GetClinetTargetProperty interface enter
02-19 07:30:35.336  1137  2891 E CamX    : [ERROR][NCS    ] camxncsservice.cpp:1007 EnqueueJob() Can not enqueue jobs when thread is stopped
02-19 07:30:35.336  1174 14564 I sensors-hal: handle_indication_realtime:471,  SCHED_FIFO(10) for qmi_cbk
02-19 07:30:35.336  1174 14564 I sensors-hal: handle_sns_std_sensor_event:57, light_event: ts=754570197451904, lux: 11.0, extra_info=0 
02-19 07:30:35.337  1174 14564 I sensors-hal: handle_sns_std_sensor_event:57, light_event: ts=754570212942894, lux: 11.0, extra_info=0 
02-19 07:30:35.337  1267 14568 D ColorManager: registerHistogram enter i= 1, hist_users[i] = 16, enable  = 1
02-19 07:30:35.337  1130  1246 D ultrasound_extn: ultrasound_extn_set_parameters: enter, state 0
02-19 07:30:35.337  1130  1246 D audio_hw_primary: adev_set_parameters: exit with code(0)
02-19 07:30:35.339  1174  1174 I sensors-hal: activate:220, xiaomi.sensor.nonui/1272 en=0 completed
02-19 07:30:35.340  2005  2325 I WindowManager: cancelAnimation removed leash : Surface(name=Surface(name=2db06ff StatusBar#107)/@0xd455b15 - animation-leash of insets_animation#91173)/@0xc5be35c
02-19 07:30:35.342  2005  2325 I WindowManager: cancelAnimation removed leash : Surface(name=Surface(name=f030be3 NavigationBar0#102)/@0xce88499 - animation-leash of insets_animation#91174)/@0x489af3a
02-19 07:30:35.343  1267 14568 D ColorManager: crtc1 register Histogram enable:1 ->success
02-19 07:30:35.344  1221 18558 I MiStcImpl: Dispatching command: 9 SET_DPPS_PROP
02-19 07:30:35.344  1267  1326 D DisplayFeatureHal: HandleIncreasedContrast enter
02-19 07:30:35.344  1267  1326 I DisplayFeatureHal: setFlatMode function_id=0 modeId=0 mFlatStatus=0
02-19 07:30:35.344  1267  1326 D MiDisplayDM: setFeature, feature_id:0
02-19 07:30:35.344  1267 14568 D ColorManager: registerHistogram enter i= 2, hist_users[i] = 16, enable  = 1
02-19 07:30:35.344  1267 14568 D ColorManager: crtc2 register Histogram enable:1 ->success
02-19 07:30:35.344  1221 18558 I MiStcImpl: Dispatching command: 9 SET_DPPS_PROP
02-19 07:30:35.345  2005  2325 D WindowManager: wms.Input focus has changed to Window{2322c46 u0 NotificationShade} display=0 updateInputWindows = true
02-19 07:30:35.345  2005  2325 I MultiSenceManagerInternalStub: getInstance
02-19 07:30:35.345  1267 14568 D ColorManager: registerHistogram enter i= 3, hist_users[i] = 16, enable  = 1
02-19 07:30:35.345  1267 14568 D ColorManager: crtc3 register Histogram enable:1 ->success
02-19 07:30:35.345  1129  1476 E minksocket: MinkIPC_QRTR_Service: client with node 1 port 5923 went down
02-19 07:30:35.348  1362  2729 I SurfaceFlinger: sf.setTransactionState focusRequest transactionId:8611465082316 frontWin:2322c46 NotificationShade
02-19 07:30:35.348  1221 18558 I MiStcImpl: Dispatching command: 7 LUT
02-19 07:30:35.348  1221 18558 I MiStcImpl: Dispatching command: 9 SET_DPPS_PROP
02-19 07:30:35.348  1221 18558 E SDM     : HWCSession::GetDisplayIndex: Display index not found for display 3.
02-19 07:30:35.348  1221 18558 E SDM     : HWCSession::notifyCallback: Invalid display = 3
02-19 07:30:35.348  1130  4868 D r_submix: adev_set_parameters() kvpairs='screen_state=on'
02-19 07:30:35.350  1135  5767 I vendor.qti.bluetooth@1.0-ibs_handler: ProcessIbsCmd: Received IBS_SLEEP_IND: 0xFE
02-19 07:30:35.350 10762 10762 D TouchInteractionService: onSystemUiFlagsChanged, mSystemUiStateFlags=780201c4
02-19 07:30:35.350 10762 10762 D NavStubView_Touch: onSystemUiFlagsChanged  mIsShowStatusBar    old= true   new=true
02-19 07:30:35.350 10762 10762 D NavStubView_Touch: onSystemUiFlagsChanged  mIsShowNavBar    old= true   new=true
02-19 07:30:35.350 10762 10762 D NavStubView_Touch: onSystemUiFlagsChanged  isImmersiveNew    old= false   new=false
02-19 07:30:35.350 10762 10762 D NavStubView_Touch: onSystemUiFlagsChanged, mDisableHomeRecents = true, disableHomeRecents = true, isHomeDisabled = true, isRecentDisabled = true
02-19 07:30:35.351  1362  1362 I SurfaceFlinger: sf.transactionReadyTimelineCheck focusRequest transactionId:8611465082316 vsyncId: -1
02-19 07:30:35.352  1267  1326 D DisplayFeatureHal: set mode:2 ppMode:256 over done.... ret 0
02-19 07:30:35.352  1362  1362 D RefreshRateSelector: Touch Boost
02-19 07:30:35.352  1362  1362 D MI-SF   : mIsSupportAutomodeForMaxFpsSetting is 0(0), getCurrentBrightness() = 104(653), mIsKeepAutoMode 0
02-19 07:30:35.352  1362  1362 D RefreshRateSelector: fixedMode_group: 0, isFindModeGroup 0
02-19 07:30:35.352  1362  1362 D RefreshRateSelector: find max refresh rate:60, mode Group:0
02-19 07:30:35.352  2005  2005 W Looper  : Slow dispatch took 139ms main h=android.app.ActivityThread$H c=android.app.LoadedApk$ReceiverDispatcher$Args$$ExternalSyntheticLambda0@2dd6c94 m=0
02-19 07:30:35.353  1221  1660 E SDM     : HWCSession::GetClientTargetProperty: GetClinetTargetProperty interface enter
02-19 07:30:35.353  2005  2005 I WindowManager: Finished waking up... (groupId=0 why=ON_BECAUSE_OF_USER)
02-19 07:30:35.354  1362  1527 D RenderEngine: skia drawWallpaperAnim name=Wallpaper BBQ wrapper#54413,  enableWallPaperAnim=1 wallpaperAnimProcess=0.958749
02-19 07:30:35.354  1362  1527 D RenderEngine: Wallpaper-Anim: progress=0.958749 shaderName=yahei
02-19 07:30:35.354  4171  4810 D KeyguardService: onFinishedWakingUp
02-19 07:30:35.354  4171  4171 D ClockBaseAnimation: WallpaperParam   toLock WallPaperAnimProcess : 0.8603951
02-19 07:30:35.355  4171  4171 I GlassNumberView: mDrawMatrix = Matrix{[1.0, 0.0, 0.0][0.0, 1.0, 0.0][0.0, 0.0, 1.0]} index = 0
02-19 07:30:35.355  4171  4171 I GlassNumberView: mDrawMatrix = Matrix{[1.0, 0.0, 0.0][0.0, 1.0, 0.0][0.0, 0.0, 1.0]} index = 7
02-19 07:30:35.355  4171  4171 I GlassNumberView: mDrawMatrix = Matrix{[1.0, 0.0, 0.0][0.0, 1.0, 0.0][0.0, 0.0, 1.0]} index = 3
02-19 07:30:35.355  4171  4171 I GlassNumberView: mDrawMatrix = Matrix{[1.0, 0.0, 0.0][0.0, 1.0, 0.0][0.0, 0.0, 1.0]} index = 0
02-19 07:30:35.356  1137  1545 E CamX    : [ERROR][STATS_AEC] camxcaecstatsprocessor.cpp:5920 SetupStaticNCSLinkForSensor() CAECLight: Unable to Query caps sensor type 7 error CamxResultEFailed
02-19 07:30:35.356  1137  1545 E CamX    : [ERROR][STATS_AEC] camxcaecstatsprocessor.cpp:5920 SetupStaticNCSLinkForSensor() CAECLight: Unable to Query caps sensor type 8 error CamxResultEFailed
02-19 07:30:35.356  1137  1545 E CamX    : [ERROR][STATS_AEC] camxcaecstatsprocessor.cpp:5920 SetupStaticNCSLinkForSensor() CAECLight: Unable to Query caps sensor type 9 error CamxResultEFailed
02-19 07:30:35.356  1221 18558 I MiStcImpl: Dispatching command: 3 PCC
02-19 07:30:35.356  1267  1326 D DisplayFeatureHal: HandleIncreasedContrast exit
02-19 07:30:35.357  1221 18558 I MiStcImpl: Dispatching command: 3 PCC
02-19 07:30:35.357 11546 11546 D BoundBrokerSvc: onRebind: Intent { act=com.google.android.gms.findmydevice.spot.service.locationreport.START dat=chimera-action:/... cmp=com.google.android.gms/.chimera.PersistentApiService }
02-19 07:30:35.357  1174  1174 I sensors-hal: batch:242, android.sensor.light/51, period=1000000, max_latency=0
02-19 07:30:35.357  1174  1174 I sensors-hal: set_config:68, no need to adjust sample_period_ns due to on_change_sp_enabled = 1 or reporting_mode = 2
02-19 07:30:35.357  1174  1174 I sensors-hal: send_sensor_config_request:502, dt=ambient_light: convert sample_period=1000000 to batch_period=1000
02-19 07:30:35.358  1174  1174 I sensors-hal: send_sync_sensor_request:364, send sync request
02-19 07:30:35.358  1174  1174 I sensors-hal: send_sync_sensor_request:390, wait for notification of response
02-19 07:30:35.358  1221 18558 I MiStcImpl: Dispatching command: 3 PCC
02-19 07:30:35.358  1362  2729 I IPCThreadState: oneway function results for code 903 on binder at 0xb400007ae14155c0 will be dropped but finished with status 1 (Unknown error -1)
02-19 07:30:35.359  1129  1476 E minksocket: MinkIPC_QRTR_Service: client with node 1 port 594e went down
02-19 07:30:35.359  1174 14564 I sensors-hal: ssc_conn_resp_cb:689, resp_value = 0
02-19 07:30:35.359  1129  1476 E minksocket: MinkIPC_QRTR_Service: client with node 1 port 594f went down
02-19 07:30:35.359  1129  1476 E minksocket: MinkIPC_QRTR_Service: client with node 1 port 5950 went down
02-19 07:30:35.359  1362  1524 I IPCThreadState: oneway function results for code 904 on binder at 0xb400007ae14155c0 will be dropped but finished with status 1 (Unknown error -1)
02-19 07:30:35.359  1174  1174 I sensors-hal: send_sync_sensor_request:396, takes 1 ms to receive the response with 0
02-19 07:30:35.359  1129  1476 E minksocket: MinkIPC_QRTR_Service: client with node 1 port 5951 went down
02-19 07:30:35.359  1174  1174 I sensors-hal: batch:251, android.sensor.light/51, period=1000000, max_latency=0 request completed
02-19 07:30:35.360  1362  1524 D MI-SF   : mForceColorModeUserStatus: 0
02-19 07:30:35.360  4171  4171 I DozeServicePluginImpl: plugin onDestroy: 
02-19 07:30:35.362 10762 10762 D TouchInteractionService: onSystemUiFlagsChanged, mSystemUiStateFlags=700201c4
02-19 07:30:35.362 10762 10762 D TouchInteractionService: onSystemUiFlagsChanged, mSystemUiStateFlags=500001c4
02-19 07:30:35.362 10762 10762 D NavStubView_Touch: onSystemUiFlagsChanged  mIsShowStatusBar    old= true   new=true
02-19 07:30:35.362 10762 10762 D NavStubView_Touch: onSystemUiFlagsChanged  mIsShowNavBar    old= true   new=true
02-19 07:30:35.362 10762 10762 D NavStubView_Touch: onSystemUiFlagsChanged  isImmersiveNew    old= false   new=false
02-19 07:30:35.362 10762 10762 D NavStubView_Touch: onSystemUiFlagsChanged, mDisableHomeRecents = true, disableHomeRecents = true, isHomeDisabled = true, isRecentDisabled = true
02-19 07:30:35.362 10762 10762 D TouchInteractionService: onSystemUiFlagsChanged, mSystemUiStateFlags=500001c4
02-19 07:30:35.362 10762 10762 D NavStubView_Touch: onSystemUiFlagsChanged  mIsShowStatusBar    old= true   new=true
02-19 07:30:35.362 10762 10762 D NavStubView_Touch: onSystemUiFlagsChanged  mIsShowNavBar    old= true   new=true
02-19 07:30:35.362 10762 10762 D NavStubView_Touch: onSystemUiFlagsChanged  isImmersiveNew    old= false   new=false
02-19 07:30:35.362 10762 10762 D NavStubView_Touch: onSystemUiFlagsChanged, mDisableHomeRecents = true, disableHomeRecents = true, isHomeDisabled = true, isRecentDisabled = true
02-19 07:30:35.362 10762 10762 D NavStubView_Touch: onSystemUiFlagsChanged  mIsShowStatusBar    old= true   new=true
02-19 07:30:35.362 10762 10762 D NavStubView_Touch: onSystemUiFlagsChanged  mIsShowNavBar    old= true   new=true
02-19 07:30:35.362 10762 10762 D NavStubView_Touch: onSystemUiFlagsChanged  isImmersiveNew    old= false   new=false
02-19 07:30:35.362 10762 10762 D NavStubView_Touch: onSystemUiFlagsChanged, mDisableHomeRecents = true, disableHomeRecents = true, isHomeDisabled = true, isRecentDisabled = true
02-19 07:30:35.362  4171  4171 D CentralSurfaces: Received new disable state: enaiHBcRso.qingr (unchanged)
02-19 07:30:35.362  4171  4171 D CollapsedStatusBarFragment: adjustDisableFlags: ShadeExpansionState = 2 mHideIconsForBouncer = false mWereIconsJustHidden = false, mWakeUpCoordinator.getNotificationsFullyHidden = false, mIsExpanded = true, mBypassController.getBypassEnabled = false, mStatusBarStateController.getState() = 1, mKeyguardStateController.isKeyguardGoingAway() = false, mHeadsUpManager.hasPinnedHeadsUp = false, mControlPanelExpand = false
02-19 07:30:35.362  4171  4171 D ControlCenter: disable1: 0x01600000 -> 0x01600000 (diff1: 0x00000000)
02-19 07:30:35.362  4171  4171 D ControlCenter: disable2: 0x00000000 -> 0x00000000 (diff2: 0x00000000)
02-19 07:30:35.362  4171  4171 D QS      : setListening true
02-19 07:30:35.362  1221 18558 I MiStcImpl: Dispatching command: 3 PCC
02-19 07:30:35.362  4171  4171 D CentralSurfaces: Received new disable state: enaiHBcRso.qingr (unchanged)
02-19 07:30:35.362  4171  4171 D CollapsedStatusBarFragment: adjustDisableFlags: ShadeExpansionState = 2 mHideIconsForBouncer = false mWereIconsJustHidden = false, mWakeUpCoordinator.getNotificationsFullyHidden = false, mIsExpanded = true, mBypassController.getBypassEnabled = false, mStatusBarStateController.getState() = 1, mKeyguardStateController.isKeyguardGoingAway() = false, mHeadsUpManager.hasPinnedHeadsUp = false, mControlPanelExpand = false
02-19 07:30:35.362  4171  4171 D ControlCenter: disable1: 0x01600000 -> 0x01600000 (diff1: 0x00000000)
02-19 07:30:35.362  4171  4171 D ControlCenter: disable2: 0x00000000 -> 0x00000000 (diff2: 0x00000000)
02-19 07:30:35.362  4171  4171 D Utilities:  oldHints : 0 backDisposition : 0 imeShown : false hints 0
02-19 07:30:35.363  1221 18558 I MiStcImpl: Dispatching command: 3 PCC
02-19 07:30:35.363  1137  2891 E CamX    : [ERROR][NCS    ] camxncsservice.cpp:1007 EnqueueJob() Can not enqueue jobs when thread is stopped
02-19 07:30:35.363  1174 14564 I sensors-hal: handle_sns_std_sensor_event:57, light_event: ts=754570239992113, lux: 11.0, extra_info=0 
02-19 07:30:35.365  1221 18558 I MiStcImpl: Dispatching command: 3 PCC
02-19 07:30:35.367  1221 18558 I MiStcImpl: Dispatching command: 3 PCC
02-19 07:30:35.368  1362  1362 D RefreshRateSelector: Touch Boost
02-19 07:30:35.368  1174 14564 I sensors-hal: handle_sns_std_sensor_event:57, light_event: ts=754570245134352, lux: 11.0, extra_info=0 
02-19 07:30:35.368  1362  1362 D MI-SF   : mIsSupportAutomodeForMaxFpsSetting is 0(0), getCurrentBrightness() = 126(653), mIsKeepAutoMode 0
02-19 07:30:35.368  1362  1362 D RefreshRateSelector: fixedMode_group: 0, isFindModeGroup 0
02-19 07:30:35.368  1362  1362 D RefreshRateSelector: find max refresh rate:60, mode Group:0
02-19 07:30:35.368  4171  4171 D ClockBaseAnimation: WallpaperParam   toLock WallPaperAnimProcess : 0.6275952
02-19 07:30:35.369  1362  1527 D RenderEngine: skia drawWallpaperAnim name=Wallpaper BBQ wrapper#54413,  enableWallPaperAnim=1 wallpaperAnimProcess=0.860395
02-19 07:30:35.369  1362  1527 D RenderEngine: Wallpaper-Anim: progress=0.860395 shaderName=yahei
02-19 07:30:35.370  1221  1660 E SDM     : HWCSession::GetClientTargetProperty: GetClinetTargetProperty interface enter
02-19 07:30:35.370  1362  1524 I IPCThreadState: oneway function results for code 903 on binder at 0xb400007ae14155c0 will be dropped but finished with status 1 (Unknown error -1)
02-19 07:30:35.370  1362  1524 I IPCThreadState: oneway function results for code 904 on binder at 0xb400007ae14155c0 will be dropped but finished with status 1 (Unknown error -1)
02-19 07:30:35.371  4171  4171 I GlassNumberView: mDrawMatrix = Matrix{[1.0, 0.0, 0.0][0.0, 1.0, 0.0][0.0, 0.0, 1.0]} index = 0
02-19 07:30:35.371  4171  4171 I GlassNumberView: mDrawMatrix = Matrix{[1.0, 0.0, 0.0][0.0, 1.0, 0.0][0.0, 0.0, 1.0]} index = 7
02-19 07:30:35.371  4171  4171 I GlassNumberView: mDrawMatrix = Matrix{[1.0, 0.0, 0.0][0.0, 1.0, 0.0][0.0, 0.0, 1.0]} index = 3
02-19 07:30:35.371  4171  4171 I GlassNumberView: mDrawMatrix = Matrix{[1.0, 0.0, 0.0][0.0, 1.0, 0.0][0.0, 0.0, 1.0]} index = 0
02-19 07:30:35.377  1221 18558 I MiStcImpl: Dispatching command: 3 PCC
02-19 07:30:35.377  1137  1545 E CHIUSECASE: [ERROR  ] chxextensionmodule.cpp:1346 ExtendOpen() SetCameraProviderToCameraDaemon begin!
02-19 07:30:35.377  1221 18558 I MiStcImpl: Dispatching command: 3 PCC
02-19 07:30:35.379  1221 18558 I MiStcImpl: Dispatching command: 3 PCC
02-19 07:30:35.380  1221 18558 I MiStcImpl: Dispatching command: 3 PCC
02-19 07:30:35.384  4171  4171 D ClockBaseAnimation: WallpaperParam   toLock WallPaperAnimProcess : 0.52171427
02-19 07:30:35.384  1362  1524 I IPCThreadState: oneway function results for code 903 on binder at 0xb400007ae14155c0 will be dropped but finished with status 1 (Unknown error -1)
02-19 07:30:35.384  1362  1524 I IPCThreadState: oneway function results for code 904 on binder at 0xb400007ae14155c0 will be dropped but finished with status 1 (Unknown error -1)
02-19 07:30:35.384  1362  1527 D RenderEngine: skia drawWallpaperAnim name=Wallpaper BBQ wrapper#54413,  enableWallPaperAnim=1 wallpaperAnimProcess=0.627595
02-19 07:30:35.384  1362  1527 D RenderEngine: Wallpaper-Anim: progress=0.627595 shaderName=yahei
02-19 07:30:35.384  4171  4171 I GlassNumberView: mDrawMatrix = Matrix{[1.0, 0.0, 0.0][0.0, 1.0, 0.0][0.0, 0.0, 1.0]} index = 0
02-19 07:30:35.384  4171  4171 I GlassNumberView: mDrawMatrix = Matrix{[1.0, 0.0, 0.0][0.0, 1.0, 0.0][0.0, 0.0, 1.0]} index = 7
02-19 07:30:35.384  4171  4171 I GlassNumberView: mDrawMatrix = Matrix{[1.0, 0.0, 0.0][0.0, 1.0, 0.0][0.0, 0.0, 1.0]} index = 3
02-19 07:30:35.384  4171  4171 I GlassNumberView: mDrawMatrix = Matrix{[1.0, 0.0, 0.0][0.0, 1.0, 0.0][0.0, 0.0, 1.0]} index = 0
02-19 07:30:35.385  1221  1660 E SDM     : HWCSession::GetClientTargetProperty: GetClinetTargetProperty interface enter
02-19 07:30:35.386  1362  1527 D RenderEngine: skia drawWallpaperAnim name=Wallpaper BBQ wrapper#54413,  enableWallPaperAnim=1 wallpaperAnimProcess=0.627595
02-19 07:30:35.386  1362  1527 D RenderEngine: Wallpaper-Anim: progress=0.627595 shaderName=yahei
02-19 07:30:35.386  1221 18558 I MiStcImpl: Dispatching command: 3 PCC
02-19 07:30:35.387  5055  5413 D BtGatt.ScanManager: start gattClientScanNative from startRegularScan()
02-19 07:30:35.387  5055  5413 D BtGatt.ScanManager: configureRegularScanParams() - queue=1
02-19 07:30:35.388  5055  5413 D BtGatt.ScanManager: configureRegularScanParams() - ScanSetting LE 1M Scan mode=1 ScanSetting LE Coded Scan mode=-2147483648 mLastConfiguredScanSettingLE1M=-2147483648 mLastConfiguredScanSettingLECoded=-2147483648 scanPhy=1
02-19 07:30:35.389  1135  5767 I vendor.qti.bluetooth@1.0-ibs_handler: ProcessIbsCmd: Received IBS_WAKE_IND: 0xFD
02-19 07:30:35.389  1135  5767 I vendor.qti.bluetooth@1.0-ibs_handler: ProcessIbsCmd: Writing IBS_WAKE_ACK
02-19 07:30:35.390  1137  1545 E CHIUSECASE: [ERROR  ] chxextensionmodule.cpp:1348 ExtendOpen() SetCameraProviderToCameraDaemon end!
02-19 07:30:35.391  5055  5413 D BtGatt.ScanManager: configureRegularScanParams() - queue emtpy, scan stopped
02-19 07:30:35.391  5055  5413 W BtGatt.ScanManager: trackLeScan() - mLastStartTime = 0
02-19 07:30:35.391  5055  5413 D BtGatt.ScanManager: configureRegularScanParams - scanInterval LE 1M = 730 configureRegularScanParams - scanWindow LE 1M= 183 configureRegularScanParams - scanInterval LE Coded= -2147483648 configureRegularScanParams - scanWindow LE Coded= -2147483648
02-19 07:30:35.391  5055  5413 D BtGatt.ScanManager: apply scan timeout (300000)to scannerId 4
02-19 07:30:35.391  5055  5269 E BtGatt.ContextMap: Context not found for ID 4
02-19 07:30:35.391  5055  5269 E BtGatt.GattService: Advertise app or callback is null
02-19 07:30:35.391  5055  5413 I BtGatt.ScanManager: msg.what = MSG_SCREEN_ON, msg.arg1 = None
02-19 07:30:35.395  2005  2944 I SmartPower: com.google.android.gms/10139(6503): idle->background(7844ms) R(service bind com.google.android.gms/.chimera.GmsApiService) adj=200.
02-19 07:30:35.396  6503  6503 D BoundBrokerSvc: onRebind: Intent { act=com.google.android.gms.onboardingconsent.api.ConsentManagerApiService.START dat=chimera-action:/... cmp=com.google.android.gms/.chimera.GmsApiService }
02-19 07:30:35.397  1221 18558 I MiStcImpl: Dispatching command: 3 PCC
02-19 07:30:35.400  4171  4171 D ClockBaseAnimation: WallpaperParam   toLock WallPaperAnimProcess : 0.4292479
02-19 07:30:35.400  1362  2737 I IPCThreadState: oneway function results for code 903 on binder at 0xb400007ae14155c0 will be dropped but finished with status 1 (Unknown error -1)
02-19 07:30:35.400  1362  1527 D RenderEngine: skia drawWallpaperAnim name=Wallpaper BBQ wrapper#54413,  enableWallPaperAnim=1 wallpaperAnimProcess=0.521714
02-19 07:30:35.401  1362  1527 D RenderEngine: Wallpaper-Anim: progress=0.521714 shaderName=yahei
02-19 07:30:35.401  1362  2737 I IPCThreadState: oneway function results for code 904 on binder at 0xb400007ae14155c0 will be dropped but finished with status 1 (Unknown error -1)
02-19 07:30:35.401  1221  1660 E SDM     : HWCSession::GetClientTargetProperty: GetClinetTargetProperty interface enter
02-19 07:30:35.401  4171  4171 I GlassNumberView: mDrawMatrix = Matrix{[1.0, 0.0, 0.0][0.0, 1.0, 0.0][0.0, 0.0, 1.0]} index = 0
02-19 07:30:35.401  4171  4171 I GlassNumberView: mDrawMatrix = Matrix{[1.0, 0.0, 0.0][0.0, 1.0, 0.0][0.0, 0.0, 1.0]} index = 7
02-19 07:30:35.401  4171  4171 I GlassNumberView: mDrawMatrix = Matrix{[1.0, 0.0, 0.0][0.0, 1.0, 0.0][0.0, 0.0, 1.0]} index = 3
02-19 07:30:35.401  4171  4171 I GlassNumberView: mDrawMatrix = Matrix{[1.0, 0.0, 0.0][0.0, 1.0, 0.0][0.0, 0.0, 1.0]} index = 0
02-19 07:30:35.403  1221 18558 I MiStcImpl: Dispatching command: 3 PCC
02-19 07:30:35.406  1221 18558 I MiStcImpl: Dispatching command: 3 PCC
02-19 07:30:35.407  1137  1545 I ExtendHAL: [Core] MiCamExtensionModule.cpp:69 extendOpen()device: 0xb4000070d5db0b50 cameraIdArr: 1 result: 0
02-19 07:30:35.407  1137  1545 I ExtendHAL: [Core] MiCamExtensionModule.cpp:71 extendOpen()get devices version: 773
02-19 07:30:35.407  1137  1545 I ExtendHAL: [HAL ] ExtendHal3Device.cpp:108 initialize()X mExtendHAL3Device: 0xb4000070d5db0b50, result: 0
02-19 07:30:35.409  2005  2348 I SmartPower: com.facebook.katana/10282(25568): idle->background(39914ms) R(broadcast start Intent { act=android.intent.action.SCREEN_ON flg=0x50200010 }) adj=915.
02-19 07:30:35.411  2005  3234 I MiuiNetworkPolicy: updateUidState uid = 10282, uidState = 11
02-19 07:30:35.414  1137  1545 I ExtendHAL: [HAL ] ExtendHal3.cpp:158 initialize()initialize(): 0xb4000070d68440d0, 0xb4000070d40e96d0
02-19 07:30:35.414  1137  1545 I ExtendHAL: [HAL ] ExtendHal3Device.cpp:74 setCallbackOps()cameraId 1
02-19 07:30:35.415  1137  1545 W libc    : Access denied finding property "ro.camera.req.fmq.size"
02-19 07:30:35.409  1137  1137 W HwBinder:1137_2: type=1400 audit(0.0:1912881): avc:  denied  { read } for  name="u:object_r:default_prop:s0" dev="tmpfs" ino=13020 scontext=u:r:hal_camera_default:s0 tcontext=u:object_r:default_prop:s0 tclass=file permissive=0
02-19 07:30:35.415  6503  6533 W ConsentManagerApiServic: Consent Manager API is not enabled. [CONTEXT service_id=460 ]
02-19 07:30:35.417  1362  1527 D RenderEngine: skia drawWallpaperAnim name=Wallpaper BBQ wrapper#54413,  enableWallPaperAnim=1 wallpaperAnimProcess=0.429248
02-19 07:30:35.417  1362  1527 D RenderEngine: Wallpaper-Anim: progress=0.429248 shaderName=yahei
02-19 07:30:35.417  4171  4171 D ClockBaseAnimation: WallpaperParam   toLock WallPaperAnimProcess : 0.35067192
02-19 07:30:35.417  1221  1660 E SDM     : HWCSession::GetClientTargetProperty: GetClinetTargetProperty interface enter
02-19 07:30:35.418  1362  2737 I IPCThreadState: oneway function results for code 903 on binder at 0xb400007ae14155c0 will be dropped but finished with status 1 (Unknown error -1)
02-19 07:30:35.418  1362  2737 I IPCThreadState: oneway function results for code 904 on binder at 0xb400007ae14155c0 will be dropped but finished with status 1 (Unknown error -1)
02-19 07:30:35.418  4171  4171 I GlassNumberView: mDrawMatrix = Matrix{[1.0, 0.0, 0.0][0.0, 1.0, 0.0][0.0, 0.0, 1.0]} index = 0
02-19 07:30:35.418  4171  4171 I GlassNumberView: mDrawMatrix = Matrix{[1.0, 0.0, 0.0][0.0, 1.0, 0.0][0.0, 0.0, 1.0]} index = 7
02-19 07:30:35.418  4171  4171 I GlassNumberView: mDrawMatrix = Matrix{[1.0, 0.0, 0.0][0.0, 1.0, 0.0][0.0, 0.0, 1.0]} index = 3
02-19 07:30:35.418  4171  4171 I GlassNumberView: mDrawMatrix = Matrix{[1.0, 0.0, 0.0][0.0, 1.0, 0.0][0.0, 0.0, 1.0]} index = 0
02-19 07:30:35.419  4171  4171 D AODWakeLock: longWakeLock : release from:DozeUi#transitionTo hold:false
02-19 07:30:35.419  4171  4171 D AODWakeLock: longWakeLock : release after:DozeUi#transitionTo hold:false
02-19 07:30:35.419  4171  4171 D AODWakeLock: longWakeLock : release from:DozeMachine#requestState hold:true
02-19 07:30:35.419  1221  1660 I libdisplayconfigqti: Register client name: camxdisplay1137 device client: 0xb4000074d3e712a0
02-19 07:30:35.420  4171  4171 D AODWakeLock: longWakeLock : release after:DozeMachine#requestState hold:false
02-19 07:30:35.421  1137  1545 E FMQ     : grantorIdx must be less than 3
02-19 07:30:35.421  1221 18558 I MiStcImpl: Dispatching command: 3 PCC
02-19 07:30:35.421  1137  1545 W libc    : Access denied finding property "ro.camera.res.fmq.size"
02-19 07:30:35.421  1137  1545 E FMQ     : grantorIdx must be less than 3
02-19 07:30:35.417  1137  1137 W HwBinder:1137_2: type=1400 audit(0.0:1912882): avc:  denied  { read } for  name="u:object_r:default_prop:s0" dev="tmpfs" ino=13020 scontext=u:r:hal_camera_default:s0 tcontext=u:object_r:default_prop:s0 tclass=file permissive=0
02-19 07:30:35.423  1221  1660 I SDM     : ResourceImpl::SetMaxBandwidthMode: new bandwidth mode=1
02-19 07:30:35.425  6334  6334 I msguard : screen receiver:android.intent.action.SCREEN_ON
02-19 07:30:35.425  2005  2005 D MountServiceIdlerImpl: Get the action of screen on
02-19 07:30:35.426  1137  2891 E CamX    : [ERROR][NCS    ] camxncsintfqsee.cpp:2555 FillSensorData() Invalid sensor index -1
02-19 07:30:35.426  1221 18558 I MiStcImpl: Dispatching command: 3 PCC
02-19 07:30:35.429  6334  6334 D BroadcastExecutor: BroadcastExecutor : 2
02-19 07:30:35.431  6334  6334 D BroadcastExecutor: BroadcastExecutor : 2
02-19 07:30:35.431   701 14613 D vold    : idle maintenance stopped
02-19 07:30:35.434  4171  4171 D ClockBaseAnimation: WallpaperParam   toLock WallPaperAnimProcess : 0.28506252
02-19 07:30:35.434  1362  2737 I IPCThreadState: oneway function results for code 903 on binder at 0xb400007ae14155c0 will be dropped but finished with status 1 (Unknown error -1)
02-19 07:30:35.434  1362  2737 I IPCThreadState: oneway function results for code 904 on binder at 0xb400007ae14155c0 will be dropped but finished with status 1 (Unknown error -1)
02-19 07:30:35.434  1362  1527 D RenderEngine: skia drawWallpaperAnim name=Wallpaper BBQ wrapper#54413,  enableWallPaperAnim=1 wallpaperAnimProcess=0.350672
02-19 07:30:35.434  1362  1527 D RenderEngine: Wallpaper-Anim: progress=0.350672 shaderName=yahei
02-19 07:30:35.434  4171  4171 I GlassNumberView: mDrawMatrix = Matrix{[1.0, 0.0, 0.0][0.0, 1.0, 0.0][0.0, 0.0, 1.0]} index = 0
02-19 07:30:35.434  4171  4171 I GlassNumberView: mDrawMatrix = Matrix{[1.0, 0.0, 0.0][0.0, 1.0, 0.0][0.0, 0.0, 1.0]} index = 7
02-19 07:30:35.434  4171  4171 I GlassNumberView: mDrawMatrix = Matrix{[1.0, 0.0, 0.0][0.0, 1.0, 0.0][0.0, 0.0, 1.0]} index = 3
02-19 07:30:35.434  4171  4171 I GlassNumberView: mDrawMatrix = Matrix{[1.0, 0.0, 0.0][0.0, 1.0, 0.0][0.0, 0.0, 1.0]} index = 0
02-19 07:30:35.435  2000 13958 V CameraStub: initializeDeviceInfo:168 
02-19 07:30:35.436  2000 13958 I CameraImpl: initializeDeviceInfo 362 roleId is 1
02-19 07:30:35.437  1221 18558 I MiStcImpl: Dispatching command: 3 PCC
02-19 07:30:35.437  1135  5767 I vendor.qti.bluetooth@1.0-ibs_handler: ProcessIbsCmd: Received IBS_SLEEP_IND: 0xFE
02-19 07:30:35.437  1221 18558 I MiStcImpl: Dispatching command: 3 PCC
02-19 07:30:35.440  1221  1452 E SDM     : HWCSession::GetClientTargetProperty: GetClinetTargetProperty interface enter
02-19 07:30:35.442  2000 14618 V CameraStub: getMipiError:303
02-19 07:30:35.446  2005  6313 E CameraService_proxy: Recent tasks don't include camera client package name: com.miui.face
02-19 07:30:35.447  4171  4171 D MiuiClockController: fixed clock timezone, clockTimezone is null mCurrentTimezone is Europe/Istanbul
02-19 07:30:35.447  4171  4171 I GlassNumberView: mZeroTextWidth = 295, density = 2.75
02-19 07:30:35.447  4171  4171 I GlassNumberView: setPercentages, percentages = [0.91, 0.23, 0.16, 0.16, 0.26, 0.12, 0.06]
02-19 07:30:35.447  4171  4171 I GlassNumberView: mZeroTextWidth = 264, density = 2.75
02-19 07:30:35.447  4171  4171 I GlassNumberView: setPercentages, percentages = [0.91, 0.23, 0.16, 0.16, 0.26, 0.12, 0.06]
02-19 07:30:35.447  4171  4171 I GlassNumberView: mZeroTextWidth = 269, density = 2.75
02-19 07:30:35.447  4171  4171 I GlassNumberView: setPercentages, percentages = [0.91, 0.23, 0.16, 0.16, 0.26, 0.12, 0.06]
02-19 07:30:35.448  4171  4171 I GlassNumberView: mZeroTextWidth = 295, density = 2.75
02-19 07:30:35.448  4171  4171 I GlassNumberView: setPercentages, percentages = [0.91, 0.23, 0.16, 0.16, 0.26, 0.12, 0.06]
02-19 07:30:35.448  4171  4171 I GlassNumberView: mZeroTextWidth = 295, density = 2.75
02-19 07:30:35.448  4171  4171 I GlassNumberView: setPercentages, percentages = [0.91, 0.23, 0.16, 0.16, 0.26, 0.12, 0.06]
02-19 07:30:35.448  4171  4171 I GlassNumberView: mZeroTextWidth = 264, density = 2.75
02-19 07:30:35.448  4171  4171 I GlassNumberView: setPercentages, percentages = [0.91, 0.23, 0.16, 0.16, 0.26, 0.12, 0.06]
02-19 07:30:35.448  4136  4136 D BroadcastExecutor: BroadcastExecutor : 2
02-19 07:30:35.448  4171  4171 I GlassNumberView: mZeroTextWidth = 269, density = 2.75
02-19 07:30:35.448  4171  4171 I GlassNumberView: setPercentages, percentages = [0.91, 0.23, 0.16, 0.16, 0.26, 0.12, 0.06]
02-19 07:30:35.448  4171  4171 I GlassNumberView: mZeroTextWidth = 295, density = 2.75
02-19 07:30:35.448  4171  4171 I GlassNumberView: setPercentages, percentages = [0.91, 0.23, 0.16, 0.16, 0.26, 0.12, 0.06]
02-19 07:30:35.448  4171  4171 E AnimationHelper: updateTime mToAod:false mHasNotification: true, mClockType: rhombus
02-19 07:30:35.448  4171  4171 E AnimationHelper: com.android.keyguard.clock.animation.AnimationHelper@7a2c244 doAnimationToNotification hasNotification: true, fromKeyguard: false, mHasNotification: true, mToAod: false
02-19 07:30:35.448  4171  4171 E ClockBaseAnimation: com.android.keyguard.clock.animation.rhombus.RhombusDefaultClockAnimation@c4a2bcd doAnimationToNotification hasNotification: true, fromKeyguard: false   mFullTime.getWidth()=1080
02-19 07:30:35.449  4171  4171 D ClockBaseAnimation: updateColorLockState====   hour=#ffffffff   min=#ffd2e4ff  colon=#ffff5500
02-19 07:30:35.449  4171  4171 D ClockBaseAnimation: updateColorAodState====   aodHourColor=#ffd7d7d7   aodMinColor=#ffc1d3ed  aodColonColor=#ffd44600
02-19 07:30:35.449  4171  4171 D ClockBaseAnimation: updateColorNoticeState====   noticeHourColor=#ffffffff   noticeMinColor=#ffffffff  noticeColonColor=#ffffffff
02-19 07:30:35.449  4171  4171 D ClockBaseAnimation: updateAnimationState mFullTime: width = 1080 ,height = 1819 ,mHourParent: width = 1080 ,height = 1268 ,mMinParent: width = 1080 ,height = 1268 ,mHour1: width = 358 ,height = 463 ,mHour2: width = 303 ,height = 463 ,mMin1: width = 336 ,height = 463 ,mMin2: width = 358 ,height = 463 ,mColon: width = 93 ,height = 93 ,mDensity = 2.7570155 ,magazineY = 261.0  mTimeViewScale=1.0  mNotificationTransY=15.0
02-19 07:30:35.449  4171  4171 I ClockBaseAnimation: clearBlurAndBlend
02-19 07:30:35.449  4171  4171 E backgroundBlur: setMiViewBlurMode disable com.miui.clock.MiuiClockNumberView
02-19 07:30:35.449  4171  4171 E backgroundBlur: setMiViewBlurMode disable com.miui.clock.MiuiClockNumberView
02-19 07:30:35.449  4171  4171 E backgroundBlur: setMiViewBlurMode disable android.view.View
02-19 07:30:35.449  2005  3234 I MiuiNetworkPolicy: updateUidState uid = 10282, uidState = 19
02-19 07:30:35.449  4171  4171 E backgroundBlur: setMiViewBlurMode disable android.view.View
02-19 07:30:35.449  4171  4171 E backgroundBlur: setMiViewBlurMode disable com.miui.clock.MiuiClockNumberView
02-19 07:30:35.449  4171  4171 E backgroundBlur: setMiViewBlurMode disable com.miui.clock.MiuiClockNumberView
02-19 07:30:35.450  2000 13958 V CameraStub: notifyCameraStatus:420
02-19 07:30:35.450  2000 13958 V CameraStub: setNfcPolling:295
02-19 07:30:35.450  2000 13958 V CameraStub: getMipiError:303
02-19 07:30:35.450  4171  4171 D ClockBaseAnimation: WallpaperParam   toLock WallPaperAnimProcess : 0.23399085
02-19 07:30:35.450  4171  4171 I GlassNumberView: setMeasuredDimension 111 w = 358, h = 462, index = 0
02-19 07:30:35.450  4171  4171 I GlassNumberView: setMeasuredDimension w = 358, h = 463, index = 0
02-19 07:30:35.450  4171  4171 I GlassNumberView: setMeasuredDimension 111 w = 303, h = 462, index = 7
02-19 07:30:35.451  4171  4171 I GlassNumberView: setMeasuredDimension w = 303, h = 463, index = 7
02-19 07:30:35.451  4171  4171 I GlassNumberView: setMeasuredDimension 111 w = 336, h = 462, index = 3
02-19 07:30:35.451  4171  4171 I GlassNumberView: setMeasuredDimension w = 336, h = 463, index = 3
02-19 07:30:35.451  4171  4171 I GlassNumberView: setMeasuredDimension 111 w = 358, h = 462, index = 0
02-19 07:30:35.451  4171  4171 I GlassNumberView: setMeasuredDimension w = 358, h = 463, index = 0
02-19 07:30:35.451  4171  4171 I GlassNumberView: setMeasuredDimension 111 w = 358, h = 462, index = 0
02-19 07:30:35.451  4171  4171 I GlassNumberView: setMeasuredDimension w = 358, h = 463, index = 0
02-19 07:30:35.451  4171  4171 I GlassNumberView: setMeasuredDimension 111 w = 303, h = 462, index = 7
02-19 07:30:35.451  4171  4171 I GlassNumberView: setMeasuredDimension w = 303, h = 463, index = 7
02-19 07:30:35.451  4171  4171 I GlassNumberView: setMeasuredDimension 111 w = 336, h = 462, index = 3
02-19 07:30:35.451  4171  4171 I GlassNumberView: setMeasuredDimension w = 336, h = 463, index = 3
02-19 07:30:35.451  4171  4171 I GlassNumberView: setMeasuredDimension 111 w = 358, h = 462, index = 0
02-19 07:30:35.451  4171  4171 I GlassNumberView: setMeasuredDimension w = 358, h = 463, index = 0
02-19 07:30:35.451  1343  1446 D AudioFlingerImpl: setGameParameters keyvalue: cameraFacing=front
02-19 07:30:35.452  4171  4171 I GlassNumberView: mDrawMatrix = Matrix{[1.0, 0.0, 0.0][0.0, 1.0, 0.0][0.0, 0.0, 1.0]} index = 0
02-19 07:30:35.452  4171  4171 I GlassNumberView: mDrawMatrix = Matrix{[1.0, 0.0, 0.0][0.0, 1.0, 0.0][0.0, 0.0, 1.0]} index = 7
02-19 07:30:35.452  1130  1246 D audio_hw_primary: adev_set_parameters: enter: cameraFacing=front
02-19 07:30:35.452  4171  4171 I GlassNumberView: mDrawMatrix = Matrix{[1.0, 0.0, 0.0][0.0, 1.0, 0.0][0.0, 0.0, 1.0]} index = 3
02-19 07:30:35.452  4171  4171 I GlassNumberView: mDrawMatrix = Matrix{[1.0, 0.0, 0.0][0.0, 1.0, 0.0][0.0, 0.0, 1.0]} index = 0
02-19 07:30:35.452  1130  1246 V msm8974_platform: platform_set_parameters: enter: cameraFacing=front
02-19 07:30:35.452  1130  1246 D msm8974_platform: platform_set_parameters: exit with code(0)
02-19 07:30:35.452  1130  1246 D audio_hw_cspl_cal: cirrus_cal_setparameters: enter 0xf10bb000
02-19 07:30:35.452  1130  1246 D ultrasound_extn: ultrasound_extn_set_parameters: enter, state 0
02-19 07:30:35.452  1130  1246 D audio_hw_primary: adev_set_parameters: exit with code(0)
02-19 07:30:35.452  1362  2737 I IPCThreadState: oneway function results for code 903 on binder at 0xb400007ae14155c0 will be dropped but finished with status 1 (Unknown error -1)
02-19 07:30:35.452  1362  1527 D RenderEngine: skia drawWallpaperAnim name=Wallpaper BBQ wrapper#54413,  enableWallPaperAnim=1 wallpaperAnimProcess=0.285063
02-19 07:30:35.452  1362  1524 I IPCThreadState: oneway function results for code 904 on binder at 0xb400007ae14155c0 will be dropped but finished with status 1 (Unknown error -1)
02-19 07:30:35.452  1362  1527 D RenderEngine: Wallpaper-Anim: progress=0.285063 shaderName=yahei
02-19 07:30:35.453  1221  1452 E SDM     : HWCSession::GetClientTargetProperty: GetClinetTargetProperty interface enter
02-19 07:30:35.454  9977 10641 D ElementListener: on smart scenario changed to 98
02-19 07:30:35.454  1221 18558 I MiStcImpl: Dispatching command: 3 PCC
02-19 07:30:35.455  1130  1130 D r_submix: adev_set_parameters() kvpairs='cameraFacing=front'
02-19 07:30:35.455  2000 13958 D cameraserver: FGS Logger Transaction failed
02-19 07:30:35.455  2000 13958 D cameraserver: -129
02-19 07:30:35.456  1221 18558 I MiStcImpl: Dispatching command: 3 PCC
02-19 07:30:35.457  2000 13958 V CameraStub: updateTimestampSource:320
02-19 07:30:35.459  1137  1137 I ExtendHAL: [HAL ] ExtendHal3Device.cpp:210 constructDefaultRequestSettings()cameraId 1
02-19 07:30:35.463  4136  4136 D BroadcastExecutor: BroadcastExecutor : 2
02-19 07:30:35.464  6908  7026 I miui.face.transplant: miui.face.timeline, open camera succeed time=238
02-19 07:30:35.466 14667 14667 I SysHelperService: ScreenReceiver:onReceive Intent.ACTION_SCREEN_ON
02-19 07:30:35.467  4171  4171 D ClockBaseAnimation: WallpaperParam   toLock WallPaperAnimProcess : 0.18906508
02-19 07:30:35.467  1362  1524 I IPCThreadState: oneway function results for code 903 on binder at 0xb400007ae14155c0 will be dropped but finished with status 1 (Unknown error -1)
02-19 07:30:35.467  1362  1524 I IPCThreadState: oneway function results for code 904 on binder at 0xb400007ae14155c0 will be dropped but finished with status 1 (Unknown error -1)
02-19 07:30:35.467  1362  1527 D RenderEngine: skia drawWallpaperAnim name=Wallpaper BBQ wrapper#54413,  enableWallPaperAnim=1 wallpaperAnimProcess=0.233991
02-19 07:30:35.467  4171  4171 I GlassNumberView: mDrawMatrix = Matrix{[1.0, 0.0, 0.0][0.0, 1.0, 0.0][0.0, 0.0, 1.0]} index = 0
02-19 07:30:35.467  1362  1527 D RenderEngine: Wallpaper-Anim: progress=0.233991 shaderName=yahei
02-19 07:30:35.467  4171  4171 I GlassNumberView: mDrawMatrix = Matrix{[1.0, 0.0, 0.0][0.0, 1.0, 0.0][0.0, 0.0, 1.0]} index = 7
02-19 07:30:35.467  4171  4171 I GlassNumberView: mDrawMatrix = Matrix{[1.0, 0.0, 0.0][0.0, 1.0, 0.0][0.0, 0.0, 1.0]} index = 3
02-19 07:30:35.467  4171  4171 I GlassNumberView: mDrawMatrix = Matrix{[1.0, 0.0, 0.0][0.0, 1.0, 0.0][0.0, 0.0, 1.0]} index = 0
02-19 07:30:35.468  1221  1452 E SDM     : HWCSession::GetClientTargetProperty: GetClinetTargetProperty interface enter
02-19 07:30:35.469 17704 17704 D DeviceStatisticsService: onReceive: action= android.intent.action.SCREEN_ON
02-19 07:30:35.469 17704 17704 D DeviceStatisticsService: Send device is interactive
02-19 07:30:35.469 17704 17704 D DeviceInfoHidlClient: getDeviceInfoSupportStatus()=1
02-19 07:30:35.469 17704 17704 D DeviceInfoHidlClient: isRadioOn()=true
02-19 07:30:35.469 17704 17704 I DeviceInfoHidlClient: deviceState=2
02-19 07:30:35.469 14667 14667 D SYS_EVENT: send event 16 notification to client
02-19 07:30:35.471  5055  5055 D BroadcastExecutor: BroadcastExecutor : 2
02-19 07:30:35.472  1221 18558 I MiStcImpl: Dispatching command: 3 PCC
02-19 07:30:35.473  1221 18558 I MiStcImpl: Dispatching command: 3 PCC
02-19 07:30:35.476  5055  5055 D BroadcastExecutor: BroadcastExecutor : 2
02-19 07:30:35.478  6908  7026 D CameraDevice-JV-1: waitUntilIdle: E. id = 1
02-19 07:30:35.479  6908  7026 D CameraDevice-JV-1: waitUntilIdle: X
02-19 07:30:35.479  8652  8652 I PowerSaveService: onReceive: android.intent.action.SCREEN_ON
02-19 07:30:35.482  2005  2348 I SmartPower: com.google.android.inputmethod.latin/10170(10130): idle->background(239416ms) R(broadcast start Intent { act=android.intent.action.SCREEN_ON flg=0x50200010 }) adj=100.
02-19 07:30:35.483  4171  4171 D ClockBaseAnimation: WallpaperParam   toLock WallPaperAnimProcess : 0.15249604
02-19 07:30:35.484  1362  1527 D RenderEngine: skia drawWallpaperAnim name=Wallpaper BBQ wrapper#54413,  enableWallPaperAnim=1 wallpaperAnimProcess=0.189065
02-19 07:30:35.484  1362  1527 D RenderEngine: Wallpaper-Anim: progress=0.189065 shaderName=yahei
02-19 07:30:35.484  4171  4171 I GlassNumberView: mDrawMatrix = Matrix{[1.0, 0.0, 0.0][0.0, 1.0, 0.0][0.0, 0.0, 1.0]} index = 0
02-19 07:30:35.484  4171  4171 I GlassNumberView: mDrawMatrix = Matrix{[1.0, 0.0, 0.0][0.0, 1.0, 0.0][0.0, 0.0, 1.0]} index = 7
02-19 07:30:35.484  4171  4171 I GlassNumberView: mDrawMatrix = Matrix{[1.0, 0.0, 0.0][0.0, 1.0, 0.0][0.0, 0.0, 1.0]} index = 3
02-19 07:30:35.484  4171  4171 I GlassNumberView: mDrawMatrix = Matrix{[1.0, 0.0, 0.0][0.0, 1.0, 0.0][0.0, 0.0, 1.0]} index = 0
02-19 07:30:35.484  1221  1452 E SDM     : HWCSession::GetClientTargetProperty: GetClinetTargetProperty interface enter
02-19 07:30:35.485  1362  2737 I IPCThreadState: oneway function results for code 903 on binder at 0xb400007ae14155c0 will be dropped but finished with status 1 (Unknown error -1)
02-19 07:30:35.485  1362  1524 I IPCThreadState: oneway function results for code 904 on binder at 0xb400007ae14155c0 will be dropped but finished with status 1 (Unknown error -1)
02-19 07:30:35.487  1221 18558 I MiStcImpl: Dispatching command: 3 PCC
02-19 07:30:35.490  1221 18558 I MiStcImpl: Dispatching command: 3 PCC
02-19 07:30:35.491  2000 13958 W libc    : Access denied finding property "vendor.display.enable_optimal_refresh_rate"
02-19 07:30:35.492 11546 20942 I NearbyDiscovery: (REDACTED) ApFastPairScanner: isScreenOn=%s, isLocationEnabled=%s, disableLocationRequirement=%s, isDiscoveryScanningEnabled=%s, during24GhzWifiWarmingUpPeriod=%s
02-19 07:30:35.494  2000 13958 I cameraserver: roundBufferDimensionNearest: can't find size 640x480 in xiaomi size
02-19 07:30:35.495  2000 14618 V CameraStub: getMipiError:303
02-19 07:30:35.497  2000 13958 V CameraStub: updateSessionParams:175 
02-19 07:30:35.497  2000 13958 D CameraImpl: updateSessionParams 388 sucessfully update com.miui.face
02-19 07:30:35.497  2000 13958 E CameraImpl: updateSessionParams 413 failed to find sessionparams.operation
02-19 07:30:35.498  2000 13958 I MiCameraSceneIdentify: setParameters: stream 0  height is 480 width is 640  format is 35 usecase is 0
02-19 07:30:35.498  2000 13958 I MiCameraSceneIdentify: isScanScene: The activity is com.ezanvakti.MainActivity 
02-19 07:30:35.498  2000 13958 D CameraImpl: executeSceneIdentify MiStreamUsecase value is 2 
02-19 07:30:35.498  2000 13958 E VendorTagDescriptor: lookupTag: Tag name 'MiStreamUsecase' does not exist.
02-19 07:30:35.498  2000 13958 E CameraImpl: executeSceneIdentify 1131 failed to find tag
02-19 07:30:35.498  2000 13958 E VendorTagDescriptor: lookupTag: Tag name 'activityName' does not exist.
02-19 07:30:35.499  1174  1174 I sensors-hal: batch:242, android.sensor.accelerometer/11, period=20000000, max_latency=0
02-19 07:30:35.499  1174  1174 I sensors-hal: set_config:63, sample_period_ns is adjusted to 20000000 based on min/max delay_ns
02-19 07:30:35.499  1174  1174 I sensors-hal: batch:251, android.sensor.accelerometer/11, period=20000000, max_latency=0 request completed
02-19 07:30:35.499  2005  2944 I SensorService: 	>>> actuating h/w activate handle=0xb enabled=1
02-19 07:30:35.500  1174  1174 I sensors-hal: activate:209, android.sensor.accelerometer/11 en=1
02-19 07:30:35.500  4171  4171 D ClockBaseAnimation: WallpaperParam   toLock WallPaperAnimProcess : 0.122844845
02-19 07:30:35.500  1362  2737 I IPCThreadState: oneway function results for code 903 on binder at 0xb400007ae14155c0 will be dropped but finished with status 1 (Unknown error -1)
02-19 07:30:35.500  1174  1174 I sensors-hal: get_qmi_debug_flag:282, support_qmi_debug : false
02-19 07:30:35.500  1362  2737 I IPCThreadState: oneway function results for code 904 on binder at 0xb400007ae14155c0 will be dropped but finished with status 1 (Unknown error -1)
02-19 07:30:35.500  4171  4171 I GlassNumberView: mDrawMatrix = Matrix{[1.0, 0.0, 0.0][0.0, 1.0, 0.0][0.0, 0.0, 1.0]} index = 0
02-19 07:30:35.500  4171  4171 I GlassNumberView: mDrawMatrix = Matrix{[1.0, 0.0, 0.0][0.0, 1.0, 0.0][0.0, 0.0, 1.0]} index = 7
02-19 07:30:35.501  4171  4171 I GlassNumberView: mDrawMatrix = Matrix{[1.0, 0.0, 0.0][0.0, 1.0, 0.0][0.0, 0.0, 1.0]} index = 3
02-19 07:30:35.501  4171  4171 I GlassNumberView: mDrawMatrix = Matrix{[1.0, 0.0, 0.0][0.0, 1.0, 0.0][0.0, 0.0, 1.0]} index = 0
02-19 07:30:35.501  1221 18558 I MiStcImpl: Dispatching command: 3 PCC
02-19 07:30:35.502  1129  1476 E minksocket: MinkIPC_QRTR_Service: client with node 1 port 5953 went down
02-19 07:30:35.498 11546 20942 I NearbyDiscovery: (REDACTED) ApFastPairScanner: Start scanning internally, %s
02-19 07:30:35.502 11546 20942 D BluetoothAdapter: isLeEnabled(): BLE_ON
02-19 07:30:35.503  1221 18558 I MiStcImpl: Dispatching command: 3 PCC
02-19 07:30:35.504  1137  1137 I ExtendHAL: [HAL ] ExtendHal3Device.cpp:148 configureStreams()mCameraId: 1, m_bPassthroughMode: 0
02-19 07:30:35.504  1129  1476 E minksocket: MinkIPC_QRTR_Service: client with node 1 port 5954 went down
02-19 07:30:35.504  1129  1476 E minksocket: MinkIPC_QRTR_Service: client with node 1 port 5955 went down
02-19 07:30:35.504  1362  1527 D RenderEngine: skia drawWallpaperAnim name=Wallpaper BBQ wrapper#54413,  enableWallPaperAnim=1 wallpaperAnimProcess=0.122845
02-19 07:30:35.504  1362  1527 D RenderEngine: Wallpaper-Anim: progress=0.122845 shaderName=yahei
02-19 07:30:35.505  1221  1452 E SDM     : HWCSession::GetClientTargetProperty: GetClinetTargetProperty interface enter
02-19 07:30:35.505  1129  1476 E minksocket: MinkIPC_QRTR_Service: client with node 1 port 5956 went down
02-19 07:30:35.506  1174  1174 I sensors-hal: send_sync_sensor_request:364, send sync request
02-19 07:30:35.506  1174  1174 I sensors-hal: send_sync_sensor_request:390, wait for notification of response
02-19 07:30:35.507 13360 13360 D BroadcastExecutor: BroadcastExecutor : 2
02-19 07:30:35.508 13628 13628 D CliBasicConnStateMachine: SCREEN_ON send MSG_START_DISCOVERY
02-19 07:30:35.510 13360 13360 D BroadcastExecutor: BroadcastExecutor : 2
02-19 07:30:35.512  1137  1137 I ExtendHAL: [Core] MiCamExtensionModule.cpp:227 initializeOverrideSession()ExtendHAL bypassed for cameraId: 1
02-19 07:30:35.514  5055  9760 D BtGatt.GattService: registerScanner() - UUID=06d05d3b-6751-4432-87f8-93526bef2b36
02-19 07:30:35.516  5055  5269 D BtGatt.GattService: onScannerRegistered() - UUID=06d05d3b-6751-4432-87f8-93526bef2b36, scannerId=4, status=0
02-19 07:30:35.516  1362  1527 D RenderEngine: skia drawWallpaperAnim name=Wallpaper BBQ wrapper#54413,  enableWallPaperAnim=1 wallpaperAnimProcess=0.122845
02-19 07:30:35.516  1362  1527 D RenderEngine: Wallpaper-Anim: progress=0.122845 shaderName=yahei
02-19 07:30:35.516  4171  4171 D ClockBaseAnimation: WallpaperParam   toLock WallPaperAnimProcess : 0.098869085
02-19 07:30:35.517  4171  4171 I GlassNumberView: mDrawMatrix = Matrix{[1.0, 0.0, 0.0][0.0, 1.0, 0.0][0.0, 0.0, 1.0]} index = 0
02-19 07:30:35.517  1362  1524 I IPCThreadState: oneway function results for code 903 on binder at 0xb400007ae14155c0 will be dropped but finished with status 1 (Unknown error -1)
02-19 07:30:35.517  4171  4171 I GlassNumberView: mDrawMatrix = Matrix{[1.0, 0.0, 0.0][0.0, 1.0, 0.0][0.0, 0.0, 1.0]} index = 7
02-19 07:30:35.517  4171  4171 I GlassNumberView: mDrawMatrix = Matrix{[1.0, 0.0, 0.0][0.0, 1.0, 0.0][0.0, 0.0, 1.0]} index = 3
02-19 07:30:35.517  1362  1524 I IPCThreadState: oneway function results for code 904 on binder at 0xb400007ae14155c0 will be dropped but finished with status 1 (Unknown error -1)
02-19 07:30:35.517  4171  4171 I GlassNumberView: mDrawMatrix = Matrix{[1.0, 0.0, 0.0][0.0, 1.0, 0.0][0.0, 0.0, 1.0]} index = 0
02-19 07:30:35.517  1221  1452 E SDM     : HWCSession::GetClientTargetProperty: GetClinetTargetProperty interface enter
02-19 07:30:35.518  1174 14638 I sensors-hal: ssc_conn_resp_cb:689, resp_value = 0
02-19 07:30:35.518 11546 11661 D BluetoothLeScanner: onScannerRegistered() - status=0 scannerId=4 mScannerId=0
02-19 07:30:35.518 11749 11749 D BroadcastExecutor: BroadcastExecutor : 2
02-19 07:30:35.520  5055  9760 D BtGatt.GattService: start scan with filters. callingPackage: com.google.android.gms
02-19 07:30:35.522 14190 14190 D BroadcastExecutor: BroadcastExecutor : 2
02-19 07:30:35.522  1174  1174 I sensors-hal: send_sync_sensor_request:396, takes 16 ms to receive the response with 0
02-19 07:30:35.522  1174  1174 I sensors-hal: activate:220, android.sensor.accelerometer/11 en=1 completed
02-19 07:30:35.522  1174 14638 I sensors-hal: handle_indication_realtime:471,  SCHED_FIFO(10) for qmi_cbk
02-19 07:30:35.523  1174  1174 I sensors-hal: batch:242, android.sensor.magnetic_field/21, period=20000000, max_latency=0
02-19 07:30:35.523  1174  1174 I sensors-hal: set_config:63, sample_period_ns is adjusted to 20000000 based on min/max delay_ns
02-19 07:30:35.523  1174  1174 I sensors-hal: batch:251, android.sensor.magnetic_field/21, period=20000000, max_latency=0 request completed
02-19 07:30:35.523 10130 14635 I DeviceStatusMonitor: DeviceStatusMonitor.handleBroadcast():138 onReceive() : Action = android.intent.action.SCREEN_ON
02-19 07:30:35.523  2005  2944 I SensorService: 	>>> actuating h/w activate handle=0x15 enabled=1
02-19 07:30:35.523  1174  1174 I sensors-hal: activate:209, android.sensor.magnetic_field/21 en=1
02-19 07:30:35.523  5055  9760 D BtGatt.GattService: enforcePrivilegedPermissionIfNeeded([BluetoothLeScanFilter [mDeviceName=null, mDeviceAddress=null, mUuid=null, mUuidMask=null, mServiceSolicitationUuid=null, mServiceSolicitationUuidMask=null, mServiceDataUuid=0000feaa-0000-1000-8000-00805f9b34fb, mServiceData=[64], mServiceDataMask=[-16], mManufacturerId=-1, mManufacturerData=null, mManufacturerDataMask=null, mAdvertisingDataType=-1, mAdvertisingData=null, mAdvertisingDataMask=null, mTransportBlockFilter=null], mOrganizationId=-1, mTDSFlags=-1, mTDSFlagsMask=-1, mWifiNANHash=null], mGroupBasedFiltering=false, BluetoothLeScanFilter [mDeviceName=null, mDeviceAddress=null, mUuid=null, mUuidMask=null, mServiceSolicitationUuid=null, mServiceSolicitationUuidMask=null, mServiceDataUuid=0000fff6-0000-1000-8000-00805f9b34fb, mServiceData=[0], mServiceDataMask=[0], mManufacturerId=-1, mManufacturerData=null, mManufacturerDataMask=null, mAdvertisingDataType=-1, mAdvertisingData=null, mAdvertisingDataMask=null, mTransportBlockFilter=null], mOrganizationId=-1, mTDSFlags=-1, mTDSFlagsMask=-1, mWifiNANHash=null], mGroupBasedFiltering=false, BluetoothLeScanFilter [mDeviceName=null, mDeviceAddress=null, mUuid=null, mUuidMask=null, mServiceSolicitationUuid=null, mServiceSolicitationUuidMask=null, mServiceDataUuid=0000fe2c-0000-1000-8000-00805f9b34fb, mServiceData=[0], mServiceDataMask=[0], mManufacturerId=-1, mManufacturerData=null, mManufacturerDataMask=null, mAdvertisingDataType=-1, mAdvertisingData=null, mAdvertisingDataMask=null, mTransportBlockFilter=null], mOrganizationId=-1, mTDSFlags=-1, mTDSFlagsMask=-1, mWifiNANHash=null], mGroupBasedFiltering=false])
02-19 07:30:35.524  1174  1174 I sensors-hal: get_qmi_debug_flag:282, support_qmi_debug : false
02-19 07:30:35.525 13628 13628 D CliBasicConnStateMachine: EnabledState process 11
02-19 07:30:35.525  1129  1476 E minksocket: MinkIPC_QRTR_Service: client with node 1 port 5958 went down
02-19 07:30:35.526  1129  1476 E minksocket: MinkIPC_QRTR_Service: client with node 1 port 5959 went down
02-19 07:30:35.527  1129  1476 E minksocket: MinkIPC_QRTR_Service: client with node 1 port 595a went down
02-19 07:30:35.529  1129  1476 E minksocket: MinkIPC_QRTR_Service: client with node 1 port 595b went down
02-19 07:30:35.530  8652  9675 D PowerNoticeUI: ScreenOnEvent
02-19 07:30:35.530 11991  2466 D CameraInjector: updateCloudCameraControllerInfoAsync: has aleardy start update task.
02-19 07:30:35.531 11991  2466 D CameraInjector: waitForResult: 
02-19 07:30:35.532 11991  2466 D CameraInjector: updateCloudCameraControllerInfoAsync: has aleardy start update task.
02-19 07:30:35.532 11991  2466 D CameraInjector: waitForResult: 
02-19 07:30:35.533 13628 13628 I CliBasicConnStateMachine: skip discovery for phone
02-19 07:30:35.533  4171  4171 D ClockBaseAnimation: WallpaperParam   toLock WallPaperAnimProcess : 0.0795206
02-19 07:30:35.533  1362  1527 D RenderEngine: skia drawWallpaperAnim name=Wallpaper BBQ wrapper#54413,  enableWallPaperAnim=1 wallpaperAnimProcess=0.098869
02-19 07:30:35.533  1362  1527 D RenderEngine: Wallpaper-Anim: progress=0.098869 shaderName=yahei
02-19 07:30:35.533  1362  1524 I IPCThreadState: oneway function results for code 903 on binder at 0xb400007ae14155c0 will be dropped but finished with status 1 (Unknown error -1)
02-19 07:30:35.533  1362  1524 I IPCThreadState: oneway function results for code 904 on binder at 0xb400007ae14155c0 will be dropped but finished with status 1 (Unknown error -1)
02-19 07:30:35.533  1221  1452 E SDM     : HWCSession::GetClientTargetProperty: GetClinetTargetProperty interface enter
02-19 07:30:35.534  4171  4171 I GlassNumberView: mDrawMatrix = Matrix{[1.0, 0.0, 0.0][0.0, 1.0, 0.0][0.0, 0.0, 1.0]} index = 0
02-19 07:30:35.534  4171  4171 I GlassNumberView: mDrawMatrix = Matrix{[1.0, 0.0, 0.0][0.0, 1.0, 0.0][0.0, 0.0, 1.0]} index = 7
02-19 07:30:35.534  4171  4171 I GlassNumberView: mDrawMatrix = Matrix{[1.0, 0.0, 0.0][0.0, 1.0, 0.0][0.0, 0.0, 1.0]} index = 3
02-19 07:30:35.534  4171  4171 I GlassNumberView: mDrawMatrix = Matrix{[1.0, 0.0, 0.0][0.0, 1.0, 0.0][0.0, 0.0, 1.0]} index = 0
02-19 07:30:35.535  2000  2000 V CameraStub: updateTimestampSource:320
02-19 07:30:35.536  4171  4171 W AlarmManager: Unrecognized alarm listener com.android.systemui.keyguard.KeyguardSliceProvider$$ExternalSyntheticLambda0@b271a8b
02-19 07:30:35.539  1174  1174 I sensors-hal: get_qmi_debug_flag:282, support_qmi_debug : false
02-19 07:30:35.540  1129  1476 E minksocket: MinkIPC_QRTR_Service: client with node 1 port 595d went down
02-19 07:30:35.540  1129  1476 E minksocket: MinkIPC_QRTR_Service: client with node 1 port 595e went down
02-19 07:30:35.541 10130 14635 I DeviceStatusMonitor: DeviceStatusMonitor.updateCountryInfo():154 updateCountryInfo(), notifyAnyway = false
02-19 07:30:35.541  1174  1174 I sensors-hal: send_sync_sensor_request:364, send sync request
02-19 07:30:35.541  1174  1174 I sensors-hal: send_sync_sensor_request:390, wait for notification of response
02-19 07:30:35.542  1129  1476 E minksocket: MinkIPC_QRTR_Service: client with node 1 port 595f went down
02-19 07:30:35.542  1129  1476 E minksocket: MinkIPC_QRTR_Service: client with node 1 port 5960 went down
02-19 07:30:35.543  5055  9760 D BtGatt.ScanManager: startScan()  [ScanClient scanModeApp 2 scanModeUsed 2 [appScanStats com.google.uid.shared:10139]]
02-19 07:30:35.543  5055  5413 I BtGatt.ScanManager: msg.what = MSG_RECORD_CALLER, msg.arg1 = None
02-19 07:30:35.543  5055  5413 I BtGatt.ScanManager: msg.what = MSG_START_BLE_SCAN, msg.arg1 = None
02-19 07:30:35.543  5055  5413 D BtGatt.ScanManager: handling starting scan
02-19 07:30:35.543  5055  5413 E BtGatt.ScanManager: Scan already started
02-19 07:30:35.543 11546 20942 I NearbyDiscovery: (REDACTED) ApFastPairScanner: Starting %s scan for %s seconds
02-19 07:30:35.544  1174 14646 I sensors-hal: handle_indication_realtime:471,  SCHED_FIFO(10) for qmi_cbk
02-19 07:30:35.545  2000 14618 V CameraStub: getMipiError:303
02-19 07:30:35.546 11991  2466 D CameraInjector: updateCloudCameraControllerInfoAsync: has aleardy start update task.
02-19 07:30:35.546 11991  2466 D CameraInjector: waitForResult: 
02-19 07:30:35.546 11991  2466 D CameraInjector: updateCloudCameraControllerInfoAsync: has aleardy start update task.
02-19 07:30:35.546 11991  2466 D CameraInjector: waitForResult: 
02-19 07:30:35.546  2005  2956 W AlarmManager: Unrecognized alarm listener com.android.server.job.controllers.idle.DeviceIdlenessTracker$$ExternalSyntheticLambda1@4947f85
02-19 07:30:35.546 11749 11749 D BroadcastExecutor: BroadcastExecutor : 2
02-19 07:30:35.547  2000  2000 V CameraStub: updateTimestampSource:320
02-19 07:30:35.549 14190 14190 D BroadcastExecutor: BroadcastExecutor : 2
02-19 07:30:35.549  1362  1527 D RenderEngine: skia drawWallpaperAnim name=Wallpaper BBQ wrapper#54413,  enableWallPaperAnim=1 wallpaperAnimProcess=0.079521
02-19 07:30:35.549  1362  1527 D RenderEngine: Wallpaper-Anim: progress=0.079521 shaderName=yahei
02-19 07:30:35.549  4171  4171 D ClockBaseAnimation: WallpaperParam   toLock WallPaperAnimProcess : 0.06392836
02-19 07:30:35.550  1362  2737 I IPCThreadState: oneway function results for code 903 on binder at 0xb400007ae14155c0 will be dropped but finished with status 1 (Unknown error -1)
02-19 07:30:35.550  1221  1452 E SDM     : HWCSession::GetClientTargetProperty: GetClinetTargetProperty interface enter
02-19 07:30:35.550  1362  2737 I IPCThreadState: oneway function results for code 904 on binder at 0xb400007ae14155c0 will be dropped but finished with status 1 (Unknown error -1)
02-19 07:30:35.550  4171  4171 I GlassNumberView: mDrawMatrix = Matrix{[1.0, 0.0, 0.0][0.0, 1.0, 0.0][0.0, 0.0, 1.0]} index = 0
02-19 07:30:35.550  4171  4171 I GlassNumberView: mDrawMatrix = Matrix{[1.0, 0.0, 0.0][0.0, 1.0, 0.0][0.0, 0.0, 1.0]} index = 7
02-19 07:30:35.550  4171  4171 I GlassNumberView: mDrawMatrix = Matrix{[1.0, 0.0, 0.0][0.0, 1.0, 0.0][0.0, 0.0, 1.0]} index = 3
02-19 07:30:35.550  4171  4171 I GlassNumberView: mDrawMatrix = Matrix{[1.0, 0.0, 0.0][0.0, 1.0, 0.0][0.0, 0.0, 1.0]} index = 0
02-19 07:30:35.552 11749 11749 W AD-PLUGIN-PushAdManager: pushRealTimeRequest mode mismatching
02-19 07:30:35.553  1174 14651 I sensors-hal: ssc_conn_resp_cb:689, resp_value = 0
02-19 07:30:35.553 11991  2466 D CameraInjector: updateCloudCameraControllerInfoAsync: has aleardy start update task.
02-19 07:30:35.553  1174  1174 I sensors-hal: send_sync_sensor_request:396, takes 12 ms to receive the response with 0
02-19 07:30:35.553 11991  2466 D CameraInjector: waitForResult: 
02-19 07:30:35.553  1174  1174 I sensors-hal: activate:301, mag_filter is enabled
02-19 07:30:35.553  1174  1174 I sensors-hal: activate:220, android.sensor.magnetic_field/21 en=1 completed
02-19 07:30:35.554  2000  2000 V CameraStub: updateTimestampSource:320
02-19 07:30:35.555  1174 14564 I sensors-hal: handle_sns_std_sensor_event:57, light_event: ts=754570424388154, lux: 11.0, extra_info=0 
02-19 07:30:35.555  1174 14651 I sensors-hal: handle_indication_realtime:471,  SCHED_FIFO(10) for qmi_cbk
02-19 07:30:35.555  1137  2891 E CamX    : [ERROR][NCS    ] camxncsintfqsee.cpp:2340 SensorCallback() Invalid sensor index -1
02-19 07:30:35.558 11749 11749 D BroadcastExecutor: BroadcastExecutor : 2
02-19 07:30:35.561 11991  2466 D CameraInjector: updateCloudCameraControllerInfoAsync: has aleardy start update task.
02-19 07:30:35.561 11991  2466 D CameraInjector: waitForResult: 
02-19 07:30:35.562  2000  2000 V CameraStub: updateTimestampSource:320
02-19 07:30:35.563  9807  9807 D CompassHeading: Raw azimuth: 35.762569965863285
02-19 07:30:35.563  9807  9807 D CompassHeading: Adjusted azimuth after rotation: 35.762569965863285
02-19 07:30:35.564  2005  2945 D CompatibilityChangeReporter: Compat change id reported: 161145287; UID 1000; state: ENABLED
02-19 07:30:35.564  2005  2945 D CompatibilityChangeReporter: Compat change id reported: 161145287; UID 1000; state: DISABLED
02-19 07:30:35.565 11991  2466 D CameraInjector: updateCloudCameraControllerInfoAsync: has aleardy start update task.
02-19 07:30:35.565 11991  2466 D CameraInjector: waitForResult: 
02-19 07:30:35.565 11991  2466 D CameraInjector: updateCloudCameraControllerInfoAsync: has aleardy start update task.
02-19 07:30:35.565 11991  2466 D CameraInjector: waitForResult: 
02-19 07:30:35.565  2000  2000 V CameraStub: updateTimestampSource:320
02-19 07:30:35.566  1362  1527 D RenderEngine: skia drawWallpaperAnim name=Wallpaper BBQ wrapper#54413,  enableWallPaperAnim=1 wallpaperAnimProcess=0.063928
02-19 07:30:35.566  1362  1527 D RenderEngine: Wallpaper-Anim: progress=0.063928 shaderName=yahei
02-19 07:30:35.566  4171  4171 D ClockBaseAnimation: WallpaperParam   toLock WallPaperAnimProcess : 0.051375877
02-19 07:30:35.566  1221  1452 E SDM     : HWCSession::GetClientTargetProperty: GetClinetTargetProperty interface enter
02-19 07:30:35.566  1362  1524 I IPCThreadState: oneway function results for code 903 on binder at 0xb400007ae14155c0 will be dropped but finished with status 1 (Unknown error -1)
02-19 07:30:35.566  1362  2737 I IPCThreadState: oneway function results for code 904 on binder at 0xb400007ae14155c0 will be dropped but finished with status 1 (Unknown error -1)
02-19 07:30:35.567  4171  4171 I GlassNumberView: mDrawMatrix = Matrix{[1.0, 0.0, 0.0][0.0, 1.0, 0.0][0.0, 0.0, 1.0]} index = 0
02-19 07:30:35.567  4171  4171 I GlassNumberView: mDrawMatrix = Matrix{[1.0, 0.0, 0.0][0.0, 1.0, 0.0][0.0, 0.0, 1.0]} index = 7
02-19 07:30:35.567  4171  4171 I GlassNumberView: mDrawMatrix = Matrix{[1.0, 0.0, 0.0][0.0, 1.0, 0.0][0.0, 0.0, 1.0]} index = 3
02-19 07:30:35.567  4171  4171 I GlassNumberView: mDrawMatrix = Matrix{[1.0, 0.0, 0.0][0.0, 1.0, 0.0][0.0, 0.0, 1.0]} index = 0
02-19 07:30:35.570 11991  2466 D CameraInjector: updateCloudCameraControllerInfoAsync: has aleardy start update task.
02-19 07:30:35.570 11991  2466 D CameraInjector: waitForResult: 
02-19 07:30:35.571  2000  2000 V CameraStub: updateTimestampSource:320
02-19 07:30:35.576 17585 17585 D BroadcastExecutor: BroadcastExecutor : 2
02-19 07:30:35.576  2005  4590 I ClipboardServiceI: checkProviderWakePathForClipboard: primaryClip is null
02-19 07:30:35.577  2005  4590 D CompatibilityChangeReporter: Compat change id reported: 135634846; UID 10570; state: DISABLED
02-19 07:30:35.577  2005  4590 D CompatibilityChangeReporter: Compat change id reported: 177438394; UID 10570; state: DISABLED
02-19 07:30:35.577  2005  4590 D CompatibilityChangeReporter: Compat change id reported: 135772972; UID 10570; state: DISABLED
02-19 07:30:35.577  2005  4590 D CompatibilityChangeReporter: Compat change id reported: 135754954; UID 10570; state: ENABLED
02-19 07:30:35.578  2005  2349 D CompatibilityChangeReporter: Compat change id reported: 143937733; UID 10570; state: ENABLED
02-19 07:30:35.578  9807  9807 D CompassHeading: Raw azimuth: 35.6951457534715
02-19 07:30:35.578  9807  9807 D CompassHeading: Adjusted azimuth after rotation: 35.6951457534715
02-19 07:30:35.582  9807  9807 D CompassHeading: Raw azimuth: 35.73358605812034
02-19 07:30:35.582  9807  9807 D CompassHeading: Adjusted azimuth after rotation: 35.73358605812034
02-19 07:30:35.582  1362  1527 D RenderEngine: skia drawWallpaperAnim name=Wallpaper BBQ wrapper#54413,  enableWallPaperAnim=1 wallpaperAnimProcess=0.051376
02-19 07:30:35.582  1362  1527 D RenderEngine: Wallpaper-Anim: progress=0.051376 shaderName=yahei
02-19 07:30:35.583  4171  4171 D ClockBaseAnimation: WallpaperParam   toLock WallPaperAnimProcess : 0.041277923
02-19 07:30:35.583  1221  1452 E SDM     : HWCSession::GetClientTargetProperty: GetClinetTargetProperty interface enter
02-19 07:30:35.583  1362  1524 I IPCThreadState: oneway function results for code 903 on binder at 0xb400007ae14155c0 will be dropped but finished with status 1 (Unknown error -1)
02-19 07:30:35.583  1362  1524 I IPCThreadState: oneway function results for code 904 on binder at 0xb400007ae14155c0 will be dropped but finished with status 1 (Unknown error -1)
02-19 07:30:35.583  4171  4171 I GlassNumberView: mDrawMatrix = Matrix{[1.0, 0.0, 0.0][0.0, 1.0, 0.0][0.0, 0.0, 1.0]} index = 0
02-19 07:30:35.583  4171  4171 I GlassNumberView: mDrawMatrix = Matrix{[1.0, 0.0, 0.0][0.0, 1.0, 0.0][0.0, 0.0, 1.0]} index = 7
02-19 07:30:35.583  4171  4171 I GlassNumberView: mDrawMatrix = Matrix{[1.0, 0.0, 0.0][0.0, 1.0, 0.0][0.0, 0.0, 1.0]} index = 3
02-19 07:30:35.583  4171  4171 I GlassNumberView: mDrawMatrix = Matrix{[1.0, 0.0, 0.0][0.0, 1.0, 0.0][0.0, 0.0, 1.0]} index = 0
02-19 07:30:35.585 18106 18106 D BroadcastExecutor: BroadcastExecutor : 2
02-19 07:30:35.586 25568 25984 I facebook.katana: IncrementDisableThreadFlip blocked for 7.100ms
02-19 07:30:35.589 17585 17585 D BroadcastExecutor: BroadcastExecutor : 2
02-19 07:30:35.589 18106 18106 D BroadcastExecutor: BroadcastExecutor : 2
02-19 07:30:35.593 18106 18106 D BroadcastExecutor: BroadcastExecutor : 2
02-19 07:30:35.595  2000 14618 V CameraStub: getMipiError:303
02-19 07:30:35.596  3348  3348 D BroadcastExecutor: BroadcastExecutor : 2
02-19 07:30:35.596  9807  9807 D CompassHeading: Raw azimuth: 35.7875752884147
02-19 07:30:35.597  9807  9807 D CompassHeading: Adjusted azimuth after rotation: 35.7875752884147
02-19 07:30:35.599  1362  1527 D RenderEngine: skia drawWallpaperAnim name=Wallpaper BBQ wrapper#54413,  enableWallPaperAnim=1 wallpaperAnimProcess=0.041278
02-19 07:30:35.599  1362  1527 D RenderEngine: Wallpaper-Anim: progress=0.041278 shaderName=yahei
02-19 07:30:35.599  4171  4171 D ClockBaseAnimation: WallpaperParam   toLock WallPaperAnimProcess : 0.033158813
02-19 07:30:35.599  1221  1452 E SDM     : HWCSession::GetClientTargetProperty: GetClinetTargetProperty interface enter
02-19 07:30:35.600  4171  4171 I GlassNumberView: mDrawMatrix = Matrix{[1.0, 0.0, 0.0][0.0, 1.0, 0.0][0.0, 0.0, 1.0]} index = 0
02-19 07:30:35.600  4171  4171 I GlassNumberView: mDrawMatrix = Matrix{[1.0, 0.0, 0.0][0.0, 1.0, 0.0][0.0, 0.0, 1.0]} index = 7
02-19 07:30:35.600  1362  1524 I IPCThreadState: oneway function results for code 903 on binder at 0xb400007ae14155c0 will be dropped but finished with status 1 (Unknown error -1)
02-19 07:30:35.600  4171  4171 I GlassNumberView: mDrawMatrix = Matrix{[1.0, 0.0, 0.0][0.0, 1.0, 0.0][0.0, 0.0, 1.0]} index = 3
02-19 07:30:35.600  4171  4171 I GlassNumberView: mDrawMatrix = Matrix{[1.0, 0.0, 0.0][0.0, 1.0, 0.0][0.0, 0.0, 1.0]} index = 0
02-19 07:30:35.600  1362  1524 I IPCThreadState: oneway function results for code 904 on binder at 0xb400007ae14155c0 will be dropped but finished with status 1 (Unknown error -1)
02-19 07:30:35.602  9807  9807 D CompassHeading: Raw azimuth: 35.8212173851716
02-19 07:30:35.603  9807  9807 D CompassHeading: Adjusted azimuth after rotation: 35.8212173851716
02-19 07:30:35.616  1362  1527 D RenderEngine: skia drawWallpaperAnim name=Wallpaper BBQ wrapper#54413,  enableWallPaperAnim=1 wallpaperAnimProcess=0.033159
02-19 07:30:35.616  1362  1527 D RenderEngine: Wallpaper-Anim: progress=0.033159 shaderName=yahei
02-19 07:30:35.616  4171  4171 D ClockBaseAnimation: WallpaperParam   toLock WallPaperAnimProcess : 0.026633242
02-19 07:30:35.616  1221  1452 E SDM     : HWCSession::GetClientTargetProperty: GetClinetTargetProperty interface enter
02-19 07:30:35.616  4171  4171 I GlassNumberView: mDrawMatrix = Matrix{[1.0, 0.0, 0.0][0.0, 1.0, 0.0][0.0, 0.0, 1.0]} index = 0
02-19 07:30:35.616  4171  4171 I GlassNumberView: mDrawMatrix = Matrix{[1.0, 0.0, 0.0][0.0, 1.0, 0.0][0.0, 0.0, 1.0]} index = 7
02-19 07:30:35.616  4171  4171 I GlassNumberView: mDrawMatrix = Matrix{[1.0, 0.0, 0.0][0.0, 1.0, 0.0][0.0, 0.0, 1.0]} index = 3
02-19 07:30:35.616  4171  4171 I GlassNumberView: mDrawMatrix = Matrix{[1.0, 0.0, 0.0][0.0, 1.0, 0.0][0.0, 0.0, 1.0]} index = 0
02-19 07:30:35.617  1362  1524 I IPCThreadState: oneway function results for code 903 on binder at 0xb400007ae14155c0 will be dropped but finished with status 1 (Unknown error -1)
02-19 07:30:35.617  1362  1524 I IPCThreadState: oneway function results for code 904 on binder at 0xb400007ae14155c0 will be dropped but finished with status 1 (Unknown error -1)
02-19 07:30:35.617  9807  9807 D CompassHeading: Raw azimuth: 35.95035918690361
02-19 07:30:35.617  9807  9807 D CompassHeading: Adjusted azimuth after rotation: 35.95035918690361
02-19 07:30:35.622  9807  9807 D CompassHeading: Raw azimuth: 35.970771207238194
02-19 07:30:35.623  9807  9807 D CompassHeading: Adjusted azimuth after rotation: 35.970771207238194
02-19 07:30:35.625   972   972 D Zygote  : Forked child process 14688
02-19 07:30:35.632  1362  1527 D RenderEngine: skia drawWallpaperAnim name=Wallpaper BBQ wrapper#54413,  enableWallPaperAnim=1 wallpaperAnimProcess=0.026633
02-19 07:30:35.632  1362  1527 D RenderEngine: Wallpaper-Anim: progress=0.026633 shaderName=yahei
02-19 07:30:35.632  4171  4171 D ClockBaseAnimation: WallpaperParam   toLock WallPaperAnimProcess : 0.021389892
02-19 07:30:35.633  1221  1452 E SDM     : HWCSession::GetClientTargetProperty: GetClinetTargetProperty interface enter
02-19 07:30:35.633  4171  4171 I GlassNumberView: mDrawMatrix = Matrix{[1.0, 0.0, 0.0][0.0, 1.0, 0.0][0.0, 0.0, 1.0]} index = 0
02-19 07:30:35.633  4171  4171 I GlassNumberView: mDrawMatrix = Matrix{[1.0, 0.0, 0.0][0.0, 1.0, 0.0][0.0, 0.0, 1.0]} index = 7
02-19 07:30:35.633  4171  4171 I GlassNumberView: mDrawMatrix = Matrix{[1.0, 0.0, 0.0][0.0, 1.0, 0.0][0.0, 0.0, 1.0]} index = 3
02-19 07:30:35.633  4171  4171 I GlassNumberView: mDrawMatrix = Matrix{[1.0, 0.0, 0.0][0.0, 1.0, 0.0][0.0, 0.0, 1.0]} index = 0
02-19 07:30:35.633  1362  2737 I IPCThreadState: oneway function results for code 903 on binder at 0xb400007ae14155c0 will be dropped but finished with status 1 (Unknown error -1)
02-19 07:30:35.633  1362  2737 I IPCThreadState: oneway function results for code 904 on binder at 0xb400007ae14155c0 will be dropped but finished with status 1 (Unknown error -1)
02-19 07:30:35.634 14688 14688 E Zygote  : process_name_ptr:14688 com.a0soft.gphone.uninstaller
02-19 07:30:35.635  9807  9807 D CompassHeading: Raw azimuth: 36.05657545868648
02-19 07:30:35.635  9807  9807 D CompassHeading: Adjusted azimuth after rotation: 36.05657545868648
02-19 07:30:35.637  2005  2349 W ActivityManager: Slow operation: 61ms so far, now at startProcess: done updating battery stats
02-19 07:30:35.637  2005  2349 D MiuiProcessPolicyManager: promote com.a0soft.gphone.uninstaller maxAdj to prev  + 1, maxProcState to + PER 
02-19 07:30:35.638 18106 18106 D BroadcastExecutor: BroadcastExecutor : 2
02-19 07:30:35.638  3348  3348 D BroadcastExecutor: BroadcastExecutor : 2
02-19 07:30:35.639  2005  2349 W ActivityManager: Slow operation: 63ms so far, now at startProcess: building log message
02-19 07:30:35.639  2005  2349 I ActivityManager: Start proc 14688:com.a0soft.gphone.uninstaller/u0a570 for content provider {com.a0soft.gphone.uninstaller/com.a0soft.gphone.uninstaller.pref.MultiProcessPreferencesManager} caller=com.a0soft.gphone.uninstaller
02-19 07:30:35.642  2005  2349 W ActivityManager: Slow operation: 63ms so far, now at startProcess: starting to update pids map
02-19 07:30:35.642  2005  2349 W ActivityManager: Slow operation: 66ms so far, now at startProcess: done updating pids map
02-19 07:30:35.646  2005  2005 I SmartPower: com.spotify.music/10587(11692): idle->background(17253ms) R(service create com.spotify.music/com.spotify.connect.mediarouteproviderapi.SpotifyMediaRouteProviderService) adj=200.
02-19 07:30:35.647  2000 14618 V CameraStub: getMipiError:303
02-19 07:30:35.649  1362  1527 D RenderEngine: skia drawWallpaperAnim name=Wallpaper BBQ wrapper#54413,  enableWallPaperAnim=1 wallpaperAnimProcess=0.021390
02-19 07:30:35.649  1362  1527 D RenderEngine: Wallpaper-Anim: progress=0.021390 shaderName=yahei
02-19 07:30:35.649  4171  4171 D ClockBaseAnimation: WallpaperParam   toLock WallPaperAnimProcess : 0.017177653
02-19 07:30:35.649  1362  2737 I IPCThreadState: oneway function results for code 903 on binder at 0xb400007ae14155c0 will be dropped but finished with status 1 (Unknown error -1)
02-19 07:30:35.649  1362  1524 I IPCThreadState: oneway function results for code 904 on binder at 0xb400007ae14155c0 will be dropped but finished with status 1 (Unknown error -1)
02-19 07:30:35.649  1221  1452 E SDM     : HWCSession::GetClientTargetProperty: GetClinetTargetProperty interface enter
02-19 07:30:35.649  4171  4171 I GlassNumberView: mDrawMatrix = Matrix{[1.0, 0.0, 0.0][0.0, 1.0, 0.0][0.0, 0.0, 1.0]} index = 0
02-19 07:30:35.649  4171  4171 I GlassNumberView: mDrawMatrix = Matrix{[1.0, 0.0, 0.0][0.0, 1.0, 0.0][0.0, 0.0, 1.0]} index = 7
02-19 07:30:35.649  4171  4171 I GlassNumberView: mDrawMatrix = Matrix{[1.0, 0.0, 0.0][0.0, 1.0, 0.0][0.0, 0.0, 1.0]} index = 3
02-19 07:30:35.649  4171  4171 I GlassNumberView: mDrawMatrix = Matrix{[1.0, 0.0, 0.0][0.0, 1.0, 0.0][0.0, 0.0, 1.0]} index = 0
02-19 07:30:35.653 14688 14688 I one.uninstaller: Using CollectorTypeCC GC.
02-19 07:30:35.657  1137 14720 I android.hardware.camera.provider@2.4-service_64: vendor/qcom/proprietary/adsprpc/src/fastrpc_apps_user.c:1383: remote_handle64_open: Successfully opened handle 0xd8916070 for file:///libmialgo_rfs_cdsp_skel.so?mialgo_rfs_cdsp_skel_handle_invoke&_modver=1.0&_dom=cdsp on domain 3
02-19 07:30:35.658  9807  9807 D CompassHeading: Emitting HeadingUpdated event with azimuth: 36
02-19 07:30:35.659  9807  9807 D CompassHeading: Raw azimuth: 36.071304761631616
02-19 07:30:35.659  9807  9807 D CompassHeading: Adjusted azimuth after rotation: 36.071304761631616
02-19 07:30:35.659  9807  9807 D CompassHeading: Raw azimuth: 36.059573911732116
02-19 07:30:35.659  9807  9807 D CompassHeading: Adjusted azimuth after rotation: 36.059573911732116
02-19 07:30:35.660 14688 14688 D nativeloader: Load libframework-connectivity-tiramisu-jni.so using APEX ns com_android_tethering for caller /apex/com.android.tethering/javalib/framework-connectivity-t.jar: ok
02-19 07:30:35.663 14688 14688 I MessageMonitor: Load libmiui_runtime
02-19 07:30:35.664  9807  9807 D CompassHeading: Raw azimuth: 36.069026893543416
02-19 07:30:35.664  9807  9807 D CompassHeading: Adjusted azimuth after rotation: 36.069026893543416
02-19 07:30:35.664  1137  1137 V SYNX-UMD: Synx Init!
02-19 07:30:35.665  1362  1527 D RenderEngine: skia drawWallpaperAnim name=Wallpaper BBQ wrapper#54413,  enableWallPaperAnim=1 wallpaperAnimProcess=0.017178
02-19 07:30:35.665  1362  1527 D RenderEngine: Wallpaper-Anim: progress=0.017178 shaderName=yahei
02-19 07:30:35.666  1221  1452 E SDM     : HWCSession::GetClientTargetProperty: GetClinetTargetProperty interface enter
02-19 07:30:35.666  4171  4171 D ClockBaseAnimation: WallpaperParam   toLock WallPaperAnimProcess : 0.013794241
02-19 07:30:35.666  1362  2737 I IPCThreadState: oneway function results for code 903 on binder at 0xb400007ae14155c0 will be dropped but finished with status 1 (Unknown error -1)
02-19 07:30:35.666  1362  2737 I IPCThreadState: oneway function results for code 904 on binder at 0xb400007ae14155c0 will be dropped but finished with status 1 (Unknown error -1)
02-19 07:30:35.667  4171  4171 I GlassNumberView: mDrawMatrix = Matrix{[1.0, 0.0, 0.0][0.0, 1.0, 0.0][0.0, 0.0, 1.0]} index = 0
02-19 07:30:35.667  4171  4171 I GlassNumberView: mDrawMatrix = Matrix{[1.0, 0.0, 0.0][0.0, 1.0, 0.0][0.0, 0.0, 1.0]} index = 7
02-19 07:30:35.667  4171  4171 I GlassNumberView: mDrawMatrix = Matrix{[1.0, 0.0, 0.0][0.0, 1.0, 0.0][0.0, 0.0, 1.0]} index = 3
02-19 07:30:35.667  4171  4171 I GlassNumberView: mDrawMatrix = Matrix{[1.0, 0.0, 0.0][0.0, 1.0, 0.0][0.0, 0.0, 1.0]} index = 0
02-19 07:30:35.668  1137  1137 V SYNX-UMD: Creating hPollThread = 481856253104
02-19 07:30:35.668  1137  1137 V SYNX-UMD: Completed Synx Init
02-19 07:30:35.671  2005  2065 I system_server: Background young concurrent copying GC freed 14MB AllocSpace bytes, 8(160KB) LOS objects, 8% free, 140MB/153MB, paused 1.056ms,124us total 103.169ms
02-19 07:30:35.671  1137  1137 V SYNX-UMD: Synx Init!
02-19 07:30:35.671  1137  1137 V SYNX-UMD: Initialized /dev/synx_device
02-19 07:30:35.673  9807  9807 D CompassHeading: Raw azimuth: 35.96091524426587
02-19 07:30:35.673  9807  9807 D CompassHeading: Adjusted azimuth after rotation: 35.96091524426587
02-19 07:30:35.676  1137 14735 V SYNX-UMD: Polling ...
02-19 07:30:35.679  2005  6355 D SymlinkUtils: attachApplication file op go pass: 1 ms
02-19 07:30:35.682  1362  1527 D RenderEngine: skia drawWallpaperAnim name=Wallpaper BBQ wrapper#54413,  enableWallPaperAnim=1 wallpaperAnimProcess=0.013794
02-19 07:30:35.682  1362  1527 D RenderEngine: Wallpaper-Anim: progress=0.013794 shaderName=yahei
02-19 07:30:35.682  4171  4171 D ClockBaseAnimation: WallpaperParam   toLock WallPaperAnimProcess : 0.011076853
02-19 07:30:35.682  1362  1524 I IPCThreadState: oneway function results for code 903 on binder at 0xb400007ae14155c0 will be dropped but finished with status 1 (Unknown error -1)
02-19 07:30:35.682  1362  1524 I IPCThreadState: oneway function results for code 904 on binder at 0xb400007ae14155c0 will be dropped but finished with status 1 (Unknown error -1)
02-19 07:30:35.682  1221  1452 E SDM     : HWCSession::GetClientTargetProperty: GetClinetTargetProperty interface enter
02-19 07:30:35.682  4171  4171 I GlassNumberView: mDrawMatrix = Matrix{[1.0, 0.0, 0.0][0.0, 1.0, 0.0][0.0, 0.0, 1.0]} index = 0
02-19 07:30:35.682  4171  4171 I GlassNumberView: mDrawMatrix = Matrix{[1.0, 0.0, 0.0][0.0, 1.0, 0.0][0.0, 0.0, 1.0]} index = 7
02-19 07:30:35.683  4171  4171 I GlassNumberView: mDrawMatrix = Matrix{[1.0, 0.0, 0.0][0.0, 1.0, 0.0][0.0, 0.0, 1.0]} index = 3
02-19 07:30:35.683  4171  4171 I GlassNumberView: mDrawMatrix = Matrix{[1.0, 0.0, 0.0][0.0, 1.0, 0.0][0.0, 0.0, 1.0]} index = 0
02-19 07:30:35.682  9807  9807 D CompassHeading: Raw azimuth: 35.96014001779507
02-19 07:30:35.683  9807  9807 D CompassHeading: Adjusted azimuth after rotation: 35.96014001779507
02-19 07:30:35.686  3348  3348 D MiuiScanManager: Screen On
02-19 07:30:35.687  2005  2348 I SmartPower: com.google.android.youtube/10212(13184): idle->background(40211ms) R(broadcast start Intent { act=android.intent.action.SCREEN_ON flg=0x50200010 }) adj=701.
02-19 07:30:35.688  1137  1137 E CamX    : [ERROR][STATS  ] camxautofocusnode.cpp:126 Create() m_vendorTagIndexTimestamp -2144600064
02-19 07:30:35.690  1137 14718 I CHIMEMCPY: camxchinodememcpy.cpp:523 Initialize(): m_nodeCaps 0
02-19 07:30:35.690  1137 14718 I CHINODEUTIL: camxchinodeutil.cpp:440 DefaultBufferNegotiation(): Output Port 0: (w x h) optimal 2304 x 1728 min 2304 x 1728 max 2304 x 1728Input: optimal 2304 x 1728 min 2304 x 1728 max 2304 x 1728 (NumConnected: 1)
02-19 07:30:35.691  2005  3234 I MiuiNetworkPolicy: updateUidState uid = 10212, uidState = 11
02-19 07:30:35.693  9807  9807 D CompassHeading: Raw azimuth: 35.885984653976244
02-19 07:30:35.693  1137  1137 V SYNX-UMD: Synx Init!
02-19 07:30:35.693  1137  1137 V SYNX-UMD: Initialized /dev/synx_device
02-19 07:30:35.693  9807  9807 D CompassHeading: Adjusted azimuth after rotation: 35.885984653976244
02-19 07:30:35.694  2005  6355 I SmartPower: com.a0soft.gphone.uninstaller/10570(14688): died->background(512700ms) R(process start ) adj=-10000.
02-19 07:30:35.695  1137  1137 I CamX    : [ DUMP][CORE   ] camxresourcemanager.h:1312 Dump() --------------------
02-19 07:30:35.695  1137  1137 I CamX    : [ DUMP][CORE   ] camxresourcemanager.h:1313 Dump()     Key      Cost   
02-19 07:30:35.695  1137  1137 I CamX    : [ DUMP][CORE   ] camxresourcemanager.h:1314 Dump() --------------------
02-19 07:30:35.695  1137  1137 I CamX    : [ DUMP][CORE   ] camxresourcemanager.h:1323 Dump()   {1, 1} :   100
02-19 07:30:35.695  1137  1137 I CamX    : [ DUMP][CORE   ] camxresourcemanager.h:1323 Dump()   {2, 0} :   33
02-19 07:30:35.697  2000 14618 V CameraStub: getMipiError:303
02-19 07:30:35.698  1362  1527 D RenderEngine: skia drawWallpaperAnim name=Wallpaper BBQ wrapper#54413,  enableWallPaperAnim=1 wallpaperAnimProcess=0.011077
02-19 07:30:35.698  1362  1527 D RenderEngine: Wallpaper-Anim: progress=0.011077 shaderName=yahei
02-19 07:30:35.698  4171  4171 D ClockBaseAnimation: WallpaperParam   toLock WallPaperAnimProcess : 0.008894548
02-19 07:30:35.699  1221  1452 E SDM     : HWCSession::GetClientTargetProperty: GetClinetTargetProperty interface enter
02-19 07:30:35.699  1362  1524 I IPCThreadState: oneway function results for code 903 on binder at 0xb400007ae14155c0 will be dropped but finished with status 1 (Unknown error -1)
02-19 07:30:35.699  1362  2737 I IPCThreadState: oneway function results for code 904 on binder at 0xb400007ae14155c0 will be dropped but finished with status 1 (Unknown error -1)
02-19 07:30:35.699  4171  4171 I GlassNumberView: mDrawMatrix = Matrix{[1.0, 0.0, 0.0][0.0, 1.0, 0.0][0.0, 0.0, 1.0]} index = 0
02-19 07:30:35.699  4171  4171 I GlassNumberView: mDrawMatrix = Matrix{[1.0, 0.0, 0.0][0.0, 1.0, 0.0][0.0, 0.0, 1.0]} index = 7
02-19 07:30:35.699  4171  4171 I GlassNumberView: mDrawMatrix = Matrix{[1.0, 0.0, 0.0][0.0, 1.0, 0.0][0.0, 0.0, 1.0]} index = 3
02-19 07:30:35.699  4171  4171 I GlassNumberView: mDrawMatrix = Matrix{[1.0, 0.0, 0.0][0.0, 1.0, 0.0][0.0, 0.0, 1.0]} index = 0
02-19 07:30:35.699  2005  6355 D CompatibilityChangeReporter: Compat change id reported: 168419799; UID 10570; state: DISABLED
02-19 07:30:35.701  1137  1137 E CamX    : [ERROR][ISP    ] camxifenode.cpp:1241 ProcessingNodeFinalizeInitialization() [debug]: IFE input w=1152,h=864.
02-19 07:30:35.702  2005  6355 D CompatibilityChangeReporter: Compat change id reported: 273564678; UID 10570; state: DISABLED
02-19 07:30:35.702  2005  6355 D CompatibilityInfo: mCompatibilityFlags - 0
02-19 07:30:35.702  9807  9807 D CompassHeading: Raw azimuth: 35.88117620080055
02-19 07:30:35.702  2005  6355 D CompatibilityInfo: applicationDensity - 440
02-19 07:30:35.702  2005  6355 D CompatibilityInfo: applicationScale - 1.0
02-19 07:30:35.703  9807  9807 D CompassHeading: Adjusted azimuth after rotation: 35.88117620080055
02-19 07:30:35.710  3348  3348 D MiuiBluetoothNotification: get receiver android.intent.action.SCREEN_ON
02-19 07:30:35.710  3348 11973 D MiuiBluetoothNotification: handle message: 108
02-19 07:30:35.711  9807  9807 D CompassHeading: Raw azimuth: 35.90227124005214
02-19 07:30:35.712  9807  9807 D CompassHeading: Adjusted azimuth after rotation: 35.90227124005214
02-19 07:30:35.713 14688 14688 D CompatibilityChangeReporter: Compat change id reported: 171979766; UID 10570; state: ENABLED
02-19 07:30:35.715  1362  1527 D RenderEngine: skia drawWallpaperAnim name=Wallpaper BBQ wrapper#54413,  enableWallPaperAnim=1 wallpaperAnimProcess=0.008895
02-19 07:30:35.715  4171  4171 D ClockBaseAnimation: WallpaperParam   toLock WallPaperAnimProcess : 0.007142057
02-19 07:30:35.715  1362  1527 D RenderEngine: Wallpaper-Anim: progress=0.008895 shaderName=yahei
02-19 07:30:35.715  1221  1452 E SDM     : HWCSession::GetClientTargetProperty: GetClinetTargetProperty interface enter
02-19 07:30:35.715  2005  3234 I MiuiNetworkPolicy: updateUidState uid = 10212, uidState = 19
02-19 07:30:35.715  4171  4171 I GlassNumberView: mDrawMatrix = Matrix{[1.0, 0.0, 0.0][0.0, 1.0, 0.0][0.0, 0.0, 1.0]} index = 0
02-19 07:30:35.715  4171  4171 I GlassNumberView: mDrawMatrix = Matrix{[1.0, 0.0, 0.0][0.0, 1.0, 0.0][0.0, 0.0, 1.0]} index = 7
02-19 07:30:35.715  4171  4171 I GlassNumberView: mDrawMatrix = Matrix{[1.0, 0.0, 0.0][0.0, 1.0, 0.0][0.0, 0.0, 1.0]} index = 3
02-19 07:30:35.715  4171  4171 I GlassNumberView: mDrawMatrix = Matrix{[1.0, 0.0, 0.0][0.0, 1.0, 0.0][0.0, 0.0, 1.0]} index = 0
02-19 07:30:35.716  1362  1527 D RenderEngine: skia drawWallpaperAnim name=Wallpaper BBQ wrapper#54413,  enableWallPaperAnim=1 wallpaperAnimProcess=0.008895
02-19 07:30:35.716  1362  1527 D RenderEngine: Wallpaper-Anim: progress=0.008895 shaderName=yahei
02-19 07:30:35.716  1362  1524 I IPCThreadState: oneway function results for code 903 on binder at 0xb400007ae14155c0 will be dropped but finished with status 1 (Unknown error -1)
02-19 07:30:35.716  1362  2737 I IPCThreadState: oneway function results for code 904 on binder at 0xb400007ae14155c0 will be dropped but finished with status 1 (Unknown error -1)
02-19 07:30:35.718 14688 14688 D CompatibilityChangeReporter: Compat change id reported: 242716250; UID 10570; state: ENABLED
02-19 07:30:35.719  2005  2348 I SmartPower: com.google.android.apps.youtube.music/10261(8780): idle->background(40238ms) R(broadcast start Intent { act=android.intent.action.SCREEN_ON flg=0x50200010 }) adj=905.
02-19 07:30:35.722  2005  3234 I MiuiNetworkPolicy: updateUidState uid = 10261, uidState = 11
02-19 07:30:35.722  9807  9807 D CompassHeading: Raw azimuth: 35.89484340932975
02-19 07:30:35.722  9807  9807 D CompassHeading: Adjusted azimuth after rotation: 35.89484340932975
02-19 07:30:35.730  2005  4590 D CompatibilityChangeReporter: Compat change id reported: 170503758; UID 10570; state: ENABLED
02-19 07:30:35.731  9807  9807 D CompassHeading: Raw azimuth: 35.926422788957304
02-19 07:30:35.731  9807  9807 D CompassHeading: Adjusted azimuth after rotation: 35.926422788957304
02-19 07:30:35.731  1362  1527 D RenderEngine: skia drawWallpaperAnim name=Wallpaper BBQ wrapper#54413,  enableWallPaperAnim=1 wallpaperAnimProcess=0.007142
02-19 07:30:35.731  1362  1527 D RenderEngine: Wallpaper-Anim: progress=0.007142 shaderName=yahei
02-19 07:30:35.731  4171  4171 D ClockBaseAnimation: WallpaperParam   toLock WallPaperAnimProcess : 0.0057347817
02-19 07:30:35.732  1362  1524 I IPCThreadState: oneway function results for code 903 on binder at 0xb400007ae14155c0 will be dropped but finished with status 1 (Unknown error -1)
02-19 07:30:35.732  1221  1452 E SDM     : HWCSession::GetClientTargetProperty: GetClinetTargetProperty interface enter
02-19 07:30:35.732  1362  2737 I IPCThreadState: oneway function results for code 904 on binder at 0xb400007ae14155c0 will be dropped but finished with status 1 (Unknown error -1)
02-19 07:30:35.732  4171  4171 I GlassNumberView: mDrawMatrix = Matrix{[1.0, 0.0, 0.0][0.0, 1.0, 0.0][0.0, 0.0, 1.0]} index = 0
02-19 07:30:35.732  4171  4171 I GlassNumberView: mDrawMatrix = Matrix{[1.0, 0.0, 0.0][0.0, 1.0, 0.0][0.0, 0.0, 1.0]} index = 7
02-19 07:30:35.732  4171  4171 I GlassNumberView: mDrawMatrix = Matrix{[1.0, 0.0, 0.0][0.0, 1.0, 0.0][0.0, 0.0, 1.0]} index = 3
02-19 07:30:35.732  4171  4171 I GlassNumberView: mDrawMatrix = Matrix{[1.0, 0.0, 0.0][0.0, 1.0, 0.0][0.0, 0.0, 1.0]} index = 0
02-19 07:30:35.741  2005  3234 I MiuiNetworkPolicy: updateUidState uid = 10261, uidState = 19
02-19 07:30:35.742  9807  9807 D CompassHeading: Raw azimuth: 35.923933185004834
02-19 07:30:35.742  9807  9807 D CompassHeading: Adjusted azimuth after rotation: 35.923933185004834
02-19 07:30:35.743  2005  2348 I SmartPower: com.xiaomi.mipicks/10179(16077): idle->background(17350ms) R(broadcast start Intent { act=android.intent.action.SCREEN_ON flg=0x50200010 }) adj=905.
02-19 07:30:35.744  2005  2348 I SmartPower: com.microsoft.copilot/10373(17232): idle->background(40261ms) R(broadcast start Intent { act=android.intent.action.SCREEN_ON flg=0x50200010 }) adj=935.
02-19 07:30:35.744  1129  1476 E minksocket: MinkIPC_QRTR_Service: client with node 1 port 5962 went down
02-19 07:30:35.747  2000 14618 V CameraStub: getMipiError:303
02-19 07:30:35.747  2005  3234 I MiuiNetworkPolicy: updateUidState uid = 10373, uidState = 11
02-19 07:30:35.748  2005  3234 I MiuiNetworkPolicy: updateUidState uid = 10179, uidState = 11
02-19 07:30:35.748  1129  1476 E minksocket: MinkIPC_QRTR_Service: client with node 1 port 5963 went down
02-19 07:30:35.748  1362  1527 D RenderEngine: skia drawWallpaperAnim name=Wallpaper BBQ wrapper#54413,  enableWallPaperAnim=1 wallpaperAnimProcess=0.005735
02-19 07:30:35.748  1362  1527 D RenderEngine: Wallpaper-Anim: progress=0.005735 shaderName=yahei
02-19 07:30:35.748  4171  4171 D ClockBaseAnimation: WallpaperParam   toLock WallPaperAnimProcess : 0.0046047526
02-19 07:30:35.748  4171  4171 I GlassNumberView: mDrawMatrix = Matrix{[1.0, 0.0, 0.0][0.0, 1.0, 0.0][0.0, 0.0, 1.0]} index = 0
02-19 07:30:35.749  1221  1452 E SDM     : HWCSession::GetClientTargetProperty: GetClinetTargetProperty interface enter
02-19 07:30:35.749  4171  4171 I GlassNumberView: mDrawMatrix = Matrix{[1.0, 0.0, 0.0][0.0, 1.0, 0.0][0.0, 0.0, 1.0]} index = 7
02-19 07:30:35.749  4171  4171 I GlassNumberView: mDrawMatrix = Matrix{[1.0, 0.0, 0.0][0.0, 1.0, 0.0][0.0, 0.0, 1.0]} index = 3
02-19 07:30:35.749  4171  4171 I GlassNumberView: mDrawMatrix = Matrix{[1.0, 0.0, 0.0][0.0, 1.0, 0.0][0.0, 0.0, 1.0]} index = 0
02-19 07:30:35.749  1362  1524 I IPCThreadState: oneway function results for code 903 on binder at 0xb400007ae14155c0 will be dropped but finished with status 1 (Unknown error -1)
02-19 07:30:35.749  1362  2737 I IPCThreadState: oneway function results for code 904 on binder at 0xb400007ae14155c0 will be dropped but finished with status 1 (Unknown error -1)
02-19 07:30:35.750  9807  9807 D CompassHeading: Raw azimuth: 35.88729946539147
02-19 07:30:35.750  9807  9807 D CompassHeading: Adjusted azimuth after rotation: 35.88729946539147
02-19 07:30:35.751  2005  3804 D WifiFeatureControl: gameState: false, battleState: false
02-19 07:30:35.752  1129  1476 E minksocket: MinkIPC_QRTR_Service: client with node 1 port 5964 went down
02-19 07:30:35.754  1137  2891 E CamX    : [ERROR][NCS    ] camxncsintfqsee.cpp:2555 FillSensorData() Invalid sensor index -1
02-19 07:30:35.758  1129  1476 E minksocket: MinkIPC_QRTR_Service: client with node 1 port 5965 went down
02-19 07:30:35.759  2005  2005 I GnssPowerOptimize: Screen On ? true
02-19 07:30:35.761 11546 14239 I DiscoveryManager: Discovery state (DiscoveryState{filterCriteria=[CC32E753, CC1AD845], categoryToCriteria={com.google.android.gms.cast.CATEGORY_CAST/CC32E753///ALLOW_IPV6=[CC32E753], android.media.intent.category.REMOTE_PLAYBACK=[CC1AD845]}, activeScan=true, activeScanWithScreenOff=false, discoveryRequestSupportsDynamicSession=false})
02-19 07:30:35.764  1362  1527 D RenderEngine: skia drawWallpaperAnim name=Wallpaper BBQ wrapper#54413,  enableWallPaperAnim=1 wallpaperAnimProcess=0.004605
02-19 07:30:35.764  1362  1527 D RenderEngine: Wallpaper-Anim: progress=0.004605 shaderName=yahei
02-19 07:30:35.765  4171  4171 D ClockBaseAnimation: WallpaperParam   toLock WallPaperAnimProcess : 0.0036973674
02-19 07:30:35.765  1362  2737 I IPCThreadState: oneway function results for code 903 on binder at 0xb400007ae14155c0 will be dropped but finished with status 1 (Unknown error -1)
02-19 07:30:35.765  1362  2737 I IPCThreadState: oneway function results for code 904 on binder at 0xb400007ae14155c0 will be dropped but finished with status 1 (Unknown error -1)
02-19 07:30:35.765  1221  1452 E SDM     : HWCSession::GetClientTargetProperty: GetClinetTargetProperty interface enter
02-19 07:30:35.765  4171  4171 I GlassNumberView: mDrawMatrix = Matrix{[1.0, 0.0, 0.0][0.0, 1.0, 0.0][0.0, 0.0, 1.0]} index = 0
02-19 07:30:35.765  4171  4171 I GlassNumberView: mDrawMatrix = Matrix{[1.0, 0.0, 0.0][0.0, 1.0, 0.0][0.0, 0.0, 1.0]} index = 7
02-19 07:30:35.765  4171  4171 I GlassNumberView: mDrawMatrix = Matrix{[1.0, 0.0, 0.0][0.0, 1.0, 0.0][0.0, 0.0, 1.0]} index = 3
02-19 07:30:35.765  4171  4171 I GlassNumberView: mDrawMatrix = Matrix{[1.0, 0.0, 0.0][0.0, 1.0, 0.0][0.0, 0.0, 1.0]} index = 0
02-19 07:30:35.766  2005  2403 D syspressure.pressure: monitor start
02-19 07:30:35.767  2005  2005 D NetworkBoostStatusManager: ACTION_SCREEN_ON
02-19 07:30:35.768  2005  2005 D MscsService: onScreenON
02-19 07:30:35.770  1129  1476 E minksocket: MinkIPC_QRTR_Service: client with node 1 port 5967 went down
02-19 07:30:35.772  1174 14564 I sensors-hal: handle_sns_std_sensor_event:57, light_event: ts=754570641141800, lux: 11.0, extra_info=0 
02-19 07:30:35.772  1129  1476 E minksocket: MinkIPC_QRTR_Service: client with node 1 port 5968 went down
02-19 07:30:35.772  1129  1476 E minksocket: MinkIPC_QRTR_Service: client with node 1 port 5969 went down
02-19 07:30:35.773  1129  1476 E minksocket: MinkIPC_QRTR_Service: client with node 1 port 596a went down
02-19 07:30:35.773  9807  9807 D CompassHeading: Raw azimuth: 35.865302841169445
02-19 07:30:35.773  9807  9807 D CompassHeading: Adjusted azimuth after rotation: 35.865302841169445
02-19 07:30:35.773  9807  9807 D CompassHeading: Raw azimuth: 35.8298951405121
02-19 07:30:35.773  9807  9807 D CompassHeading: Adjusted azimuth after rotation: 35.8298951405121
02-19 07:30:35.773  4171  4171 E adTracker: Value ranker_group of type java.lang.String cannot be converted to JSONObject
02-19 07:30:35.775  2005  3234 I MiuiNetworkPolicy: updateUidState uid = 10373, uidState = 19
02-19 07:30:35.777  2005  2348 I SmartPower: com.whatsapp/10493(20845): idle->background(40293ms) R(broadcast start Intent { act=android.intent.action.SCREEN_ON flg=0x50200010 }) adj=701.
02-19 07:30:35.780  2005  3234 I MiuiNetworkPolicy: updateUidState uid = 10493, uidState = 11
02-19 07:30:35.781  1362  1527 D RenderEngine: skia drawWallpaperAnim name=Wallpaper BBQ wrapper#54413,  enableWallPaperAnim=1 wallpaperAnimProcess=0.003697
02-19 07:30:35.781  1362  1527 D RenderEngine: Wallpaper-Anim: progress=0.003697 shaderName=yahei
02-19 07:30:35.781  4171  4171 D ClockBaseAnimation: WallpaperParam   toLock WallPaperAnimProcess : 0.0029687712
02-19 07:30:35.781  1362  1524 I IPCThreadState: oneway function results for code 903 on binder at 0xb400007ae14155c0 will be dropped but finished with status 1 (Unknown error -1)
02-19 07:30:35.781  1221  1452 E SDM     : HWCSession::GetClientTargetProperty: GetClinetTargetProperty interface enter
02-19 07:30:35.781  1362  1524 I IPCThreadState: oneway function results for code 904 on binder at 0xb400007ae14155c0 will be dropped but finished with status 1 (Unknown error -1)
02-19 07:30:35.782  4171  4171 I GlassNumberView: mDrawMatrix = Matrix{[1.0, 0.0, 0.0][0.0, 1.0, 0.0][0.0, 0.0, 1.0]} index = 0
02-19 07:30:35.782  4171  4171 I GlassNumberView: mDrawMatrix = Matrix{[1.0, 0.0, 0.0][0.0, 1.0, 0.0][0.0, 0.0, 1.0]} index = 7
02-19 07:30:35.782  4171  4171 I GlassNumberView: mDrawMatrix = Matrix{[1.0, 0.0, 0.0][0.0, 1.0, 0.0][0.0, 0.0, 1.0]} index = 3
02-19 07:30:35.782  4171  4171 I GlassNumberView: mDrawMatrix = Matrix{[1.0, 0.0, 0.0][0.0, 1.0, 0.0][0.0, 0.0, 1.0]} index = 0
02-19 07:30:35.783  1137  2891 E CamX    : [ERROR][NCS    ] camxncsintfqsee.cpp:2340 SensorCallback() Invalid sensor index -1
02-19 07:30:35.785  2005  2956 W AlarmManager: Unrecognized alarm listener com.android.server.job.controllers.idle.DeviceIdlenessTracker$$ExternalSyntheticLambda1@4947f85
02-19 07:30:35.786  2005  2348 I SmartPower: com.whatsapp/99910493(27826): idle->background(40301ms) R(broadcast start Intent { act=android.intent.action.SCREEN_ON flg=0x50200010 }) adj=701.
02-19 07:30:35.787  2005  3234 I MiuiNetworkPolicy: updateUidState uid = 99910493, uidState = 11
02-19 07:30:35.788  9807  9807 D CompassHeading: Raw azimuth: 35.7957066286216
02-19 07:30:35.788  9807  9807 D CompassHeading: Adjusted azimuth after rotation: 35.7957066286216
02-19 07:30:35.790   662   662 I lowmemorykiller: Kill 'com.miui.weather2' (7997), uid 10259, oom_score_adj 975 to free 57048kB rss, 45940kB swap; reason: cw
02-19 07:30:35.792 11546 14239 W DatabaseProcessor: processLocalDevices: failed to get the network info with non-null networkId.
02-19 07:30:35.793  2005  2352 I libprocessgroup: Successfully killed process cgroup uid 10259 pid 7997 in 0ms
02-19 07:30:35.797  9807  9807 D CompassHeading: Raw azimuth: 35.783620608885265
02-19 07:30:35.797  2000 14618 V CameraStub: getMipiError:303
02-19 07:30:35.797  4171  4171 D ClockBaseAnimation: WallpaperParam   toLock WallPaperAnimProcess : 0.0023837418
02-19 07:30:35.798  1362  1527 D RenderEngine: skia drawWallpaperAnim name=Wallpaper BBQ wrapper#54413,  enableWallPaperAnim=1 wallpaperAnimProcess=0.002969
02-19 07:30:35.798  1362  1527 D RenderEngine: Wallpaper-Anim: progress=0.002969 shaderName=yahei
02-19 07:30:35.798  1362  1524 I IPCThreadState: oneway function results for code 903 on binder at 0xb400007ae14155c0 will be dropped but finished with status 1 (Unknown error -1)
02-19 07:30:35.798  9807  9807 D CompassHeading: Adjusted azimuth after rotation: 35.783620608885265
02-19 07:30:35.798  1362  1524 I IPCThreadState: oneway function results for code 904 on binder at 0xb400007ae14155c0 will be dropped but finished with status 1 (Unknown error -1)
02-19 07:30:35.798  1221  1452 E SDM     : HWCSession::GetClientTargetProperty: GetClinetTargetProperty interface enter
02-19 07:30:35.799  4171  4171 I GlassNumberView: mDrawMatrix = Matrix{[1.0, 0.0, 0.0][0.0, 1.0, 0.0][0.0, 0.0, 1.0]} index = 0
02-19 07:30:35.799  4171  4171 I GlassNumberView: mDrawMatrix = Matrix{[1.0, 0.0, 0.0][0.0, 1.0, 0.0][0.0, 0.0, 1.0]} index = 7
02-19 07:30:35.799  4171  4171 I GlassNumberView: mDrawMatrix = Matrix{[1.0, 0.0, 0.0][0.0, 1.0, 0.0][0.0, 0.0, 1.0]} index = 3
02-19 07:30:35.799  4171  4171 I GlassNumberView: mDrawMatrix = Matrix{[1.0, 0.0, 0.0][0.0, 1.0, 0.0][0.0, 0.0, 1.0]} index = 0
02-19 07:30:35.801 11546 11546 I CastMediaRouteProvider: Published 0 routes
02-19 07:30:35.804 11546 11546 D BoundBrokerSvc: onRebind: Intent { act=com.google.android.gms.common.telemetry.service.START dat=chimera-action:/... cmp=com.google.android.gms/.chimera.PersistentApiService }
02-19 07:30:35.804  2005  2077 I MR2ServiceImpl: setDiscoveryRequestWithRouter2 | router: com.spotify.music(id: 31), discovery request: RouteDiscoveryRequest{ preferredFeatures={com.spotify.music.SPOTIFY_CONNECT, com.google.android.gms.cast.CATEGORY_CAST/CC32E753///ALLOW_IPV6, android.media.route.feature.LIVE_VIDEO, android.media.route.feature.LIVE_AUDIO, android.media.route.feature.REMOTE_PLAYBACK}, activeScan=true }
02-19 07:30:35.805 11692 11692 W MR2     : registerTransferCallback: Ignoring the same callback
02-19 07:30:35.806 11692 11692 W MR2     : registerControllerCallback: Ignoring the same callback
02-19 07:30:35.807  9807  9807 D CompassHeading: Raw azimuth: 35.75396392750907
02-19 07:30:35.807  9807  9807 D CompassHeading: Adjusted azimuth after rotation: 35.75396392750907
02-19 07:30:35.812 16077 16077 D BroadcastExecutor: BroadcastExecutor : 2
02-19 07:30:35.814  1137  1137 E CamX    : [ERROR][HAL    ] camxhal3.cpp:1931 configure_streams() FPS: 9 ~ 30
02-19 07:30:35.814  1137  2891 E CamX    : [ERROR][NCS    ] camxncsintfqsee.cpp:2340 SensorCallback() Invalid sensor index -1
02-19 07:30:35.814  4171  4171 D ClockBaseAnimation: WallpaperParam   toLock WallPaperAnimProcess : 0.001913994
02-19 07:30:35.814  1362  2737 I IPCThreadState: oneway function results for code 903 on binder at 0xb400007ae14155c0 will be dropped but finished with status 1 (Unknown error -1)
02-19 07:30:35.814  1362  2737 I IPCThreadState: oneway function results for code 904 on binder at 0xb400007ae14155c0 will be dropped but finished with status 1 (Unknown error -1)
02-19 07:30:35.814  2000 13958 E VendorTagDescriptor: lookupTag: Tag name 'MiStreamUsecase' does not exist.
02-19 07:30:35.815  1362  1527 D RenderEngine: skia drawWallpaperAnim name=Wallpaper BBQ wrapper#54413,  enableWallPaperAnim=1 wallpaperAnimProcess=0.002384
02-19 07:30:35.815  1362  1527 D RenderEngine: Wallpaper-Anim: progress=0.002384 shaderName=yahei
02-19 07:30:35.815  4171  4171 I GlassNumberView: mDrawMatrix = Matrix{[1.0, 0.0, 0.0][0.0, 1.0, 0.0][0.0, 0.0, 1.0]} index = 0
02-19 07:30:35.815  4171  4171 I GlassNumberView: mDrawMatrix = Matrix{[1.0, 0.0, 0.0][0.0, 1.0, 0.0][0.0, 0.0, 1.0]} index = 7
02-19 07:30:35.815  4171  4171 I GlassNumberView: mDrawMatrix = Matrix{[1.0, 0.0, 0.0][0.0, 1.0, 0.0][0.0, 0.0, 1.0]} index = 3
02-19 07:30:35.815  4171  4171 I GlassNumberView: mDrawMatrix = Matrix{[1.0, 0.0, 0.0][0.0, 1.0, 0.0][0.0, 0.0, 1.0]} index = 0
02-19 07:30:35.815  1221  1452 E SDM     : HWCSession::GetClientTargetProperty: GetClinetTargetProperty interface enter
02-19 07:30:35.824  1174 14564 I sensors-hal: handle_sns_std_sensor_event:57, light_event: ts=754570699433206, lux: 11.0, extra_info=0 
02-19 07:30:35.825  9807  9807 D CompassHeading: Raw azimuth: 35.744251398509306
02-19 07:30:35.825  9807  9807 D CompassHeading: Adjusted azimuth after rotation: 35.744251398509306
02-19 07:30:35.827  9807  9807 D CompassHeading: Raw azimuth: 35.68283092239797
02-19 07:30:35.827  9807  9807 D CompassHeading: Adjusted azimuth after rotation: 35.68283092239797
02-19 07:30:35.829  2000 13958 D Camera3-Device: Set real time priority for request queue thread (tid 14618)
02-19 07:30:35.829  2000 13958 E CameraImpl: reportSdkConfigureStreams 502 0x76d9383290
02-19 07:30:35.830  6908  7026 W BpBinder: PerfMonitor binderTransact: time=332ms interface=android.hardware.camera2.ICameraDeviceUser code=6
02-19 07:30:35.831  4171  4171 D ClockBaseAnimation: WallpaperParam   toLock WallPaperAnimProcess : 0.0015368132
02-19 07:30:35.831  1362  1527 D RenderEngine: skia drawWallpaperAnim name=Wallpaper BBQ wrapper#54413,  enableWallPaperAnim=1 wallpaperAnimProcess=0.001914
02-19 07:30:35.831  1362  1527 D RenderEngine: Wallpaper-Anim: progress=0.001914 shaderName=yahei
02-19 07:30:35.831  1362  1524 I IPCThreadState: oneway function results for code 903 on binder at 0xb400007ae14155c0 will be dropped but finished with status 1 (Unknown error -1)
02-19 07:30:35.831  1362  1524 I IPCThreadState: oneway function results for code 904 on binder at 0xb400007ae14155c0 will be dropped but finished with status 1 (Unknown error -1)
02-19 07:30:35.831  1221  1452 E SDM     : HWCSession::GetClientTargetProperty: GetClinetTargetProperty interface enter
02-19 07:30:35.831  4171  4171 I GlassNumberView: mDrawMatrix = Matrix{[1.0, 0.0, 0.0][0.0, 1.0, 0.0][0.0, 0.0, 1.0]} index = 0
02-19 07:30:35.831  4171  4171 I GlassNumberView: mDrawMatrix = Matrix{[1.0, 0.0, 0.0][0.0, 1.0, 0.0][0.0, 0.0, 1.0]} index = 7
02-19 07:30:35.831  4171  4171 I GlassNumberView: mDrawMatrix = Matrix{[1.0, 0.0, 0.0][0.0, 1.0, 0.0][0.0, 0.0, 1.0]} index = 3
02-19 07:30:35.831  4171  4171 I GlassNumberView: mDrawMatrix = Matrix{[1.0, 0.0, 0.0][0.0, 1.0, 0.0][0.0, 0.0, 1.0]} index = 0
02-19 07:30:35.832  4171  4171 D ClockBaseAnimation: WallpaperParam   toLock WallPaperAnimProcess : 0.0
02-19 07:30:35.832  1362  1524 I IPCThreadState: oneway function results for code 903 on binder at 0xb400007ae14155c0 will be dropped but finished with status 1 (Unknown error -1)
02-19 07:30:35.832  1362  2737 I IPCThreadState: oneway function results for code 904 on binder at 0xb400007ae14155c0 will be dropped but finished with status 1 (Unknown error -1)
02-19 07:30:35.832  1362  2737 I IPCThreadState: oneway function results for code 903 on binder at 0xb400007ae14155c0 will be dropped but finished with status 1 (Unknown error -1)
02-19 07:30:35.833 16077 16077 D BroadcastExecutor: BroadcastExecutor : 2
02-19 07:30:35.833  2000 13958 E VendorTagDescriptor: lookupTag: Tag name 'captureType' does not exist.
02-19 07:30:35.833  2000 13958 I CameraImpl: getPluginRequestCount, not burst mode, captureType(0), success(0)
02-19 07:30:35.833  2000 13958 I Camera3-Device: convertMetadataListToRequestListLocked: pluginCount 0, mIsPluginBurstRequest 0
02-19 07:30:35.833  2000 13958 V CameraStub: getShrinkMode:350
02-19 07:30:35.836  2005  3234 I MiuiNetworkPolicy: updateUidState uid = 10493, uidState = 19
02-19 07:30:35.837  9807  9807 D CompassHeading: Raw azimuth: 35.68754716801986
02-19 07:30:35.837  9807  9807 D CompassHeading: Adjusted azimuth after rotation: 35.68754716801986
02-19 07:30:35.840  2005  2348 I SmartPower: com.facebook.services/10095(22590): idle->background(613623ms) R(broadcast start Intent { act=android.intent.action.SCREEN_ON flg=0x50200010 }) adj=945.
02-19 07:30:35.843  2005  3234 I MiuiNetworkPolicy: updateUidState uid = 99910493, uidState = 19
02-19 07:30:35.848  2000 14618 E CameraImpl: reportSdkRequest 531 0xb4000076e902e6a0
02-19 07:30:35.848  1221  1452 E SDM     : HWCSession::GetClientTargetProperty: GetClinetTargetProperty interface enter
02-19 07:30:35.849  4171  8372 W LocalMediaManager: BluetoothAdapter is null or muting expected device not exist
02-19 07:30:35.849  9807  9807 D CompassHeading: Raw azimuth: 35.682485997844886
02-19 07:30:35.849  9807  9807 D CompassHeading: Adjusted azimuth after rotation: 35.682485997844886
02-19 07:30:35.851  2005  3234 I MiuiNetworkPolicy: updateUidState uid = 10179, uidState = 19
02-19 07:30:35.851  4171  4547 D MediaDeviceManager: Can not get LocalBluetoothLeBroadcast
02-19 07:30:35.852  4171  4171 I GlassNumberView: mDrawMatrix = Matrix{[1.0, 0.0, 0.0][0.0, 1.0, 0.0][0.0, 0.0, 1.0]} index = 0
02-19 07:30:35.852  4171  4171 I GlassNumberView: mDrawMatrix = Matrix{[1.0, 0.0, 0.0][0.0, 1.0, 0.0][0.0, 0.0, 1.0]} index = 7
02-19 07:30:35.852  4171  4171 I GlassNumberView: mDrawMatrix = Matrix{[1.0, 0.0, 0.0][0.0, 1.0, 0.0][0.0, 0.0, 1.0]} index = 3
02-19 07:30:35.852  4171  4171 I GlassNumberView: mDrawMatrix = Matrix{[1.0, 0.0, 0.0][0.0, 1.0, 0.0][0.0, 0.0, 1.0]} index = 0
02-19 07:30:35.855  1221 18558 I MiStcImpl: Dispatching command: 14 SET_IGC_DITHER
02-19 07:30:35.855  1221 18558 E MiStcImpl: Seting Display 0 dither en 1 strength 5
02-19 07:30:35.856  9807  9807 D CompassHeading: Raw azimuth: 35.69951707454031
02-19 07:30:35.858  2005  2348 I SmartPower: com.xiaomi.discover/10182(29825): idle->background(17465ms) R(broadcast start Intent { act=android.intent.action.SCREEN_ON flg=0x50200010 }) adj=905.
02-19 07:30:35.859  2005  2348 I SmartPower: com.vodafone.selfservis/10310(1412): idle->background(40372ms) R(broadcast start Intent { act=android.intent.action.SCREEN_ON flg=0x50200010 }) adj=905.
02-19 07:30:35.860  9807  9807 D CompassHeading: Adjusted azimuth after rotation: 35.69951707454031
02-19 07:30:35.861  2005  3234 I MiuiNetworkPolicy: updateUidState uid = 99526, uidState = 11
02-19 07:30:35.862  2005  3234 I MiuiNetworkPolicy: updateUidState uid = 10310, uidState = 11
02-19 07:30:35.864  4171  4171 I GlassNumberView: mDrawMatrix = Matrix{[1.0, 0.0, 0.0][0.0, 1.0, 0.0][0.0, 0.0, 1.0]} index = 0
02-19 07:30:35.864  4171  4171 I GlassNumberView: mDrawMatrix = Matrix{[1.0, 0.0, 0.0][0.0, 1.0, 0.0][0.0, 0.0, 1.0]} index = 7
02-19 07:30:35.864  4171  4171 I GlassNumberView: mDrawMatrix = Matrix{[1.0, 0.0, 0.0][0.0, 1.0, 0.0][0.0, 0.0, 1.0]} index = 3
02-19 07:30:35.864  4171  4171 I GlassNumberView: mDrawMatrix = Matrix{[1.0, 0.0, 0.0][0.0, 1.0, 0.0][0.0, 0.0, 1.0]} index = 0
02-19 07:30:35.865  9807  9807 D CompassHeading: Raw azimuth: 35.74116756809905
02-19 07:30:35.865  9807  9807 D CompassHeading: Adjusted azimuth after rotation: 35.74116756809905
02-19 07:30:35.867  1221  1452 E SDM     : HWCSession::GetClientTargetProperty: GetClinetTargetProperty interface enter
02-19 07:30:35.876  9807  9807 D CompassHeading: Raw azimuth: 35.76233090924233
02-19 07:30:35.876  9807  9807 D CompassHeading: Adjusted azimuth after rotation: 35.76233090924233
02-19 07:30:35.878  1137 14736 I CamX    : [ DUMP][CORE   ] camxresourcemanager.h:1312 Dump() --------------------
02-19 07:30:35.878  1137 14736 I CamX    : [ DUMP][CORE   ] camxresourcemanager.h:1313 Dump()     Key      Cost   
02-19 07:30:35.878  1137 14736 I CamX    : [ DUMP][CORE   ] camxresourcemanager.h:1314 Dump() --------------------
02-19 07:30:35.878  1137 14736 I CamX    : [ DUMP][CORE   ] camxresourcemanager.h:1323 Dump()   {1, 1} :   100
02-19 07:30:35.878  1137 14736 I CamX    : [ DUMP][CORE   ] camxresourcemanager.h:1323 Dump()   {2, 0} :   33
02-19 07:30:35.878  1137 14739 E CamX    : [ERROR][STATS_AEC] caecxhistory.cpp:119: GetInternalFrameHistory Frame History: No start configuration! returning NULL
02-19 07:30:35.878  1137 14736 I CamX    : [ DUMP][CORE   ] camxresourcemanager.cpp:101 DumpState() [IPEHw : 0], AvailableResource = 100
02-19 07:30:35.878  1137 14736 I CamX    : [ DUMP][CORE   ] camxresourcemanager.cpp:101 DumpState() [IFEHw : 0], AvailableResource = 67
02-19 07:30:35.878  1137 14736 I CamX    : [ DUMP][CORE   ] camxresourcemanager.cpp:101 DumpState() [IFEHw : 1], AvailableResource = 100
02-19 07:30:35.878  1137 14736 I CamX    : [ DUMP][CORE   ] camxresourcemanager.cpp:101 DumpState() [SensorHw : 0], AvailableResource = 100
02-19 07:30:35.878  1137 14736 I CamX    : [ DUMP][CORE   ] camxresourcemanager.cpp:101 DumpState() [SensorHw : 1], AvailableResource = 0
02-19 07:30:35.878  1137 14736 I CamX    : [ DUMP][CORE   ] camxresourcemanager.cpp:101 DumpState() [SensorHw : 2], AvailableResource = 100
02-19 07:30:35.878  1137 14736 I CamX    : [ DUMP][CORE   ] camxresourcemanager.cpp:101 DumpState() [SensorHw : 3], AvailableResource = 100
02-19 07:30:35.878  1137 14736 I CamX    : [ DUMP][CORE   ] camxresourcemanager.cpp:174 DumpState() 
02-19 07:30:35.878  1137 14736 I CamX    : 
02-19 07:30:35.878  1137 14736 I CamX    : [ DUMP][CORE   ] camxresourcemanager.cpp:175 DumpState() client {RealTimeFeatureZSLPreviewRawForThirdPartyApp, 0xb40000704fb2b300}
02-19 07:30:35.878  1137 14736 I CamX    : [ DUMP][CORE   ] camxresourcemanager.cpp:176 DumpState() -------------------------
02-19 07:30:35.878  1137 14736 I CamX    : [ DUMP][CORE   ] camxresourcemanager.cpp:177 DumpState()     Key     Allocation
02-19 07:30:35.878  1137 14736 I CamX    : [ DUMP][CORE   ] camxresourcemanager.cpp:178 DumpState() -------------------------
02-19 07:30:35.878  1137 14736 I CamX    : [ DUMP][CORE   ] camxresourcemanager.cpp:187 DumpState()   {1, 1} :   100
02-19 07:30:35.878  1137 14736 I CamX    : [ DUMP][CORE   ] camxresourcemanager.cpp:187 DumpState()   {2, 0} :   33
02-19 07:30:35.879  2000 14618 V CameraStub: getMipiError:303
02-19 07:30:35.881  4171  4171 I GlassNumberView: mDrawMatrix = Matrix{[1.0, 0.0, 0.0][0.0, 1.0, 0.0][0.0, 0.0, 1.0]} index = 0
02-19 07:30:35.881  4171  4171 I GlassNumberView: mDrawMatrix = Matrix{[1.0, 0.0, 0.0][0.0, 1.0, 0.0][0.0, 0.0, 1.0]} index = 7
02-19 07:30:35.881  4171  4171 I GlassNumberView: mDrawMatrix = Matrix{[1.0, 0.0, 0.0][0.0, 1.0, 0.0][0.0, 0.0, 1.0]} index = 3
02-19 07:30:35.881  4171  4171 I GlassNumberView: mDrawMatrix = Matrix{[1.0, 0.0, 0.0][0.0, 1.0, 0.0][0.0, 0.0, 1.0]} index = 0
02-19 07:30:35.881  1221  1452 E SDM     : HWCSession::GetClientTargetProperty: GetClinetTargetProperty interface enter
02-19 07:30:35.884  9807  9807 D CompassHeading: Raw azimuth: 35.76332811686115
02-19 07:30:35.885  9807  9807 D CompassHeading: Adjusted azimuth after rotation: 35.76332811686115
02-19 07:30:35.890  2000 14618 V CameraStub: getMipiError:303
02-19 07:30:35.891   662   662 I lowmemorykiller: Kill 'com.android.deskclock' (4262), uid 10172, oom_score_adj 975 to free 48748kB rss, 58020kB swap; reason: cw
02-19 07:30:35.895  2016  2016 I wificond: station_bandwidth: P
02-19 07:30:35.896  9807  9807 D CompassHeading: Raw azimuth: 35.79231885479327
02-19 07:30:35.896  9807  9807 D CompassHeading: Adjusted azimuth after rotation: 35.79231885479327
02-19 07:30:35.897  4171  4171 I GlassNumberView: mDrawMatrix = Matrix{[1.0, 0.0, 0.0][0.0, 1.0, 0.0][0.0, 0.0, 1.0]} index = 0
02-19 07:30:35.897  2000 14618 V CameraStub: getMipiError:303
02-19 07:30:35.897  4171  4171 I GlassNumberView: mDrawMatrix = Matrix{[1.0, 0.0, 0.0][0.0, 1.0, 0.0][0.0, 0.0, 1.0]} index = 7
02-19 07:30:35.897  4171  4171 I GlassNumberView: mDrawMatrix = Matrix{[1.0, 0.0, 0.0][0.0, 1.0, 0.0][0.0, 0.0, 1.0]} index = 3
02-19 07:30:35.897  4171  4171 I GlassNumberView: mDrawMatrix = Matrix{[1.0, 0.0, 0.0][0.0, 1.0, 0.0][0.0, 0.0, 1.0]} index = 0
02-19 07:30:35.897  1221  1452 E SDM     : HWCSession::GetClientTargetProperty: GetClinetTargetProperty interface enter
02-19 07:30:35.900  2005  3234 I MiuiNetworkPolicy: updateUidState uid = 99526, uidState = 19
02-19 07:30:35.900  2005  3234 I MiuiNetworkPolicy: updateUidState uid = 10310, uidState = 19
02-19 07:30:35.903  9807  9807 D CompassHeading: Raw azimuth: 35.76635389066347
02-19 07:30:35.903  9807  9807 D CompassHeading: Adjusted azimuth after rotation: 35.76635389066347
02-19 07:30:35.904  2000 14618 V CameraStub: getMipiError:303
02-19 07:30:35.906  2005  2348 I SmartPower: com.cron.calendar/10722(7916): idle->background(40418ms) R(broadcast start Intent { act=android.intent.action.SCREEN_ON flg=0x50200010 }) adj=925.
02-19 07:30:35.908  2000 14618 V CameraStub: getMipiError:303
02-19 07:30:35.910  2005  3234 I MiuiNetworkPolicy: updateUidState uid = 10722, uidState = 11
02-19 07:30:35.911  1137 14739 E CamX    : [ERROR][STATS_AWB] camxcawbstatsprocessor.cpp:1540 SetupNCSLinkForSensor() cct: Unable to Query caps sensor type 9 error CamxResultEFailed
02-19 07:30:35.914  4171  4171 I GlassNumberView: mDrawMatrix = Matrix{[1.0, 0.0, 0.0][0.0, 1.0, 0.0][0.0, 0.0, 1.0]} index = 0
02-19 07:30:35.914  4171  4171 I GlassNumberView: mDrawMatrix = Matrix{[1.0, 0.0, 0.0][0.0, 1.0, 0.0][0.0, 0.0, 1.0]} index = 7
02-19 07:30:35.914  4171  4171 I GlassNumberView: mDrawMatrix = Matrix{[1.0, 0.0, 0.0][0.0, 1.0, 0.0][0.0, 0.0, 1.0]} index = 3
02-19 07:30:35.914  4171  4171 I GlassNumberView: mDrawMatrix = Matrix{[1.0, 0.0, 0.0][0.0, 1.0, 0.0][0.0, 0.0, 1.0]} index = 0
02-19 07:30:35.914  2000 14618 V CameraStub: getMipiError:303
02-19 07:30:35.915  1221  1452 E SDM     : HWCSession::GetClientTargetProperty: GetClinetTargetProperty interface enter
02-19 07:30:35.916  9807  9807 D CompassHeading: Raw azimuth: 35.78856566584435
02-19 07:30:35.917  9807  9807 D CompassHeading: Adjusted azimuth after rotation: 35.78856566584435
02-19 07:30:35.921 11546 20942 I NearbyDiscovery: (REDACTED) FastPairHandler: Received action %s
02-19 07:30:35.921  2000 14618 V CameraStub: getMipiError:303
02-19 07:30:35.922 11546 20942 I NearbyDiscovery: (REDACTED) PureOffloadFastPairScanner: eventType=%s, isInternalReq=%s, isScanning=%s, isScanningAllowed=%s
02-19 07:30:35.922 11546 20942 I NearbyDiscovery: (REDACTED) ApFastPairScanner: isScreenOn=%s, isLocationEnabled=%s, disableLocationRequirement=%s, isDiscoveryScanningEnabled=%s, during24GhzWifiWarmingUpPeriod=%s
02-19 07:30:35.924 11546 20942 D BluetoothAdapter: isLeEnabled(): BLE_ON
02-19 07:30:35.925  9807  9807 D CompassHeading: Raw azimuth: 35.79819281747948
02-19 07:30:35.925  9807  9807 D CompassHeading: Adjusted azimuth after rotation: 35.79819281747948
02-19 07:30:35.926  2000 14618 V CameraStub: getMipiError:303
02-19 07:30:35.930  1221  1452 E SDM     : HWCSession::GetClientTargetProperty: GetClinetTargetProperty interface enter
02-19 07:30:35.931  2005  3234 I MiuiNetworkPolicy: updateUidState uid = 10722, uidState = 19
02-19 07:30:35.935  2005  2348 I SmartPower: proton.android.authenticator/10397(8998): idle->background(40440ms) R(broadcast start Intent { act=android.intent.action.SCREEN_ON flg=0x50200010 }) adj=925.
02-19 07:30:35.935 11546 20942 I NearbyDiscovery: (REDACTED) ApFastPairScanner: eventType=%s, intReq=%s, scanning=%s, scanAllowed=%s, bleEnabled=%s, lockScanRate=%s, startScanningByLowPowerMode=%s
02-19 07:30:35.937  9807  9807 D CompassHeading: Raw azimuth: 35.83986038651115
02-19 07:30:35.937  9807  9807 D CompassHeading: Adjusted azimuth after rotation: 35.83986038651115
02-19 07:30:35.937  2005  2348 I SmartPower: ch.protonvpn.android/10597(25597): idle->background(40438ms) R(broadcast start Intent { act=android.intent.action.SCREEN_ON flg=0x50200010 }) adj=915.
02-19 07:30:35.945  4171  4171 I GlassNumberView: mDrawMatrix = Matrix{[1.0, 0.0, 0.0][0.0, 1.0, 0.0][0.0, 0.0, 1.0]} index = 0
02-19 07:30:35.945  4171  4171 I GlassNumberView: mDrawMatrix = Matrix{[1.0, 0.0, 0.0][0.0, 1.0, 0.0][0.0, 0.0, 1.0]} index = 7
02-19 07:30:35.945  4171  4171 I GlassNumberView: mDrawMatrix = Matrix{[1.0, 0.0, 0.0][0.0, 1.0, 0.0][0.0, 0.0, 1.0]} index = 3
02-19 07:30:35.945  4171  4171 I GlassNumberView: mDrawMatrix = Matrix{[1.0, 0.0, 0.0][0.0, 1.0, 0.0][0.0, 0.0, 1.0]} index = 0
02-19 07:30:35.946  4171  4171 I GlassNumberView: mDrawMatrix = Matrix{[1.0, 0.0, 0.0][0.0, 1.0, 0.0][0.0, 0.0, 1.0]} index = 0
02-19 07:30:35.946  4171  4171 I GlassNumberView: mDrawMatrix = Matrix{[1.0, 0.0, 0.0][0.0, 1.0, 0.0][0.0, 0.0, 1.0]} index = 7
02-19 07:30:35.946  4171  4171 I GlassNumberView: mDrawMatrix = Matrix{[1.0, 0.0, 0.0][0.0, 1.0, 0.0][0.0, 0.0, 1.0]} index = 3
02-19 07:30:35.947  4171  4171 I GlassNumberView: mDrawMatrix = Matrix{[1.0, 0.0, 0.0][0.0, 1.0, 0.0][0.0, 0.0, 1.0]} index = 0
02-19 07:30:35.947  2005  3234 I MiuiNetworkPolicy: updateUidState uid = 10597, uidState = 11
02-19 07:30:35.948  2005  3234 I MiuiNetworkPolicy: updateUidState uid = 10397, uidState = 11
02-19 07:30:35.951 14190 14283 W Settings: Setting device_provisioned has moved from android.provider.Settings.Secure to android.provider.Settings.Global.
02-19 07:30:35.953 14190 14283 I JoyoseCloudControlManager3: network metered changed, network metered: false, deviceProvisioned: true, scAllowConn: true, try to setNetworkAccessEnabled: true
02-19 07:30:35.953  9807  9807 D CompassHeading: Raw azimuth: 35.850901387304475
02-19 07:30:35.953  9807  9807 D CompassHeading: Adjusted azimuth after rotation: 35.850901387304475
02-19 07:30:35.956  9807  9807 D CompassHeading: Raw azimuth: 35.90096325882608
02-19 07:30:35.957  9807  9807 D CompassHeading: Adjusted azimuth after rotation: 35.90096325882608
02-19 07:30:35.962  9807  9807 D CompassHeading: Raw azimuth: 35.886565220055694
02-19 07:30:35.962  9807  9807 D CompassHeading: Adjusted azimuth after rotation: 35.886565220055694
02-19 07:30:35.964  1221  1452 E SDM     : HWCSession::GetClientTargetProperty: GetClinetTargetProperty interface enter
02-19 07:30:35.967  4171  4171 I GlassNumberView: mDrawMatrix = Matrix{[1.0, 0.0, 0.0][0.0, 1.0, 0.0][0.0, 0.0, 1.0]} index = 0
02-19 07:30:35.967  4171  4171 I GlassNumberView: mDrawMatrix = Matrix{[1.0, 0.0, 0.0][0.0, 1.0, 0.0][0.0, 0.0, 1.0]} index = 7
02-19 07:30:35.967  4171  4171 I GlassNumberView: mDrawMatrix = Matrix{[1.0, 0.0, 0.0][0.0, 1.0, 0.0][0.0, 0.0, 1.0]} index = 3
02-19 07:30:35.967  4171  4171 I GlassNumberView: mDrawMatrix = Matrix{[1.0, 0.0, 0.0][0.0, 1.0, 0.0][0.0, 0.0, 1.0]} index = 0
02-19 07:30:35.968  2005  2348 I SmartPower: proton.android.pass/10396(24972): idle->background(40468ms) R(broadcast start Intent { act=android.intent.action.SCREEN_ON flg=0x50200010 }) adj=915.
02-19 07:30:35.970  2005  3234 I MiuiNetworkPolicy: updateUidState uid = 10397, uidState = 19
02-19 07:30:35.970  2005  3234 I MiuiNetworkPolicy: updateUidState uid = 10396, uidState = 11
02-19 07:30:35.973 11546 20942 I NearbyDiscovery: FastPairController: onSystemStateChanged: skip due to flag disabled [CONTEXT service_id=265 ]
02-19 07:30:35.977  1129  1476 E minksocket: MinkIPC_QRTR_Service: client with node 1 port 596c went down
02-19 07:30:35.978  1129  1476 E minksocket: MinkIPC_QRTR_Service: client with node 1 port 596d went down
02-19 07:30:35.982  1221  1452 E SDM     : HWCSession::GetClientTargetProperty: GetClinetTargetProperty interface enter
02-19 07:30:35.982  4171  4171 I GlassNumberView: mDrawMatrix = Matrix{[1.0, 0.0, 0.0][0.0, 1.0, 0.0][0.0, 0.0, 1.0]} index = 0
02-19 07:30:35.982  4171  4171 I GlassNumberView: mDrawMatrix = Matrix{[1.0, 0.0, 0.0][0.0, 1.0, 0.0][0.0, 0.0, 1.0]} index = 7
02-19 07:30:35.982  4171  4171 I GlassNumberView: mDrawMatrix = Matrix{[1.0, 0.0, 0.0][0.0, 1.0, 0.0][0.0, 0.0, 1.0]} index = 3
02-19 07:30:35.982  4171  4171 I GlassNumberView: mDrawMatrix = Matrix{[1.0, 0.0, 0.0][0.0, 1.0, 0.0][0.0, 0.0, 1.0]} index = 0
02-19 07:30:35.983  1129  1476 E minksocket: MinkIPC_QRTR_Service: client with node 1 port 596e went down
02-19 07:30:35.984  1129  1476 E minksocket: MinkIPC_QRTR_Service: client with node 1 port 596f went down
02-19 07:30:35.984 29825 29825 D BroadcastExecutor: BroadcastExecutor : 2
02-19 07:30:35.991   662   662 I lowmemorykiller: Kill 'com.qualcomm.qti.poweroffalarm' (3605), uid 10191, oom_score_adj 975 to free 43640kB rss, 54176kB swap; reason: cw
02-19 07:30:35.995 29825 29825 D BroadcastExecutor: BroadcastExecutor : 2
02-19 07:30:35.997  4171  4171 I GlassNumberView: mDrawMatrix = Matrix{[1.0, 0.0, 0.0][0.0, 1.0, 0.0][0.0, 0.0, 1.0]} index = 0
02-19 07:30:35.997  1221  1452 E SDM     : HWCSession::GetClientTargetProperty: GetClinetTargetProperty interface enter
02-19 07:30:35.997  4171  4171 I GlassNumberView: mDrawMatrix = Matrix{[1.0, 0.0, 0.0][0.0, 1.0, 0.0][0.0, 0.0, 1.0]} index = 7
02-19 07:30:35.997  4171  4171 I GlassNumberView: mDrawMatrix = Matrix{[1.0, 0.0, 0.0][0.0, 1.0, 0.0][0.0, 0.0, 1.0]} index = 3
02-19 07:30:35.997  4171  4171 I GlassNumberView: mDrawMatrix = Matrix{[1.0, 0.0, 0.0][0.0, 1.0, 0.0][0.0, 0.0, 1.0]} index = 0
02-19 07:30:35.998  1137  2891 E CamX    : [ERROR][NCS    ] camxncsintfqsee.cpp:2340 SensorCallback() Invalid sensor index -1
02-19 07:30:35.999  1174 14564 I sensors-hal: handle_sns_std_sensor_event:57, light_event: ts=754570868632217, lux: 11.0, extra_info=0 
02-19 07:30:36.002  2005  2348 I SmartPower: me.proton.android.drive/10398(27416): idle->background(17563ms) R(broadcast start Intent { act=android.intent.action.SCREEN_ON flg=0x50200010 }) adj=955.
02-19 07:30:36.008 29260 29346 I BugleRcsEngine: Connected state: [1], networkType: [WIFI] [CONTEXT thread_id=84846 ]
02-19 07:30:36.009  9807  9807 D CompassHeading: Raw azimuth: 35.94280499768158
02-19 07:30:36.009  9807  9807 D CompassHeading: Adjusted azimuth after rotation: 35.94280499768158
02-19 07:30:36.010 29260 29362 I BugleRcsEngine: handleMessage processing message:[NOTIFY_UPTIME_IGNORE_STATE_CHANGED] with [non-null]:RcsEngineImpl reference [CONTEXT log_prefix="RcsEngineImpl[DUAL_REG]:[9f8ac12c-c81c]>Handler" thread_id=84855 ]
02-19 07:30:36.011  9807  9807 D CompassHeading: Raw azimuth: 35.941114525862005
02-19 07:30:36.011  9807  9807 D CompassHeading: Adjusted azimuth after rotation: 35.941114525862005
02-19 07:30:36.012  2005  3234 I MiuiNetworkPolicy: updateUidState uid = 10398, uidState = 11
02-19 07:30:36.013  4171  4171 I GlassNumberView: mDrawMatrix = Matrix{[1.0, 0.0, 0.0][0.0, 1.0, 0.0][0.0, 0.0, 1.0]} index = 0
02-19 07:30:36.013  4171  4171 I GlassNumberView: mDrawMatrix = Matrix{[1.0, 0.0, 0.0][0.0, 1.0, 0.0][0.0, 0.0, 1.0]} index = 7
02-19 07:30:36.013  4171  4171 I GlassNumberView: mDrawMatrix = Matrix{[1.0, 0.0, 0.0][0.0, 1.0, 0.0][0.0, 0.0, 1.0]} index = 3
02-19 07:30:36.013  4171  4171 I GlassNumberView: mDrawMatrix = Matrix{[1.0, 0.0, 0.0][0.0, 1.0, 0.0][0.0, 0.0, 1.0]} index = 0
02-19 07:30:36.013  1221  1452 E SDM     : HWCSession::GetClientTargetProperty: GetClinetTargetProperty interface enter
02-19 07:30:36.014 29260 29362 I BugleRcsEngine: Cannot use CS.apk as it's battery optimized [CONTEXT thread_id=84855 ]
02-19 07:30:36.019 13360 13360 I NetBusNetworkMonitor: gateway=192.*.*.1
02-19 07:30:36.019 14688 14688 W one.uninstaller: Failed to find entry 'classes.dex': Entry not found
02-19 07:30:36.020 13360 13360 I NetBusNetworkMonitor: addConnectNetworkInterface mediumType:256, detail:NetworkDetailInfo{mIsConnected=false, mNetworkType=0, mIpAddress=192.*.*.7, mIfName=wlan0, mGateway=192.*.*.1, mNetmask=255.*.*.0}
02-19 07:30:36.020 13360 13360 I NetBusNetworkMonitor: onCapabilitiesChanged handle=789384712205, mediumType=256, ifName=wlan0
02-19 07:30:36.023  2005  6493 I ClipboardServiceI: checkProviderWakePathForClipboard: primaryClip is null
02-19 07:30:36.023  2005  6493 I SmartPower: com.google.android.apps.messaging/10188(1852): idle->background(17630ms) R(content provider start ContentProviderRecord{13c48ff u0 com.google.android.apps.messaging/.shared.datamodel.provider.sharedstorage.SharedStorageProvider}) adj=200.
02-19 07:30:36.030  4171  4171 I GlassNumberView: mDrawMatrix = Matrix{[1.0, 0.0, 0.0][0.0, 1.0, 0.0][0.0, 0.0, 1.0]} index = 0
02-19 07:30:36.030  4171  4171 I GlassNumberView: mDrawMatrix = Matrix{[1.0, 0.0, 0.0][0.0, 1.0, 0.0][0.0, 0.0, 1.0]} index = 7
02-19 07:30:36.030  4171  4171 I GlassNumberView: mDrawMatrix = Matrix{[1.0, 0.0, 0.0][0.0, 1.0, 0.0][0.0, 0.0, 1.0]} index = 3
02-19 07:30:36.030  4171  4171 I GlassNumberView: mDrawMatrix = Matrix{[1.0, 0.0, 0.0][0.0, 1.0, 0.0][0.0, 0.0, 1.0]} index = 0
02-19 07:30:36.030  1221  1452 E SDM     : HWCSession::GetClientTargetProperty: GetClinetTargetProperty interface enter
02-19 07:30:36.011  9807  9807 D CompassHeading: Raw azimuth: 35.98138873630298
02-19 07:30:36.032  9807  9807 D CompassHeading: Adjusted azimuth after rotation: 35.98138873630298
02-19 07:30:36.032  9807  9807 D CompassHeading: Raw azimuth: 35.99779143559477
02-19 07:30:36.032  9807  9807 D CompassHeading: Adjusted azimuth after rotation: 35.99779143559477
02-19 07:30:36.032  9807  9807 D CompassHeading: Raw azimuth: 36.04143292929656
02-19 07:30:36.033  9807  9807 D CompassHeading: Adjusted azimuth after rotation: 36.04143292929656
02-19 07:30:36.033  9807  9807 D CompassHeading: Raw azimuth: 36.04777134484634
02-19 07:30:36.033  9807  9807 D CompassHeading: Adjusted azimuth after rotation: 36.04777134484634
02-19 07:30:36.034  2005  3234 I MiuiNetworkPolicy: updateUidState uid = 10396, uidState = 19
02-19 07:30:36.038  4027  5544 D QCNEJ/WlanStaInfoRelay: Received action: android.net.wifi.RSSI_CHANGED
02-19 07:30:36.039  9807  9807 D CompassHeading: Raw azimuth: 36.09617348039963
02-19 07:30:36.039  9807  9807 D CompassHeading: Adjusted azimuth after rotation: 36.09617348039963
02-19 07:30:36.039  9807  9807 D CompassHeading: Raw azimuth: 36.099708103295114
02-19 07:30:36.040  2005  3234 I MiuiNetworkPolicy: updateUidState uid = 10283, uidState = 11
02-19 07:30:36.045  9807  9807 D CompassHeading: Adjusted azimuth after rotation: 36.099708103295114
02-19 07:30:36.046  4171  4171 I GlassNumberView: mDrawMatrix = Matrix{[1.0, 0.0, 0.0][0.0, 1.0, 0.0][0.0, 0.0, 1.0]} index = 0
02-19 07:30:36.046  4171  4171 I GlassNumberView: mDrawMatrix = Matrix{[1.0, 0.0, 0.0][0.0, 1.0, 0.0][0.0, 0.0, 1.0]} index = 7
02-19 07:30:36.046  4171  4171 I GlassNumberView: mDrawMatrix = Matrix{[1.0, 0.0, 0.0][0.0, 1.0, 0.0][0.0, 0.0, 1.0]} index = 3
02-19 07:30:36.046  4171  4171 I GlassNumberView: mDrawMatrix = Matrix{[1.0, 0.0, 0.0][0.0, 1.0, 0.0][0.0, 0.0, 1.0]} index = 0
02-19 07:30:36.046  1221  1452 E SDM     : HWCSession::GetClientTargetProperty: GetClinetTargetProperty interface enter
02-19 07:30:36.056  2005  3234 I MiuiNetworkPolicy: updateUidState uid = 10398, uidState = 19
02-19 07:30:36.056  2005  2348 I SmartPower: com.snapchat.android/10359(7514): idle->background(613706ms) R(broadcast start Intent { act=android.intent.action.SCREEN_ON flg=0x50200010 }) adj=915.
02-19 07:30:36.057  9807  9807 D CompassHeading: Raw azimuth: 36.14745454068809
02-19 07:30:36.057  9807  9807 D CompassHeading: Adjusted azimuth after rotation: 36.14745454068809
02-19 07:30:36.057  9807  9807 D CompassHeading: Raw azimuth: 36.13865725703711
02-19 07:30:36.057  9807  9807 D CompassHeading: Adjusted azimuth after rotation: 36.13865725703711
02-19 07:30:36.063  4171  4171 I GlassNumberView: mDrawMatrix = Matrix{[1.0, 0.0, 0.0][0.0, 1.0, 0.0][0.0, 0.0, 1.0]} index = 0
02-19 07:30:36.063  4171  4171 I GlassNumberView: mDrawMatrix = Matrix{[1.0, 0.0, 0.0][0.0, 1.0, 0.0][0.0, 0.0, 1.0]} index = 7
02-19 07:30:36.063  4171  4171 I GlassNumberView: mDrawMatrix = Matrix{[1.0, 0.0, 0.0][0.0, 1.0, 0.0][0.0, 0.0, 1.0]} index = 3
02-19 07:30:36.063  4171  4171 I GlassNumberView: mDrawMatrix = Matrix{[1.0, 0.0, 0.0][0.0, 1.0, 0.0][0.0, 0.0, 1.0]} index = 0
02-19 07:30:36.063  1221  1452 E SDM     : HWCSession::GetClientTargetProperty: GetClinetTargetProperty interface enter
02-19 07:30:36.068  2005  3234 I MiuiNetworkPolicy: updateUidState uid = 10359, uidState = 11
02-19 07:30:36.069  2005  3234 I MiuiNetworkPolicy: updateUidState uid = 10597, uidState = 19
02-19 07:30:36.072 14688 14688 W one.uninstaller: Failed to find entry 'classes.dex': Entry not found
02-19 07:30:36.074 14688 14688 D nativeloader: Configuring clns-4 for other apk /data/app/~~FI230-L3nWqu_0CKwf3aSQ==/com.a0soft.gphone.uninstaller-yhlEfGgcbrP44i6yrwzUjQ==/base.apk:/data/app/~~FI230-L3nWqu_0CKwf3aSQ==/com.a0soft.gphone.uninstaller-yhlEfGgcbrP44i6yrwzUjQ==/split_config.arm64_v8a.apk:/data/app/~~FI230-L3nWqu_0CKwf3aSQ==/com.a0soft.gphone.uninstaller-yhlEfGgcbrP44i6yrwzUjQ==/split_config.xxhdpi.apk. target_sdk_version=35, uses_libraries=, library_path=/data/app/~~FI230-L3nWqu_0CKwf3aSQ==/com.a0soft.gphone.uninstaller-yhlEfGgcbrP44i6yrwzUjQ==/lib/arm64:/data/app/~~FI230-L3nWqu_0CKwf3aSQ==/com.a0soft.gphone.uninstaller-yhlEfGgcbrP44i6yrwzUjQ==/base.apk!/lib/arm64-v8a:/data/app/~~FI230-L3nWqu_0CKwf3aSQ==/com.a0soft.gphone.uninstaller-yhlEfGgcbrP44i6yrwzUjQ==/split_config.arm64_v8a.apk!/lib/arm64-v8a:/data/app/~~FI230-L3nWqu_0CKwf3aSQ==/com.a0soft.gphone.uninstaller-yhlEfGgcbrP44i6yrwzUjQ==/split_config.xxhdpi.apk!/lib/arm64-v8a, permitted_path=/data:/mnt/expand:/data/user/0/com.a0soft.gphone.uninstaller
02-19 07:30:36.077  1137 14739 V SYNX-UMD: Synx Init!
02-19 07:30:36.077  1137 14739 V SYNX-UMD: Initialized /dev/synx_device
02-19 07:30:36.078  9807  9807 D CompassHeading: Raw azimuth: 36.11370657599905
02-19 07:30:36.078  9807  9807 D CompassHeading: Adjusted azimuth after rotation: 36.11370657599905
02-19 07:30:36.079  9807  9807 D CompassHeading: Raw azimuth: 36.16225214552492
02-19 07:30:36.079  9807  9807 D CompassHeading: Adjusted azimuth after rotation: 36.16225214552492
02-19 07:30:36.079  4171  4171 I GlassNumberView: mDrawMatrix = Matrix{[1.0, 0.0, 0.0][0.0, 1.0, 0.0][0.0, 0.0, 1.0]} index = 0
02-19 07:30:36.079  4171  4171 I GlassNumberView: mDrawMatrix = Matrix{[1.0, 0.0, 0.0][0.0, 1.0, 0.0][0.0, 0.0, 1.0]} index = 7
02-19 07:30:36.079  4171  4171 I GlassNumberView: mDrawMatrix = Matrix{[1.0, 0.0, 0.0][0.0, 1.0, 0.0][0.0, 0.0, 1.0]} index = 3
02-19 07:30:36.079  4171  4171 I GlassNumberView: mDrawMatrix = Matrix{[1.0, 0.0, 0.0][0.0, 1.0, 0.0][0.0, 0.0, 1.0]} index = 0
02-19 07:30:36.080  1221  1452 E SDM     : HWCSession::GetClientTargetProperty: GetClinetTargetProperty interface enter
02-19 07:30:36.084  2005  2348 I SmartPower: com.miui.analytics/99910159(9294): idle->background(613705ms) R(broadcast start Intent { act=android.intent.action.SCREEN_ON flg=0x50200010 }) adj=800.
02-19 07:30:36.084  1137 14739 I CVP     : File: vendor/qcom/proprietary/cv-noship/cvp/2.1/src/cpu/platform/android/cvpSession.cpp Line: 189 Function: cvpGetDebugEnable() Msg:  CVP Debug Logs Disabled 
02-19 07:30:36.094  1137 14739 I CVP     : File: vendor/qcom/proprietary/cv-noship/cvp/2.1/src/cpu/cvpFaceDetection.cpp Line: 366 Function: cvpFaceDetectionPrepareConfigPacket() Msg: cvpFaceDetectionPrepareConfigPacket - minFace 1, dir 12, pose 2, rdfPad 15, maxRdf 2000, dir20 12, pose20 2
02-19 07:30:36.094  1137 14770 I CVP     : File: vendor/qcom/proprietary/cv-noship/cvp/2.1/src/cpu/cvpPower.cpp Line: 1599 Function: cvpAggreatePower() Msg: After aggregation
02-19 07:30:36.094  1137 14770 I CVP     : File: vendor/qcom/proprietary/cv-noship/cvp/2.1/src/cpu/cvpPower.cpp Line: 85 Function: cvpPrintPower() Msg: Actual      Clock: Fdu 0, Ica 0, Od 87552000, Mpu 0, Fw 0
02-19 07:30:36.094  1137 14770 I CVP     : File: vendor/qcom/proprietary/cv-noship/cvp/2.1/src/cpu/cvpPower.cpp Line: 89 Function: cvpPrintPower() Msg: Operational Clock: Fdu 0, Ica 0, Od 87552000, Mpu 0, Fw 0
02-19 07:30:36.094  1137 14770 I CVP     : File: vendor/qcom/proprietary/cv-noship/cvp/2.1/src/cpu/cvpPower.cpp Line: 91 Function: cvpPrintPower() Msg: Actual     Bw: Ddr 80941590, SysCache 0
02-19 07:30:36.094  1137 14770 I CVP     : File: vendor/qcom/proprietary/cv-noship/cvp/2.1/src/cpu/cvpPower.cpp Line: 93 Function: cvpPrintPower() Msg: Opeational Bw: Ddr 80941590, SysCache 0
02-19 07:30:36.094  1137 14770 I CVP     : File: vendor/qcom/proprietary/cv-noship/cvp/2.1/src/cpu/cvpPower.cpp Line: 96 Function: cvpPrintPower() Msg: FPS: FDU 0, MPU 0, OD 15, ICA 0
02-19 07:30:36.096  4171  4171 I GlassNumberView: mDrawMatrix = Matrix{[1.0, 0.0, 0.0][0.0, 1.0, 0.0][0.0, 0.0, 1.0]} index = 0
02-19 07:30:36.096  4171  4171 I GlassNumberView: mDrawMatrix = Matrix{[1.0, 0.0, 0.0][0.0, 1.0, 0.0][0.0, 0.0, 1.0]} index = 7
02-19 07:30:36.096  4171  4171 I GlassNumberView: mDrawMatrix = Matrix{[1.0, 0.0, 0.0][0.0, 1.0, 0.0][0.0, 0.0, 1.0]} index = 3
02-19 07:30:36.096  4171  4171 I GlassNumberView: mDrawMatrix = Matrix{[1.0, 0.0, 0.0][0.0, 1.0, 0.0][0.0, 0.0, 1.0]} index = 0
02-19 07:30:36.096  1221  1452 E SDM     : HWCSession::GetClientTargetProperty: GetClinetTargetProperty interface enter
02-19 07:30:36.098  2005  3234 I MiuiNetworkPolicy: updateUidState uid = 10283, uidState = 19
02-19 07:30:36.099   662   662 I lowmemorykiller: Kill 'com.xiaomi.finddevice' (11205), uid 6110, oom_score_adj 965 to free 69184kB rss, 38592kB swap; reason: cw
02-19 07:30:36.101  9807  9807 D CompassHeading: Raw azimuth: 36.15000903143767
02-19 07:30:36.101  9807  9807 D CompassHeading: Adjusted azimuth after rotation: 36.15000903143767
02-19 07:30:36.101  9807  9807 D CompassHeading: Raw azimuth: 36.20424756363674
02-19 07:30:36.101  9807  9807 D CompassHeading: Adjusted azimuth after rotation: 36.20424756363674
02-19 07:30:36.112  4171  4171 I GlassNumberView: mDrawMatrix = Matrix{[1.0, 0.0, 0.0][0.0, 1.0, 0.0][0.0, 0.0, 1.0]} index = 0
02-19 07:30:36.112  4171  4171 I GlassNumberView: mDrawMatrix = Matrix{[1.0, 0.0, 0.0][0.0, 1.0, 0.0][0.0, 0.0, 1.0]} index = 7
02-19 07:30:36.112  4171  4171 I GlassNumberView: mDrawMatrix = Matrix{[1.0, 0.0, 0.0][0.0, 1.0, 0.0][0.0, 0.0, 1.0]} index = 3
02-19 07:30:36.112  4171  4171 I GlassNumberView: mDrawMatrix = Matrix{[1.0, 0.0, 0.0][0.0, 1.0, 0.0][0.0, 0.0, 1.0]} index = 0
02-19 07:30:36.113  1221  1452 E SDM     : HWCSession::GetClientTargetProperty: GetClinetTargetProperty interface enter
02-19 07:30:36.113  2005  2348 I SmartPower: org.telegram.messenger/10325(9402): idle->background(40612ms) R(broadcast start Intent { act=android.intent.action.SCREEN_ON flg=0x50200010 }) adj=900.
02-19 07:30:36.115  9807  9807 D CompassHeading: Raw azimuth: 36.230055433415636
02-19 07:30:36.115  9807  9807 D CompassHeading: Adjusted azimuth after rotation: 36.230055433415636
02-19 07:30:36.116 14688 14688 D nativeloader: Load libframework-connectivity-jni.so using APEX ns com_android_tethering for caller /apex/com.android.tethering/javalib/framework-connectivity.jar: ok
02-19 07:30:36.116  9807  9807 D CompassHeading: Raw azimuth: 36.262177813082204
02-19 07:30:36.116  9807  9807 D CompassHeading: Adjusted azimuth after rotation: 36.262177813082204
02-19 07:30:36.117 14688 14688 I Perf    : Connecting to perf service.
02-19 07:30:36.117  2005  2348 I SmartPower: com.xiaomi.glgm/10163(11438): idle->background(613712ms) R(broadcast start Intent { act=android.intent.action.SCREEN_ON flg=0x50200010 }) adj=915.
02-19 07:30:36.117  1137 14739 I CVP     : File: vendor/qcom/proprietary/cv-noship/cvp/2.1/src/cpu/cvpFaceDetection.cpp Line: 511 Function: cvpFaceDetectionReadModel() Msg: /vendor/etc/cvp/v2.1/facedetection/model2.dat is used
02-19 07:30:36.121  2005  4590 I WifiService: acquireMulticastLock uid=10139
02-19 07:30:36.123  1137 14739 I CVP     : File: vendor/qcom/proprietary/cv-noship/cvp/2.1/src/cpu/platform/android/cvpSession.cpp Line: 189 Function: cvpGetDebugEnable() Msg:  CVP Debug Logs Disabled 
02-19 07:30:36.124  2005  3234 I MiuiNetworkPolicy: updateUidState uid = 10325, uidState = 11
02-19 07:30:36.125  2005  3234 I MiuiNetworkPolicy: updateUidState uid = 10163, uidState = 11
02-19 07:30:36.129  4171  4171 I GlassNumberView: mDrawMatrix = Matrix{[1.0, 0.0, 0.0][0.0, 1.0, 0.0][0.0, 0.0, 1.0]} index = 0
02-19 07:30:36.129  4171  4171 I GlassNumberView: mDrawMatrix = Matrix{[1.0, 0.0, 0.0][0.0, 1.0, 0.0][0.0, 0.0, 1.0]} index = 7
02-19 07:30:36.129  1221  1452 E SDM     : HWCSession::GetClientTargetProperty: GetClinetTargetProperty interface enter
02-19 07:30:36.129  4171  4171 I GlassNumberView: mDrawMatrix = Matrix{[1.0, 0.0, 0.0][0.0, 1.0, 0.0][0.0, 0.0, 1.0]} index = 3
02-19 07:30:36.129  4171  4171 I GlassNumberView: mDrawMatrix = Matrix{[1.0, 0.0, 0.0][0.0, 1.0, 0.0][0.0, 0.0, 1.0]} index = 0
02-19 07:30:36.133  9807  9807 D CompassHeading: Raw azimuth: 36.29473732485566
02-19 07:30:36.133  9807  9807 D CompassHeading: Adjusted azimuth after rotation: 36.29473732485566
02-19 07:30:36.133  2005  3234 I MiuiNetworkPolicy: updateUidState uid = 10359, uidState = 19
02-19 07:30:36.135  2005  2348 I SmartPower: com.miui.global.packageinstaller/10164(12176): idle->background(613710ms) R(broadcast start Intent { act=android.intent.action.SCREEN_ON flg=0x50200010 }) adj=915.
02-19 07:30:36.136  3980  2218 E ProcfsParsingUtils: failed to read /sys/class/net/wlan0/mtu
02-19 07:30:36.136  3980  2218 E ProcfsParsingUtils: java.nio.file.AccessDeniedException: /sys/class/net/wlan0/mtu
02-19 07:30:36.136  3980  2218 E ProcfsParsingUtils: 	at sun.nio.fs.UnixFileSystemProvider.newByteChannel(UnixFileSystemProvider.java:220)
02-19 07:30:36.136  3980  2218 E ProcfsParsingUtils: 	at java.nio.file.Files.newByteChannel(Files.java:371)
02-19 07:30:36.136  3980  2218 E ProcfsParsingUtils: 	at java.nio.file.Files.newByteChannel(Files.java:422)
02-19 07:30:36.136  3980  2218 E ProcfsParsingUtils: 	at java.nio.file.spi.FileSystemProvider.newInputStream(FileSystemProvider.java:420)
02-19 07:30:36.136  3980  2218 E ProcfsParsingUtils: 	at java.nio.file.Files.newInputStream(Files.java:156)
02-19 07:30:36.136  3980  2218 E ProcfsParsingUtils: 	at java.nio.file.Files.newBufferedReader(Files.java:2844)
02-19 07:30:36.136  3980  2218 E ProcfsParsingUtils: 	at com.android.networkstack.com.android.net.module.util.ProcfsParsingUtils.readFile(ProcfsParsingUtils.java:75)
02-19 07:30:36.136  3980  2218 E ProcfsParsingUtils: 	at com.android.networkstack.com.android.net.module.util.ProcfsParsingUtils.getInterfaceMtu(ProcfsParsingUtils.java:350)
02-19 07:30:36.136  3980  2218 E ProcfsParsingUtils: 	at com.android.networkstack.android.net.apf.ApfFilter$Dependencies.getInterfaceMtu(ApfFilter.java:823)
02-19 07:30:36.136  3980  2218 E ProcfsParsingUtils: 	at com.android.networkstack.android.net.apf.ApfFilter.installNewProgram(ApfFilter.java:4004)
02-19 07:30:36.136  3980  2218 E ProcfsParsingUtils: 	at com.android.networkstack.android.net.apf.ApfFilter.setMulticastFilter(ApfFilter.java:4290)
02-19 07:30:36.136  3980  2218 E ProcfsParsingUtils: 	at com.android.networkstack.android.net.ip.IpClient$RunningState.processMessage(IpClient.java:3902)
02-19 07:30:36.136  3980  2218 E ProcfsParsingUtils: 	at com.android.networkstack.com.android.internal.util.StateMachine$SmHandler.processMsg(StateMachine.java:1007)
02-19 07:30:36.136  3980  2218 E ProcfsParsingUtils: 	at com.android.networkstack.com.android.internal.util.StateMachine$SmHandler.handleMessage(StateMachine.java:820)
02-19 07:30:36.136  3980  2218 E ProcfsParsingUtils: 	at android.os.Handler.dispatchMessage(Handler.java:106)
02-19 07:30:36.136  3980  2218 E ProcfsParsingUtils: 	at android.os.Looper.loopOnce(Looper.java:224)
02-19 07:30:36.136  3980  2218 E ProcfsParsingUtils: 	at android.os.Looper.loop(Looper.java:318)
02-19 07:30:36.136  3980  2218 E ProcfsParsingUtils: 	at android.os.HandlerThread.run(HandlerThread.java:67)
02-19 07:30:36.137  3980  2218 D IpClient.wlan0: set max DTIM multiplier to 1
02-19 07:30:36.137  9807  9807 D CompassHeading: Raw azimuth: 36.329000968827025
02-19 07:30:36.137  9807  9807 D CompassHeading: Adjusted azimuth after rotation: 36.329000968827025
02-19 07:30:36.139  2005  3234 I MiuiNetworkPolicy: updateUidState uid = 99539, uidState = 11
02-19 07:30:36.140  2005  3234 I MiuiNetworkPolicy: updateUidState uid = 10164, uidState = 11
02-19 07:30:36.141  2005  2357 E system_server: updateValue is called with a value {0, 0, 0, 0, 0, 0, 0, 0, 0, 0, 0, 0, 0, 0, 0, 0, 0, 0, 0, 0, 0, 0, 0, 0, 0, 0, 0, 0, 0, 0, 0, 0, 0, 0, 0, 0, 0, 0, 0, 0, 0, 0, 0, 0, 0, 0, 0, 0, 0, 0, 0}, which is lower than the previous value {0, 0, 0, 0, 334, 34, 30, 13, 69, 120, 37, 17, 25, 208, 60, 1286, 0, 0, 0, 0, 0, 0, 0, 0, 0, 0, 0, 0, 0, 0, 0, 14, 0, 0, 0, 0, 0, 0, 0, 0, 0, 0, 0, 0, 0, 0, 0, 0, 0, 0, 0}
02-19 07:30:36.141 11546 11584 I MdnsServiceBrowser: (REDACTED) registering %s
02-19 07:30:36.144  2005  3235 D WifiStaIfaceHidlImpl: setDtimMultiplier is not implemented by HIDL
02-19 07:30:36.145  4171  4171 I GlassNumberView: mDrawMatrix = Matrix{[1.0, 0.0, 0.0][0.0, 1.0, 0.0][0.0, 0.0, 1.0]} index = 0
02-19 07:30:36.146  4171  4171 I GlassNumberView: mDrawMatrix = Matrix{[1.0, 0.0, 0.0][0.0, 1.0, 0.0][0.0, 0.0, 1.0]} index = 7
02-19 07:30:36.146  4171  4171 I GlassNumberView: mDrawMatrix = Matrix{[1.0, 0.0, 0.0][0.0, 1.0, 0.0][0.0, 0.0, 1.0]} index = 3
02-19 07:30:36.146  4171  4171 I GlassNumberView: mDrawMatrix = Matrix{[1.0, 0.0, 0.0][0.0, 1.0, 0.0][0.0, 0.0, 1.0]} index = 0
02-19 07:30:36.146  1221  1452 E SDM     : HWCSession::GetClientTargetProperty: GetClinetTargetProperty interface enter
02-19 07:30:36.154  2005  3234 I MiuiNetworkPolicy: updateUidState uid = 10325, uidState = 16
02-19 07:30:36.155  2005  2348 I SmartPower: com.google.android.apps.wellbeing/10156(4293): idle->background(611700ms) R(broadcast start Intent { act=android.app.action.NEXT_ALARM_CLOCK_CHANGED flg=0x21000010 }) adj=905.
02-19 07:30:36.155 29260 29362 I BugleRcsEngine: Rcs is enabled from user settings: true [CONTEXT log_prefix="ProvisioningEngineDataRetriever" thread_id=84855 ]
02-19 07:30:36.155  1137 14739 I CVP     : File: vendor/qcom/proprietary/cv-noship/cvp/2.1/src/cpu/cvpPower.cpp Line: 624 Function: cvpEstimatePowerDme() Msg: DME Voting
02-19 07:30:36.156  1137 14739 I CVP     : File: vendor/qcom/proprietary/cv-noship/cvp/2.1/src/cpu/cvpPower.cpp Line: 1599 Function: cvpAggreatePower() Msg: After aggregation
02-19 07:30:36.156  1137 14739 I CVP     : File: vendor/qcom/proprietary/cv-noship/cvp/2.1/src/cpu/cvpPower.cpp Line: 85 Function: cvpPrintPower() Msg: Actual      Clock: Fdu 17625240, Ica 1797120, Od 0, Mpu 0, Fw 50400000
02-19 07:30:36.156  1137 14739 I CVP     : File: vendor/qcom/proprietary/cv-noship/cvp/2.1/src/cpu/cvpPower.cpp Line: 89 Function: cvpPrintPower() Msg: Operational Clock: Fdu 17625240, Ica 1797120, Od 0, Mpu 0, Fw 50400000
02-19 07:30:36.156  1137 14739 I CVP     : File: vendor/qcom/proprietary/cv-noship/cvp/2.1/src/cpu/cvpPower.cpp Line: 91 Function: cvpPrintPower() Msg: Actual     Bw: Ddr 67553940, SysCache 0
02-19 07:30:36.156  1137 14739 I CVP     : File: vendor/qcom/proprietary/cv-noship/cvp/2.1/src/cpu/cvpPower.cpp Line: 93 Function: cvpPrintPower() Msg: Opeational Bw: Ddr 67553940, SysCache 0
02-19 07:30:36.156  1137 14739 I CVP     : File: vendor/qcom/proprietary/cv-noship/cvp/2.1/src/cpu/cvpPower.cpp Line: 96 Function: cvpPrintPower() Msg: FPS: FDU 0, MPU 0, OD 0, ICA 0
02-19 07:30:36.157  2005  3251 I serviceDiscovery: [MdnsSocketProvider] Start monitoring sockets.
02-19 07:30:36.157  1137 14739 I CVP     : File: vendor/qcom/proprietary/cv-noship/cvp/2.1/src/cpu/cvpPvtUtils.cpp Line: 313 Function: cvpSetPower() Msg: Update power to KMD
02-19 07:30:36.157  1137 14739 I CVP     : File: vendor/qcom/proprietary/cv-noship/cvp/2.1/src/cpu/cvpPower.cpp Line: 85 Function: cvpPrintPower() Msg: Actual      Clock: Fdu 17625240, Ica 1797120, Od 0, Mpu 0, Fw 50400000
02-19 07:30:36.157  1137 14739 I CVP     : File: vendor/qcom/proprietary/cv-noship/cvp/2.1/src/cpu/cvpPower.cpp Line: 89 Function: cvpPrintPower() Msg: Operational Clock: Fdu 17625240, Ica 1797120, Od 0, Mpu 0, Fw 50400000
02-19 07:30:36.157  1137 14739 I CVP     : File: vendor/qcom/proprietary/cv-noship/cvp/2.1/src/cpu/cvpPower.cpp Line: 91 Function: cvpPrintPower() Msg: Actual     Bw: Ddr 67553940, SysCache 0
02-19 07:30:36.157  1137 14739 I CVP     : File: vendor/qcom/proprietary/cv-noship/cvp/2.1/src/cpu/cvpPower.cpp Line: 93 Function: cvpPrintPower() Msg: Opeational Bw: Ddr 67553940, SysCache 0
02-19 07:30:36.157  1137 14739 I CVP     : File: vendor/qcom/proprietary/cv-noship/cvp/2.1/src/cpu/cvpPower.cpp Line: 96 Function: cvpPrintPower() Msg: FPS: FDU 0, MPU 0, OD 0, ICA 0
02-19 07:30:36.157  9807  9807 D CompassHeading: Raw azimuth: 36.31151226945721
02-19 07:30:36.157  9807  9807 D CompassHeading: Adjusted azimuth after rotation: 36.31151226945721
02-19 07:30:36.157  2005  3251 D CompatibilityChangeReporter: Compat change id reported: 319212206; UID 1000; state: ENABLED
02-19 07:30:36.157  2005  3251 D CompatibilityChangeReporter: Compat change id reported: 319212206; UID 1000; state: DISABLED
02-19 07:30:36.157  9807  9807 D CompassHeading: Raw azimuth: 36.3555430839417
02-19 07:30:36.157  9807  9807 D CompassHeading: Adjusted azimuth after rotation: 36.3555430839417
02-19 07:30:36.157 12176 12176 D BroadcastExecutor: BroadcastExecutor : 2
02-19 07:30:36.158 14688 14688 V GraphicsEnvironment: Currently set values for:
02-19 07:30:36.158 14688 14688 V GraphicsEnvironment:   angle_gl_driver_selection_pkgs=[]
02-19 07:30:36.158 14688 14688 V GraphicsEnvironment:   angle_gl_driver_selection_values=[]
02-19 07:30:36.159 14688 14688 V GraphicsEnvironment: ANGLE GameManagerService for com.a0soft.gphone.uninstaller: false
02-19 07:30:36.159 14688 14688 V GraphicsEnvironment: com.a0soft.gphone.uninstaller is not listed in per-application setting
02-19 07:30:36.159 14688 14688 V GraphicsEnvironment: App is not on the allowlist for updatable production driver.
02-19 07:30:36.159  2005  3251 I TetheringManager: registerTetheringEventCallback caller:android
02-19 07:30:36.160  2005  3251 I serviceDiscovery: [MdnsDiscoveryManager] Registering listener for serviceType: _googlecast._tcp.local
02-19 07:30:36.161  2005  3251 I serviceDiscovery: [MdnsDiscoveryManager] Registering listener for serviceType: _googlecast._tcp.local
02-19 07:30:36.161  2005  3251 I serviceDiscovery: [MdnsDiscoveryManager] Registering listener for serviceType: _googlecast._tcp.local
02-19 07:30:36.162  4171  4171 I GlassNumberView: mDrawMatrix = Matrix{[1.0, 0.0, 0.0][0.0, 1.0, 0.0][0.0, 0.0, 1.0]} index = 0
02-19 07:30:36.162  4171  4171 I GlassNumberView: mDrawMatrix = Matrix{[1.0, 0.0, 0.0][0.0, 1.0, 0.0][0.0, 0.0, 1.0]} index = 7
02-19 07:30:36.162  4171  4171 I GlassNumberView: mDrawMatrix = Matrix{[1.0, 0.0, 0.0][0.0, 1.0, 0.0][0.0, 0.0, 1.0]} index = 3
02-19 07:30:36.162  4171  4171 I GlassNumberView: mDrawMatrix = Matrix{[1.0, 0.0, 0.0][0.0, 1.0, 0.0][0.0, 0.0, 1.0]} index = 0
02-19 07:30:36.162  1221  1452 E SDM     : HWCSession::GetClientTargetProperty: GetClinetTargetProperty interface enter
02-19 07:30:36.166  2005  3234 I MiuiNetworkPolicy: updateUidState uid = 10156, uidState = 11
02-19 07:30:36.166 11438 11438 D BroadcastExecutor: BroadcastExecutor : 2
02-19 07:30:36.169  2005  3248 D ConnectivityService: NetReassign [no changes] [c 1] [a 2] [i 7]
02-19 07:30:36.171  9807  9807 D CompassHeading: Raw azimuth: 36.31212015629334
02-19 07:30:36.171  9807  9807 D CompassHeading: Adjusted azimuth after rotation: 36.31212015629334
02-19 07:30:36.176  9807  9807 D CompassHeading: Raw azimuth: 36.34066010174024
02-19 07:30:36.177  9807  9807 D CompassHeading: Adjusted azimuth after rotation: 36.34066010174024
02-19 07:30:36.178  4171  4171 I GlassNumberView: mDrawMatrix = Matrix{[1.0, 0.0, 0.0][0.0, 1.0, 0.0][0.0, 0.0, 1.0]} index = 0
02-19 07:30:36.179  4171  4171 I GlassNumberView: mDrawMatrix = Matrix{[1.0, 0.0, 0.0][0.0, 1.0, 0.0][0.0, 0.0, 1.0]} index = 7
02-19 07:30:36.179  4171  4171 I GlassNumberView: mDrawMatrix = Matrix{[1.0, 0.0, 0.0][0.0, 1.0, 0.0][0.0, 0.0, 1.0]} index = 3
02-19 07:30:36.179  4171  4171 I GlassNumberView: mDrawMatrix = Matrix{[1.0, 0.0, 0.0][0.0, 1.0, 0.0][0.0, 0.0, 1.0]} index = 0
02-19 07:30:36.180  1221  1452 E SDM     : HWCSession::GetClientTargetProperty: GetClinetTargetProperty interface enter
02-19 07:30:36.180  2005  4590 I ClipboardServiceI: checkProviderWakePathForClipboard: primaryClip is null
02-19 07:30:36.188 22590 22599 I cebook.services: Background concurrent copying GC freed 14MB AllocSpace bytes, 56(2720KB) LOS objects, 75% free, 5070KB/19MB, paused 87us,18us total 237.209ms
02-19 07:30:36.188 27826 26217 W BpBinder: PerfMonitor binderTransact: time=201ms interface=android.os.IPowerManager code=17
02-19 07:30:36.188  1137 14736 I OV16A1Q : lineCount 0x931 , frameLengthLines 0xf50
02-19 07:30:36.189 22590 22599 W cebook.services: Reducing the number of considered missed Gc histogram windows from 614 to 100
02-19 07:30:36.190 12176 12176 D BroadcastExecutor: BroadcastExecutor : 2
02-19 07:30:36.192   662   662 I lowmemorykiller: Kill 'com.miui.cleaner:micleansdk' (9882), uid 10145, oom_score_adj 965 to free 66352kB rss, 38980kB swap; reason: cw
02-19 07:30:36.193  1137  2891 E CamX    : [ERROR][NCS    ] camxncsintfqsee.cpp:2555 FillSensorData() Invalid sensor index -1
02-19 07:30:36.193  9807  9807 D CompassHeading: Raw azimuth: 36.35597338585941
02-19 07:30:36.193  9807  9807 D CompassHeading: Adjusted azimuth after rotation: 36.35597338585941
02-19 07:30:36.195  4171  4171 I GlassNumberView: mDrawMatrix = Matrix{[1.0, 0.0, 0.0][0.0, 1.0, 0.0][0.0, 0.0, 1.0]} index = 0
02-19 07:30:36.195  4171  4171 I GlassNumberView: mDrawMatrix = Matrix{[1.0, 0.0, 0.0][0.0, 1.0, 0.0][0.0, 0.0, 1.0]} index = 7
02-19 07:30:36.195  4171  4171 I GlassNumberView: mDrawMatrix = Matrix{[1.0, 0.0, 0.0][0.0, 1.0, 0.0][0.0, 0.0, 1.0]} index = 3
02-19 07:30:36.195  4171  4171 I GlassNumberView: mDrawMatrix = Matrix{[1.0, 0.0, 0.0][0.0, 1.0, 0.0][0.0, 0.0, 1.0]} index = 0
02-19 07:30:36.195  2005  3251 I WifiService: acquireMulticastLock uid=1000
02-19 07:30:36.196  1221  1452 E SDM     : HWCSession::GetClientTargetProperty: GetClinetTargetProperty interface enter
02-19 07:30:36.198  9807  9807 D CompassHeading: Raw azimuth: 36.377536293069134
02-19 07:30:36.198  9807  9807 D CompassHeading: Adjusted azimuth after rotation: 36.377536293069134
02-19 07:30:36.201 10808 29077 I dzin    : (REDACTED) appOpsListener %s %s
02-19 07:30:36.204  8780  8832 W BpBinder: PerfMonitor binderTransact: time=209ms interface=android.net.IConnectivityManager code=3
02-19 07:30:36.209  9807  9807 D CompassHeading: Raw azimuth: 36.408415578306766
02-19 07:30:36.209  9807  9807 D CompassHeading: Adjusted azimuth after rotation: 36.408415578306766
02-19 07:30:36.209 14688 14688 D ActivityThread: useGrowthLimitOutExpendMethod invoke error.
02-19 07:30:36.212  4171  4171 I GlassNumberView: mDrawMatrix = Matrix{[1.0, 0.0, 0.0][0.0, 1.0, 0.0][0.0, 0.0, 1.0]} index = 0
02-19 07:30:36.212  4171  4171 I GlassNumberView: mDrawMatrix = Matrix{[1.0, 0.0, 0.0][0.0, 1.0, 0.0][0.0, 0.0, 1.0]} index = 7
02-19 07:30:36.212  4171  4171 I GlassNumberView: mDrawMatrix = Matrix{[1.0, 0.0, 0.0][0.0, 1.0, 0.0][0.0, 0.0, 1.0]} index = 3
02-19 07:30:36.212  4171  4171 I GlassNumberView: mDrawMatrix = Matrix{[1.0, 0.0, 0.0][0.0, 1.0, 0.0][0.0, 0.0, 1.0]} index = 0
02-19 07:30:36.212  1221  1452 E SDM     : HWCSession::GetClientTargetProperty: GetClinetTargetProperty interface enter
02-19 07:30:36.220  2005  3234 I MiuiNetworkPolicy: updateUidState uid = 99539, uidState = 19
02-19 07:30:36.222  2005  3234 I MiuiNetworkPolicy: updateUidState uid = 10164, uidState = 19
02-19 07:30:36.224 10808 29077 I dzin    : (REDACTED) Ignoring irrelevant audio permission changes for package %s
02-19 07:30:36.228  2005  2077 D ForceDarkAppConfigProvider: cloudConfigVersion: -1   localConfigVersion:20240722
02-19 07:30:36.228  2005  2077 I UiModeManager: systemserver package:com.a0soft.gphone.uninstaller null
02-19 07:30:36.228  4171  4171 I GlassNumberView: mDrawMatrix = Matrix{[1.0, 0.0, 0.0][0.0, 1.0, 0.0][0.0, 0.0, 1.0]} index = 0
02-19 07:30:36.228  4171  4171 I GlassNumberView: mDrawMatrix = Matrix{[1.0, 0.0, 0.0][0.0, 1.0, 0.0][0.0, 0.0, 1.0]} index = 7
02-19 07:30:36.228  4171  4171 I GlassNumberView: mDrawMatrix = Matrix{[1.0, 0.0, 0.0][0.0, 1.0, 0.0][0.0, 0.0, 1.0]} index = 3
02-19 07:30:36.228  4171  4171 I GlassNumberView: mDrawMatrix = Matrix{[1.0, 0.0, 0.0][0.0, 1.0, 0.0][0.0, 0.0, 1.0]} index = 0
02-19 07:30:36.229  1221  1452 E SDM     : HWCSession::GetClientTargetProperty: GetClinetTargetProperty interface enter
02-19 07:30:36.229  9807  9807 D CompassHeading: Raw azimuth: 36.425948673906184
02-19 07:30:36.229  9807  9807 D CompassHeading: Adjusted azimuth after rotation: 36.425948673906184
02-19 07:30:36.230  9807  9807 D CompassHeading: Raw azimuth: 36.41097006905635
02-19 07:30:36.230  9807  9807 D CompassHeading: Adjusted azimuth after rotation: 36.41097006905635
02-19 07:30:36.230 14688 14688 I ForceDarkHelperStubImpl: initialize for com.a0soft.gphone.uninstaller , ForceDarkAppConfig: null
02-19 07:30:36.236 14688 14688 D nativeloader: Load libforcedarkimpl.so using system ns (caller=/system_ext/framework/miui-framework.jar): ok
02-19 07:30:36.236 14688 14688 D OpenGLRenderer: JNI_OnLoad success
02-19 07:30:36.236 14688 14688 I MiuiForceDarkConfig: setConfig density:2.750000, mainRule:0, secondaryRule:0, tertiaryRule:0
02-19 07:30:36.238  9807  9807 D CompassHeading: Raw azimuth: 36.42633799468888
02-19 07:30:36.238  9807  9807 D CompassHeading: Adjusted azimuth after rotation: 36.42633799468888
02-19 07:30:36.242 11438 11438 D BroadcastExecutor: BroadcastExecutor : 2
02-19 07:30:36.245  4171  4171 I GlassNumberView: mDrawMatrix = Matrix{[1.0, 0.0, 0.0][0.0, 1.0, 0.0][0.0, 0.0, 1.0]} index = 0
02-19 07:30:36.245  4171  4171 I GlassNumberView: mDrawMatrix = Matrix{[1.0, 0.0, 0.0][0.0, 1.0, 0.0][0.0, 0.0, 1.0]} index = 7
02-19 07:30:36.245  4171  4171 I GlassNumberView: mDrawMatrix = Matrix{[1.0, 0.0, 0.0][0.0, 1.0, 0.0][0.0, 0.0, 1.0]} index = 3
02-19 07:30:36.245  4171  4171 I GlassNumberView: mDrawMatrix = Matrix{[1.0, 0.0, 0.0][0.0, 1.0, 0.0][0.0, 0.0, 1.0]} index = 0
02-19 07:30:36.245  1221  1452 E SDM     : HWCSession::GetClientTargetProperty: GetClinetTargetProperty interface enter
02-19 07:30:36.245  2005  3383 D PerfStubImpl: perfLockReleaseHandler: 95513
02-19 07:30:36.246  1234  1373 E ANDR-PERF-OPTSHANDLER: Cannot open/create system background cgroup file
02-19 07:30:36.246  2005  3383 D SchedBoost: stopBoostInternal
02-19 07:30:36.247  2005  3383 D SchedBoost: thread tid=4171, priority is set to -10
02-19 07:30:36.247  9807  9807 D CompassHeading: Raw azimuth: 36.41234293707952
02-19 07:30:36.247  9807  9807 D CompassHeading: Adjusted azimuth after rotation: 36.41234293707952
02-19 07:30:36.248  2005  3383 D SchedBoost: thread tid=4561, priority is set to -10
02-19 07:30:36.250 11438 11438 D BroadcastExecutor: BroadcastExecutor : 2
02-19 07:30:36.256  2005  3234 I MiuiNetworkPolicy: updateUidState uid = 10163, uidState = 19
02-19 07:30:36.257  1137 14736 I CVP     : File: vendor/qcom/proprietary/cv-noship/cvp/2.1/src/cpu/cvpPvtUtils.cpp Line: 313 Function: cvpSetPower() Msg: Update power to KMD
02-19 07:30:36.257  1137 14736 I CVP     : File: vendor/qcom/proprietary/cv-noship/cvp/2.1/src/cpu/cvpPower.cpp Line: 85 Function: cvpPrintPower() Msg: Actual      Clock: Fdu 0, Ica 0, Od 87552000, Mpu 0, Fw 0
02-19 07:30:36.257  1137 14736 I CVP     : File: vendor/qcom/proprietary/cv-noship/cvp/2.1/src/cpu/cvpPower.cpp Line: 89 Function: cvpPrintPower() Msg: Operational Clock: Fdu 0, Ica 0, Od 87552000, Mpu 0, Fw 0
02-19 07:30:36.257  1137 14736 I CVP     : File: vendor/qcom/proprietary/cv-noship/cvp/2.1/src/cpu/cvpPower.cpp Line: 91 Function: cvpPrintPower() Msg: Actual     Bw: Ddr 80941590, SysCache 0
02-19 07:30:36.257  1137 14736 I CVP     : File: vendor/qcom/proprietary/cv-noship/cvp/2.1/src/cpu/cvpPower.cpp Line: 93 Function: cvpPrintPower() Msg: Opeational Bw: Ddr 80941590, SysCache 0
02-19 07:30:36.257  1137 14736 I CVP     : File: vendor/qcom/proprietary/cv-noship/cvp/2.1/src/cpu/cvpPower.cpp Line: 96 Function: cvpPrintPower() Msg: FPS: FDU 0, MPU 0, OD 15, ICA 0
02-19 07:30:36.257  9807  9807 D CompassHeading: Raw azimuth: 36.42528273046211
02-19 07:30:36.258  9807  9807 D CompassHeading: Adjusted azimuth after rotation: 36.42528273046211
02-19 07:30:36.258 14688 14688 E one.uninstaller: Invalid resource ID 0x00000000.
02-19 07:30:36.258 14688 14688 W LocaleConfig: The resource file pointed to by the given resource ID isn't found.
02-19 07:30:36.262  1221  1452 E SDM     : HWCSession::GetClientTargetProperty: GetClinetTargetProperty interface enter
02-19 07:30:36.262  4171  4171 I GlassNumberView: mDrawMatrix = Matrix{[1.0, 0.0, 0.0][0.0, 1.0, 0.0][0.0, 0.0, 1.0]} index = 0
02-19 07:30:36.262  4171  4171 I GlassNumberView: mDrawMatrix = Matrix{[1.0, 0.0, 0.0][0.0, 1.0, 0.0][0.0, 0.0, 1.0]} index = 7
02-19 07:30:36.262  4171  4171 I GlassNumberView: mDrawMatrix = Matrix{[1.0, 0.0, 0.0][0.0, 1.0, 0.0][0.0, 0.0, 1.0]} index = 3
02-19 07:30:36.262  4171  4171 I GlassNumberView: mDrawMatrix = Matrix{[1.0, 0.0, 0.0][0.0, 1.0, 0.0][0.0, 0.0, 1.0]} index = 0
02-19 07:30:36.268  9807  9807 D CompassHeading: Raw azimuth: 36.48066873444174
02-19 07:30:36.268  9807  9807 D CompassHeading: Adjusted azimuth after rotation: 36.48066873444174
02-19 07:30:36.273  1137  2882 I OV16A1Q : lineCount 0x931 , frameLengthLines 0xf50
02-19 07:30:36.277  1137  2882 I OV16A1Q : lineCount 0x931 , frameLengthLines 0xf50
02-19 07:30:36.278  4171  4171 I GlassNumberView: mDrawMatrix = Matrix{[1.0, 0.0, 0.0][0.0, 1.0, 0.0][0.0, 0.0, 1.0]} index = 0
02-19 07:30:36.278  4171  4171 I GlassNumberView: mDrawMatrix = Matrix{[1.0, 0.0, 0.0][0.0, 1.0, 0.0][0.0, 0.0, 1.0]} index = 7
02-19 07:30:36.278  4171  4171 I GlassNumberView: mDrawMatrix = Matrix{[1.0, 0.0, 0.0][0.0, 1.0, 0.0][0.0, 0.0, 1.0]} index = 3
02-19 07:30:36.278  4171  4171 I GlassNumberView: mDrawMatrix = Matrix{[1.0, 0.0, 0.0][0.0, 1.0, 0.0][0.0, 0.0, 1.0]} index = 0
02-19 07:30:36.278  9807  9807 D CompassHeading: Raw azimuth: 36.506350245720995
02-19 07:30:36.279  9807  9807 D CompassHeading: Adjusted azimuth after rotation: 36.506350245720995
02-19 07:30:36.279  1221  1452 E SDM     : HWCSession::GetClientTargetProperty: GetClinetTargetProperty interface enter
02-19 07:30:36.287 14688 14785 D nativeloader: Load /data/app/~~FI230-L3nWqu_0CKwf3aSQ==/com.a0soft.gphone.uninstaller-yhlEfGgcbrP44i6yrwzUjQ==/split_config.arm64_v8a.apk!/lib/arm64-v8a/libmmkv.so using class loader ns clns-4 (caller=/data/app/~~FI230-L3nWqu_0CKwf3aSQ==/com.a0soft.gphone.uninstaller-yhlEfGgcbrP44i6yrwzUjQ==/base.apk): ok
02-19 07:30:36.287  1174 14564 I sensors-hal: handle_sns_std_sensor_event:57, light_event: ts=754571162085967, lux: 7.0, extra_info=7 
02-19 07:30:36.288  9807  9807 D CompassHeading: Raw azimuth: 36.554820683165985
02-19 07:30:36.288  9807  9807 D CompassHeading: Adjusted azimuth after rotation: 36.554820683165985
02-19 07:30:36.289  1137  2876 I OV16A1Q : lineCount 0x931 , frameLengthLines 0xf50
02-19 07:30:36.289  1234  1373 E ANDR-PERF-OPTSHANDLER: perf_lock_acq: corectl_busy_up_thres updating /sys/devices/system/cpu/cpu4/core_ctl/busy_up_thres with 60 60 80
02-19 07:30:36.289  1234  1373 E ANDR-PERF-OPTSHANDLER: perf_lock_acq: corectl_busy_up_thres updating /sys/devices/system/cpu/cpu4/core_ctl/busy_down_thres with 30 30 50
02-19 07:30:36.289  1234  1373 E ANDR-PERF-OPTSHANDLER: perf_lock_acq: corectl_busy_up_thres updating /sys/devices/system/cpu/cpu7/core_ctl/busy_up_thres with 80
02-19 07:30:36.289  1234  1373 E ANDR-PERF-OPTSHANDLER: perf_lock_acq: corectl_busy_up_thres updating /sys/devices/system/cpu/cpu7/core_ctl/busy_down_thres with 50
02-19 07:30:36.289  1234  1373 E ANDR-PERF-OPTSHANDLER: perf_lock_acq: corectl_not_preferred updating with 0 0 1 
02-19 07:30:36.289  1234  1373 E ANDR-PERF-OPTSHANDLER: perf_lock_acq: corectl_not_preferred updating with 1 
02-19 07:30:36.295  1221  1452 E SDM     : HWCSession::GetClientTargetProperty: GetClinetTargetProperty interface enter
02-19 07:30:36.297  9807  9807 D CompassHeading: Raw azimuth: 36.56523672165026
02-19 07:30:36.297  9807  9807 D CompassHeading: Adjusted azimuth after rotation: 36.56523672165026
02-19 07:30:36.297  4171  4171 I GlassNumberView: mDrawMatrix = Matrix{[1.0, 0.0, 0.0][0.0, 1.0, 0.0][0.0, 0.0, 1.0]} index = 3
02-19 07:30:36.297  4171  4171 I GlassNumberView: mDrawMatrix = Matrix{[1.0, 0.0, 0.0][0.0, 1.0, 0.0][0.0, 0.0, 1.0]} index = 0
02-19 07:30:36.308  9807  9807 D CompassHeading: Raw azimuth: 36.540665116111136
02-19 07:30:36.308  9807  9807 D CompassHeading: Adjusted azimuth after rotation: 36.540665116111136
02-19 07:30:36.310 14688 14688 D CompatibilityChangeReporter: Compat change id reported: 183155436; UID 10570; state: ENABLED
02-19 07:30:36.311  1221  1452 E SDM     : HWCSession::GetClientTargetProperty: GetClinetTargetProperty interface enter
02-19 07:30:36.313  4171  4171 I GlassNumberView: mDrawMatrix = Matrix{[1.0, 0.0, 0.0][0.0, 1.0, 0.0][0.0, 0.0, 1.0]} index = 3
02-19 07:30:36.313  4171  4171 I GlassNumberView: mDrawMatrix = Matrix{[1.0, 0.0, 0.0][0.0, 1.0, 0.0][0.0, 0.0, 1.0]} index = 0
02-19 07:30:36.314  1188  1651 I WifiHAL : event received NL80211_CMD_VENDOR, vendor_id = 0x1374, subcmd = 0xd
02-19 07:30:36.315   662   662 I lowmemorykiller: Kill 'com.google.android.apps.fitness' (28561), uid 10579, oom_score_adj 965 to free 60568kB rss, 51228kB swap; reason: cw
02-19 07:30:36.317  2115  2115 I cnss-daemon: nl80211 response handler invoked
02-19 07:30:36.317  2115  2115 I cnss-daemon: nl80211_response_handler: cmd 103, vendorID 4980, subcmd 13  received
02-19 07:30:36.318  9807  9807 D CompassHeading: Raw azimuth: 36.541686229392056
02-19 07:30:36.318  9807  9807 D CompassHeading: Adjusted azimuth after rotation: 36.541686229392056
02-19 07:30:36.320 14688 14688 D CompatibilityChangeReporter: Compat change id reported: 3400644; UID 10570; state: ENABLED
02-19 07:30:36.320  2005  2328 D ColorDisplayService: Setting saturation level: 100
02-19 07:30:36.324  9807  9807 D CompassHeading: Raw azimuth: 36.47515335668696
02-19 07:30:36.324  9807  9807 D CompassHeading: Adjusted azimuth after rotation: 36.47515335668696
02-19 07:30:36.328  1221  1452 E SDM     : HWCSession::GetClientTargetProperty: GetClinetTargetProperty interface enter
02-19 07:30:36.328  2005  2944 I ActivityManager: Process com.xiaomi.finddevice (pid 11205) has died: cch+65 CEM 
02-19 07:30:36.329  1234  1234 E vendor.qti.hardware.perf@2.2-service: Unknown params
02-19 07:30:36.329  1234  1234 E vendor.qti.hardware.perf@2.2-service: Unknown params
02-19 07:30:36.329  1234  1234 E vendor.qti.hardware.perf@2.2-service: Unknown params
02-19 07:30:36.330   972   972 I Zygote  : Process 11205 exited due to signal 9 (Killed)
02-19 07:30:36.330   972 14692 I Zygote  : Process 4262 exited due to signal 9 (Killed)
02-19 07:30:36.333  9294 13476 W .miui.analytics: Long monitor contention with owner onetrack_monitor_db (13502) at java.util.TimeZone java.util.TimeZone.getTimeZone(java.lang.String)(TimeZone.java:642) waiters=0 in java.util.TimeZone java.util.TimeZone.getDefaultRef() for 110ms
02-19 07:30:36.333  2005  2325 D DisplayManagerService: Drop pending events for gone uid 6110
02-19 07:30:36.333  2005  2325 I NetworkBoostStatusManager: onUidGone uid: 6110
02-19 07:30:36.334   972   972 I Zygote  : Process 9882 exited due to signal 9 (Killed)
02-19 07:30:36.334  2005  3234 I MiuiNetworkPolicy: removeUidState uid = 6110
02-19 07:30:36.334  8054 23969 I IPCThreadState: oneway function results for code 3 on binder at 0xb400007475e91820 will be dropped but finished with status UNKNOWN_TRANSACTION
02-19 07:30:36.337 16077 16109 I IPCThreadState: oneway function results for code 3 on binder at 0xb400007475f7aee0 will be dropped but finished with status UNKNOWN_TRANSACTION
02-19 07:30:36.345  1221  1452 E SDM     : HWCSession::GetClientTargetProperty: GetClinetTargetProperty interface enter
02-19 07:30:36.346  2005  3378 E ProcessManager: error write exception log
02-19 07:30:36.347  2005  2077 I ActivityManager: Process com.android.deskclock (pid 4262) has died: cch+75 CEM 
02-19 07:30:36.347  2005  3378 E ProcessManager: error write exception log
02-19 07:30:36.348  1234  1234 E vendor.qti.hardware.perf@2.2-service: Unknown params
02-19 07:30:36.348  1234  1234 E vendor.qti.hardware.perf@2.2-service: Unknown params
02-19 07:30:36.348  1234  1234 E vendor.qti.hardware.perf@2.2-service: Unknown params
02-19 07:30:36.348  9807  9807 D CompassHeading: Raw azimuth: 36.49119747104732
02-19 07:30:36.348  9807  9807 D CompassHeading: Adjusted azimuth after rotation: 36.49119747104732
02-19 07:30:36.348  9807  9807 D CompassHeading: Raw azimuth: 36.48665881034385
02-19 07:30:36.348  9807  9807 D CompassHeading: Adjusted azimuth after rotation: 36.48665881034385
02-19 07:30:36.353  2005  2325 D DisplayManagerService: Drop pending events for gone uid 10172
02-19 07:30:36.353  2005  2325 I NetworkBoostStatusManager: onUidGone uid: 10172
02-19 07:30:36.353  2005  3234 I MiuiNetworkPolicy: removeUidState uid = 10172
02-19 07:30:36.354  8054 23969 I IPCThreadState: oneway function results for code 3 on binder at 0xb400007475e91820 will be dropped but finished with status UNKNOWN_TRANSACTION
02-19 07:30:36.354 16077 16109 I IPCThreadState: oneway function results for code 3 on binder at 0xb400007475f7aee0 will be dropped but finished with status UNKNOWN_TRANSACTION
02-19 07:30:36.356  9807  9807 D CompassHeading: Raw azimuth: 36.502839528487605
02-19 07:30:36.356  9807  9807 D CompassHeading: Adjusted azimuth after rotation: 36.502839528487605
02-19 07:30:36.357  2005  4590 I ActivityManager: Process com.miui.cleaner:micleansdk (pid 9882) has died: cch+65 CEM 
02-19 07:30:36.358  1234  1234 E vendor.qti.hardware.perf@2.2-service: Unknown params
02-19 07:30:36.358  1234  1234 E vendor.qti.hardware.perf@2.2-service: Unknown params
02-19 07:30:36.358  1234  1234 E vendor.qti.hardware.perf@2.2-service: Unknown params
02-19 07:30:36.358  2005  3378 E ProcessManager: error write exception log
02-19 07:30:36.359  8054 23969 I IPCThreadState: oneway function results for code 3 on binder at 0xb400007475e91820 will be dropped but finished with status UNKNOWN_TRANSACTION
02-19 07:30:36.359 16077 16109 I IPCThreadState: oneway function results for code 3 on binder at 0xb400007475f7aee0 will be dropped but finished with status UNKNOWN_TRANSACTION
02-19 07:30:36.361  1221  1452 E SDM     : HWCSession::GetClientTargetProperty: GetClinetTargetProperty interface enter
02-19 07:30:36.362  9807  9807 D CompassHeading: Raw azimuth: 36.56679400478102
02-19 07:30:36.362  9807  9807 D CompassHeading: Adjusted azimuth after rotation: 36.56679400478102
02-19 07:30:36.364  1137  2878 I OV16A1Q : lineCount 0x1211 , frameLengthLines 0x1219
02-19 07:30:36.376  9807  9807 D CompassHeading: Raw azimuth: 36.58015726989215
02-19 07:30:36.376  9807  9807 D CompassHeading: Adjusted azimuth after rotation: 36.58015726989215
02-19 07:30:36.377  1137  2880 E [ AIASD ]: Invalid argument: output numberOfPlanes is smaller than input
02-19 07:30:36.378  1221  1452 E SDM     : HWCSession::GetClientTargetProperty: GetClinetTargetProperty interface enter
02-19 07:30:36.382  9807  9807 D CompassHeading: Raw azimuth: 36.516503321922215
02-19 07:30:36.382  9807  9807 D CompassHeading: Adjusted azimuth after rotation: 36.516503321922215
02-19 07:30:36.384  2005  4590 I ActivityManager: Process com.qualcomm.qti.poweroffalarm (pid 3605) has died: cch+65 CEM 
02-19 07:30:36.384  2005  3378 E ProcessManager: error write exception log
02-19 07:30:36.384  1234  1234 E vendor.qti.hardware.perf@2.2-service: Unknown params
02-19 07:30:36.384  1234  1234 E vendor.qti.hardware.perf@2.2-service: Unknown params
02-19 07:30:36.384  1234  1234 E vendor.qti.hardware.perf@2.2-service: Unknown params
02-19 07:30:36.385 16077 16109 I IPCThreadState: oneway function results for code 3 on binder at 0xb400007475f7aee0 will be dropped but finished with status UNKNOWN_TRANSACTION
02-19 07:30:36.385  8054 23969 I IPCThreadState: oneway function results for code 3 on binder at 0xb400007475e91820 will be dropped but finished with status UNKNOWN_TRANSACTION
02-19 07:30:36.385  2005  3234 I MiuiNetworkPolicy: removeUidState uid = 10191
02-19 07:30:36.386  2005  2325 D DisplayManagerService: Drop pending events for gone uid 10191
02-19 07:30:36.386  2005  2325 I NetworkBoostStatusManager: onUidGone uid: 10191
02-19 07:30:36.391  1137  2891 E CamX    : [ERROR][NCS    ] camxncsintfqsee.cpp:2555 FillSensorData() Invalid sensor index -1
02-19 07:30:36.395  1137  2877 I OV16A1Q : lineCount 0x1b93 , frameLengthLines 0x1b9b
02-19 07:30:36.396  1135  5783 I vendor.qti.bluetooth@1.0-ibs_handler: DeviceSleep: TX Awake, Sending SLEEP_IND
02-19 07:30:36.396  1135  5783 D vendor.qti.bluetooth@1.0-ibs_handler: SerialClockVote: vote for UART CLK OFF
02-19 07:30:36.396  9807  9807 D CompassHeading: Raw azimuth: 36.51181098196242
02-19 07:30:36.397  9807  9807 D CompassHeading: Adjusted azimuth after rotation: 36.51181098196242
02-19 07:30:36.397  1221  1452 E SDM     : HWCSession::GetClientTargetProperty: GetClinetTargetProperty interface enter
02-19 07:30:36.397  2005  3091 D MIUIInput: [MotionEvent] notifyMotion - eventTime=469966009437000, deviceId=4, source=0x1002, policyFlags=0x0, action=0x0, flags=0x0, downTime=469966009437000, moveCount:0
02-19 07:30:36.398  1362  1362 I MI-SF   : surfaceflinger setAffinity mode=0
02-19 07:30:36.398   972   972 I Zygote  : Process 3605 exited due to signal 9 (Killed)
02-19 07:30:36.398  2005  3091 D MIUIInput: notifyMotion Pointer 0: id=0,x=276.500000, y=1854.500000
02-19 07:30:36.401  2000 14618 V CameraStub: getMipiError:303
02-19 07:30:36.401  9807  9807 D CompassHeading: Raw azimuth: 36.20624197887439
02-19 07:30:36.401  9807  9807 D CompassHeading: Adjusted azimuth after rotation: 36.20624197887439
02-19 07:30:36.401  6908  7026 D         : Yuv{width=640, height=480, format=35, crop=Rect(0, 0 - 640, 480), y=PlaneWrapper{width=640, height=480, buffer=java.nio.DirectByteBuffer[pos=0 lim=307200 cap=307200], rowStride=640, pixelStride=1}, u=PlaneWrapper{width=320, height=240, buffer=java.nio.DirectByteBuffer[pos=0 lim=153599 cap=153599], rowStride=640, pixelStride=2}, v=PlaneWrapper{width=320, height=240, buffer=java.nio.DirectByteBuffer[pos=0 lim=153599 cap=153599], rowStride=640, pixelStride=2}}
02-19 07:30:36.401  1137  2879 E [ AIASD ]: Invalid argument: output numberOfPlanes is smaller than input
02-19 07:30:36.402  6908  7026 D miui.face.transplant: receive preview frame time=938
02-19 07:30:36.405  6908  7026 D FaceAuth: image format is 3
02-19 07:30:36.405  6908  7026 D FaceAuth: image width is 640
02-19 07:30:36.405  6908  7026 D FaceAuth: image height is 480
02-19 07:30:36.405  6908  7026 D FaceAuth: image stride is 640
02-19 07:30:36.410  2005  3090 D MIUIInput: [MotionEvent] publisher action=0x0, deviceId=4, 469966009, channel '2322c46 NotificationShade (server)'
02-19 07:30:36.411  2005  3090 D MIUIInput: [MotionEvent] publisher action=0x4, deviceId=4, 469966009, channel 'f030be3 NavigationBar0 (server)'
02-19 07:30:36.411  2005  3090 D MIUIInput: [MotionEvent] publisher action=0x0, deviceId=4, 469966009, channel '[Gesture Monitor] miui-gesture (server)'
02-19 07:30:36.412  1221  1452 E SDM     : HWCSession::GetClientTargetProperty: GetClinetTargetProperty interface enter
02-19 07:30:36.413  2005  2325 D PerfStubImpl: perfGetFeedback
02-19 07:30:36.413  1234  1234 E vendor.qti.hardware.perf@2.2-service: Unknown params
02-19 07:30:36.413  2005  2325 D PerfStubImpl: perfHint
02-19 07:30:36.413  1234  1234 E vendor.qti.hardware.perf@2.2-service: Unknown params
02-19 07:30:36.414  2005  2325 D PerfStubImpl: perfGetFeedback
02-19 07:30:36.414  1234  1234 E vendor.qti.hardware.perf@2.2-service: Unknown params
02-19 07:30:36.414  2005  2325 D PerfStubImpl: perfHint
02-19 07:30:36.415   662   662 E lowmemorykiller: Couldn't get Swap info. Is it kthread?
02-19 07:30:36.415  1234  1234 E vendor.qti.hardware.perf@2.2-service: Unknown params
02-19 07:30:36.416  2000 14618 V CameraStub: getMipiError:303
02-19 07:30:36.416   662   662 I lowmemorykiller: Kill 'com.miui.securitycenter' (6004), uid 1000, oom_score_adj 965 to free 82952kB rss, 67100kB swap; reason: cw
02-19 07:30:36.417  4171  4171 D MIUIInput: [MotionEvent] ViewRootImpl windowName 'NotificationShade', { action=ACTION_DOWN, id[0]=0, pointerCount=1, eventTime=469966009, downTime=469966009, phoneEventTime=07:30:36.377 } moveCount:0
02-19 07:30:36.417  9807  9807 D CompassHeading: Raw azimuth: 36.19132143063249
02-19 07:30:36.418  9807  9807 D CompassHeading: Adjusted azimuth after rotation: 36.19132143063249
02-19 07:30:36.422  9807  9807 D CompassHeading: Raw azimuth: 36.05934851548951
02-19 07:30:36.422  9807  9807 D CompassHeading: Adjusted azimuth after rotation: 36.05934851548951
02-19 07:30:36.424  2005  3383 I ProcessManager: getRenderThreadTidByPid, caller=2005
02-19 07:30:36.425  2005  3383 I ProcessManager: getRenderThreadTidByPid, caller=2005
02-19 07:30:36.425  2005  3383 I ProcessManager: getRenderThreadTidByPid, caller=2005
02-19 07:30:36.429  1137  2876 I OV16A1Q : lineCount 0x2df5 , frameLengthLines 0x2008
02-19 07:30:36.429  4171  4171 D NotificationPanelView: onMiuiIntercept fullCollapse=false fullExp=false hidePanelPending=false 
02-19 07:30:36.429  4171  4171 D PanelViewController: cancelFlingSpring mHidePanelPending=false
02-19 07:30:36.430  1221  1452 E SDM     : HWCSession::GetClientTargetProperty: GetClinetTargetProperty interface enter
02-19 07:30:36.433 14688 14791 D CompatibilityChangeReporter: Compat change id reported: 160794467; UID 10570; state: ENABLED
02-19 07:30:36.436  4171  4171 D NotificationPanelView: handleMiuiTouch fullyCollapsed=false fullExp=false hidePanelPending=false 
02-19 07:30:36.437  9807  9807 D CompassHeading: Raw azimuth: 36.03083589079929
02-19 07:30:36.437  4171  4171 D PanelViewController: cancelFlingSpring mHidePanelPending=false
02-19 07:30:36.437  9807  9807 D CompassHeading: Adjusted azimuth after rotation: 36.03083589079929
02-19 07:30:36.437  1137  2878 E [ AIASD ]: Invalid argument: output numberOfPlanes is smaller than input
02-19 07:30:36.421  1234  1234 W perf@2.2-servic: type=1400 audit(0.0:1912887): avc:  denied  { dac_override } for  capability=1  scontext=u:r:vendor_hal_perf_default:s0 tcontext=u:r:vendor_hal_perf_default:s0 tclass=capability permissive=0
02-19 07:30:36.437  4171  4171 D KeyguardEditorHelper: isSupportStartEditorService = false : close longPressLockScreenEditorStyle 
02-19 07:30:36.437  4171  4171 D DepthController: animConfig start -2147483648 -> 0
02-19 07:30:36.439  9807  9807 D CompassHeading: Raw azimuth: 36.378772557308906
02-19 07:30:36.439  4171  4171 D KeyguardViewMediator: readyForKeyguardDone
02-19 07:30:36.440  9807  9807 D CompassHeading: Adjusted azimuth after rotation: 36.378772557308906
02-19 07:30:36.443 14688 14791 D CompatibilityChangeReporter: Compat change id reported: 194532703; UID 10570; state: ENABLED
02-19 07:30:36.443 14688 14791 D CompatibilityChangeReporter: Compat change id reported: 253665015; UID 10570; state: ENABLED
02-19 07:30:36.443  2005  2077 D CompatibilityChangeReporter: Compat change id reported: 253665015; UID 10570; state: ENABLED
02-19 07:30:36.443  2005  2077 D CompatibilityChangeReporter: Compat change id reported: 194532703; UID 10570; state: ENABLED
02-19 07:30:36.447  1221  1452 E SDM     : HWCSession::GetClientTargetProperty: GetClinetTargetProperty interface enter
02-19 07:30:36.457  9807  9807 D CompassHeading: Raw azimuth: 36.34804012113844
02-19 07:30:36.456  1715  1715 D BoundBrokerSvc: onRebind: Intent { act=com.google.android.gms.common.telemetry.service.START dat=chimera-action:/... cmp=com.google.android.gms/.chimera.PersistentApiService }
02-19 07:30:36.457  9807  9807 D CompassHeading: Adjusted azimuth after rotation: 36.34804012113844
02-19 07:30:36.459  9807  9807 D CompassHeading: Raw azimuth: 36.96461837298841
02-19 07:30:36.459  9807  9807 D CompassHeading: Adjusted azimuth after rotation: 36.96461837298841
02-19 07:30:36.460  4171  4171 D DepthController: animConfig start -2147483648 -> 0
02-19 07:30:36.463  1221  1452 E SDM     : HWCSession::GetClientTargetProperty: GetClinetTargetProperty interface enter
02-19 07:30:36.464 16077 16195 W FirebaseRemoteConfig: No value of type 'FirebaseRemoteConfigValue' exists for parameter key 'cancelUninstallWhenScreenOn'.
02-19 07:30:36.467 11546 12731 I NearbySharing: Network state changed: NetworkState(isRestricted=false, isOnline=true, isCongested=false, isMetered=false, isWifiConnected=true)
02-19 07:30:36.471  1137  2879 I OV16A1Q : lineCount 0x2df5 , frameLengthLines 0x2008
02-19 07:30:36.475  1137  2877 E [ AIASD ]: Invalid argument: output numberOfPlanes is smaller than input
02-19 07:30:36.475   972   972 I Zygote  : Process 28561 exited due to signal 9 (Killed)
02-19 07:30:36.475   972   972 I Zygote  : Process 7997 exited due to signal 9 (Killed)
02-19 07:30:36.479  2005  2945 I ActivityManager: Process com.miui.weather2 (pid 7997) has died: cch+65 CEM 
02-19 07:30:36.473  1234  1234 W perf@2.2-servic: type=1400 audit(0.0:1912888): avc:  denied  { dac_override } for  capability=1  scontext=u:r:vendor_hal_perf_default:s0 tcontext=u:r:vendor_hal_perf_default:s0 tclass=capability permissive=0
02-19 07:30:36.480  2005  3268 D AudioServiceStubImpl: onUpdateMediaState mediaActive=false
02-19 07:30:36.480  9807  9807 D CompassHeading: Raw azimuth: 36.93337708772477
02-19 07:30:36.480  1221  1452 E SDM     : HWCSession::GetClientTargetProperty: GetClinetTargetProperty interface enter
02-19 07:30:36.480  1234  1234 E vendor.qti.hardware.perf@2.2-service: Unknown params
02-19 07:30:36.480  1234  1234 E vendor.qti.hardware.perf@2.2-service: Unknown params
02-19 07:30:36.480  1234  1234 E vendor.qti.hardware.perf@2.2-service: Unknown params
02-19 07:30:36.480  9807  9807 D CompassHeading: Adjusted azimuth after rotation: 36.93337708772477
02-19 07:30:36.481  9807  9807 D CompassHeading: Raw azimuth: 37.29948205742663
02-19 07:30:36.481  9807  9807 D CompassHeading: Adjusted azimuth after rotation: 37.29948205742663
02-19 07:30:36.481 16077 16109 I IPCThreadState: oneway function results for code 3 on binder at 0xb400007475f7aee0 will be dropped but finished with status UNKNOWN_TRANSACTION
02-19 07:30:36.481  2005  2325 D DisplayManagerService: Drop pending events for gone uid 10259
02-19 07:30:36.481  8054 23969 I IPCThreadState: oneway function results for code 3 on binder at 0xb400007475e91820 will be dropped but finished with status UNKNOWN_TRANSACTION
02-19 07:30:36.481  2005  3234 I MiuiNetworkPolicy: removeUidState uid = 10259
02-19 07:30:36.481  9807  9807 D CompassHeading: Emitting HeadingUpdated event with azimuth: 37
02-19 07:30:36.482  2005  3378 E ProcessManager: error write exception log
02-19 07:30:36.482  2005  2325 I NetworkBoostStatusManager: onUidGone uid: 10259
02-19 07:30:36.485  5055  5055 I BluetoothAdapterService: BT_FAST_SCAN AudioManager isPlaying: false mIsMusicPlaying false
02-19 07:30:36.489  6908  7026 E STFACEUNLOCK: /home/SENSETIME/liujie/Tetras/Jira/st_faceauth/src/unlockInterface/FaceUnlock2DInterFace.cpp(497): mean 2.663691 during auth， < threshold 43.000000
02-19 07:30:36.489  6908  7026 D FaceAuthManager: compare return 123
02-19 07:30:36.489  6908  7026 D miui.face.transplant: compare time =87; result：30
02-19 07:30:36.489  6908  7026 D miui.face.FaceService: onFaceHelp help:30
02-19 07:30:36.489  6908  7061 D miui.face.FaceService: onAcquired  curMonitor:com.miui.face.util.ClientMonitor@5ae67f6 msgId:30
02-19 07:30:36.489  6908  7026 D         : Yuv{width=640, height=480, format=35, crop=Rect(0, 0 - 640, 480), y=PlaneWrapper{width=640, height=480, buffer=java.nio.DirectByteBuffer[pos=0 lim=307200 cap=307200], rowStride=640, pixelStride=1}, u=PlaneWrapper{width=320, height=240, buffer=java.nio.DirectByteBuffer[pos=0 lim=153599 cap=153599], rowStride=640, pixelStride=2}, v=PlaneWrapper{width=320, height=240, buffer=java.nio.DirectByteBuffer[pos=0 lim=153599 cap=153599], rowStride=640, pixelStride=2}}
02-19 07:30:36.490  4171  4810 D MiuiFaceManager: mServiceReceiver callback: 202
02-19 07:30:36.490  6908  7026 D miui.face.transplant: receive preview frame time=1
02-19 07:30:36.490  6908  7026 D FaceAuth: image format is 3
02-19 07:30:36.490  6908  7026 D FaceAuth: image width is 640
02-19 07:30:36.490  6908  7026 D FaceAuth: image height is 480
02-19 07:30:36.490  6908  7026 D FaceAuth: image stride is 640
02-19 07:30:36.490  2005  2945 I ClipboardServiceI: checkProviderWakePathForClipboard: primaryClip is null
02-19 07:30:36.490   662   662 W lowmemorykiller: Failed to open /proc/28561/oom_score_adj; errno=2: process 28561 might have been killed
02-19 07:30:36.491  2005  2352 I libprocessgroup: Successfully killed process cgroup uid 6110 pid 11205 in 0ms
02-19 07:30:36.491  2000 14618 V CameraStub: getMipiError:303
02-19 07:30:36.492  2005  6493 I ActivityManager: Process com.google.android.apps.fitness (pid 28561) has died: cch+75 CEM 
02-19 07:30:36.492  2005  3378 E ProcessManager: error write exception log
02-19 07:30:36.492  1234  1234 E vendor.qti.hardware.perf@2.2-service: Unknown params
02-19 07:30:36.492  1234  1234 E vendor.qti.hardware.perf@2.2-service: Unknown params
02-19 07:30:36.492  1234  1234 E vendor.qti.hardware.perf@2.2-service: Unknown params
02-19 07:30:36.493  4171  4171 D DepthController: animConfig start -2147483648 -> 0
02-19 07:30:36.494  2005  2352 I libprocessgroup: Successfully killed process cgroup uid 10172 pid 4262 in 0ms
02-19 07:30:36.494  4171  4171 D MiuiFaceManager:  handleMessage  callback what:202
02-19 07:30:36.496  1221  1452 E SDM     : HWCSession::GetClientTargetProperty: GetClinetTargetProperty interface enter
02-19 07:30:36.497  8054 23969 I IPCThreadState: oneway function results for code 3 on binder at 0xb400007475e91820 will be dropped but finished with status UNKNOWN_TRANSACTION
02-19 07:30:36.497  2005  3234 I MiuiNetworkPolicy: removeUidState uid = 10579
02-19 07:30:36.497  2005  2325 D DisplayManagerService: Drop pending events for gone uid 10579
02-19 07:30:36.497 16077 16109 I IPCThreadState: oneway function results for code 3 on binder at 0xb400007475f7aee0 will be dropped but finished with status UNKNOWN_TRANSACTION
02-19 07:30:36.498  9807  9807 D CompassHeading: Raw azimuth: 37.26038946971206
02-19 07:30:36.499  9807  9807 D CompassHeading: Adjusted azimuth after rotation: 37.26038946971206
02-19 07:30:36.499  9807  9807 D CompassHeading: Raw azimuth: 37.136428366465495
02-19 07:30:36.499  9807  9807 D CompassHeading: Adjusted azimuth after rotation: 37.136428366465495
02-19 07:30:36.499  2005  3091 D MIUIInput: [MotionEvent] notifyMotion - eventTime=469966131185000, deviceId=4, source=0x1002, policyFlags=0x0, action=0x1, flags=0x0, downTime=469966009437000, moveCount:20
02-19 07:30:36.499  2005  3091 D MIUIInput: notifyMotion Pointer 0: id=0,x=154.699997, y=1071.599976
02-19 07:30:36.500  2005  3090 D MIUIInput: [MotionEvent] publisher action=0x1, deviceId=4, 469966131, channel '2322c46 NotificationShade (server)'
02-19 07:30:36.500  2005  3090 D MIUIInput: [MotionEvent] publisher action=0x1, deviceId=4, 469966131, channel '[Gesture Monitor] miui-gesture (server)'
02-19 07:30:36.502  4171  4171 D MIUIInput: [MotionEvent] ViewRootImpl windowName 'NotificationShade', { action=ACTION_UP, id[0]=0, pointerCount=1, eventTime=469966131, downTime=469966009, phoneEventTime=07:30:36.499 } moveCount:6
02-19 07:30:36.502  2005  2325 I NetworkBoostStatusManager: onUidGone uid: 10579
02-19 07:30:36.503  2005  2352 I libprocessgroup: Successfully killed process cgroup uid 10145 pid 9882 in 8ms
02-19 07:30:36.505  2005  2325 D PerfStubImpl: perfGetFeedback
02-19 07:30:36.505  1234  1234 E vendor.qti.hardware.perf@2.2-service: Unknown params
02-19 07:30:36.505  2014 18051 I ResourceManagerMetrics: pushConcurrentUsageReport: No Video Codec Entry for Application[pid(28561): uid(10579)]
02-19 07:30:36.506  2005  2325 D PerfStubImpl: perfHint
02-19 07:30:36.506  1234  1234 E vendor.qti.hardware.perf@2.2-service: Unknown params
02-19 07:30:36.506  2005  2352 I libprocessgroup: Successfully killed process cgroup uid 10191 pid 3605 in 0ms
02-19 07:30:36.507  2005  2352 I libprocessgroup: Successfully killed process cgroup uid 10172 pid 4262 in 0ms
02-19 07:30:36.507  2014 18051 I ResourceManagerMetrics: pushConcurrentUsageReport: Concurrent Codec Usage Report for the Process[pid(28561): uid(10579)] is Peak { AudioDec[ SW: 2 ] } Peak Pixels: 0
02-19 07:30:36.508  2005  2352 I libprocessgroup: Successfully killed process cgroup uid 10259 pid 7997 in 0ms
02-19 07:30:36.508  2005  2352 I libprocessgroup: Successfully killed process cgroup uid 10579 pid 28561 in 0ms
02-19 07:30:36.508  2005  2325 D PerfStubImpl: perfGetFeedback
02-19 07:30:36.508  2005  2352 I libprocessgroup: Successfully killed process cgroup uid 10191 pid 3605 in 0ms
02-19 07:30:36.508  1234  1234 E vendor.qti.hardware.perf@2.2-service: Unknown params
02-19 07:30:36.508  2005  2352 I libprocessgroup: Successfully killed process cgroup uid 6110 pid 11205 in 0ms
02-19 07:30:36.508  2005  2352 I libprocessgroup: Successfully killed process cgroup uid 10145 pid 9882 in 0ms
02-19 07:30:36.509  2005  2352 I libprocessgroup: Successfully killed process cgroup uid 10579 pid 28561 in 0ms
02-19 07:30:36.509  2005  2325 D PerfStubImpl: perfLockRelease
02-19 07:30:36.510  6908  7026 E STFACEUNLOCK: /home/SENSETIME/liujie/Tetras/Jira/st_faceauth/src/unlockInterface/FaceUnlock2DInterFace.cpp(497): mean 2.633894 during auth， < threshold 43.000000
02-19 07:30:36.511  6908  7026 D FaceAuthManager: compare return 123
02-19 07:30:36.511  6908  7026 D miui.face.transplant: compare time =21; result：30
02-19 07:30:36.511  6908  7026 D miui.face.FaceService: onFaceHelp help:30
02-19 07:30:36.511  6908  7061 D miui.face.FaceService: onAcquired  curMonitor:com.miui.face.util.ClientMonitor@5ae67f6 msgId:30
02-19 07:30:36.511  4171  4810 D MiuiFaceManager: mServiceReceiver callback: 202
02-19 07:30:36.511  6908  7026 D         : Yuv{width=640, height=480, format=35, crop=Rect(0, 0 - 640, 480), y=PlaneWrapper{width=640, height=480, buffer=java.nio.DirectByteBuffer[pos=0 lim=307200 cap=307200], rowStride=640, pixelStride=1}, u=PlaneWrapper{width=320, height=240, buffer=java.nio.DirectByteBuffer[pos=0 lim=153599 cap=153599], rowStride=640, pixelStride=2}, v=PlaneWrapper{width=320, height=240, buffer=java.nio.DirectByteBuffer[pos=0 lim=153599 cap=153599], rowStride=640, pixelStride=2}}
02-19 07:30:36.512  6908  7026 D miui.face.transplant: receive preview frame time=1
02-19 07:30:36.512  6908  7026 D FaceAuth: image format is 3
02-19 07:30:36.512  6908  7026 D FaceAuth: image width is 640
02-19 07:30:36.512  6908  7026 D FaceAuth: image height is 480
02-19 07:30:36.512  6908  7026 D FaceAuth: image stride is 640
02-19 07:30:36.513  4171  4171 D MiuiFaceManager:  handleMessage  callback what:202
02-19 07:30:36.513  1221  1452 E SDM     : HWCSession::GetClientTargetProperty: GetClinetTargetProperty interface enter
02-19 07:30:36.514  2087  9487 D BufferPoolAccessor2.0: bufferpool2 0xb40000770d64fe28 : 0(0 size) total buffers - 0(0 size) used buffers - 14/16 (recycle/alloc) - 2/15 (fetch/transfer)
02-19 07:30:36.515  2087  9487 D BufferPoolAccessor2.0: bufferpool2 0xb40000770d64ce28 : 0(0 size) total buffers - 0(0 size) used buffers - 14/16 (recycle/alloc) - 2/15 (fetch/transfer)
02-19 07:30:36.515  2087  9487 D BufferPoolAccessor2.0: Destruction - bufferpool2 0xb40000770d64ce28 cached: 0/0M, 0/0% in use; allocs: 16, 88% recycled; transfers: 15, 87% unfetched
02-19 07:30:36.515  2087  8560 D BufferPoolAccessor2.0: bufferpool2 0xb40000770d601628 : 0(0 size) total buffers - 0(0 size) used buffers - 14/16 (recycle/alloc) - 2/15 (fetch/transfer)
02-19 07:30:36.515  2087  8560 D BufferPoolAccessor2.0: Destruction - bufferpool2 0xb40000770d601628 cached: 0/0M, 0/0% in use; allocs: 16, 88% recycled; transfers: 15, 87% unfetched
02-19 07:30:36.515  2000 14618 V CameraStub: getMipiError:303
02-19 07:30:36.517  9807  9807 D CompassHeading: Raw azimuth: 37.104265005663905
02-19 07:30:36.517  9807  9807 D CompassHeading: Adjusted azimuth after rotation: 37.104265005663905
02-19 07:30:36.517  9807  9807 D CompassHeading: Raw azimuth: 36.65372523744236
02-19 07:30:36.517  9807  9807 D CompassHeading: Adjusted azimuth after rotation: 36.65372523744236
02-19 07:30:36.518   662   662 I lowmemorykiller: Kill 'tv.twitch.android.app' (31714), uid 10413, oom_score_adj 975 to free 74932kB rss, 56532kB swap; reason: cw
02-19 07:30:36.518  2005  2352 I libprocessgroup: Successfully killed process cgroup uid 1000 pid 6004 in 0ms
02-19 07:30:36.520  2087  8560 D BufferPoolAccessor2.0: bufferpool2 0xb40000771473f028 : 0(0 size) total buffers - 0(0 size) used buffers - 13/15 (recycle/alloc) - 2/14 (fetch/transfer)
02-19 07:30:36.520  2087  8560 D BufferPoolAccessor2.0: Destruction - bufferpool2 0xb40000771473f028 cached: 0/0M, 0/0% in use; allocs: 15, 87% recycled; transfers: 14, 86% unfetched
02-19 07:30:36.520  2087  8560 D BufferPoolAccessor2.0: Destruction - bufferpool2 0xb40000770d64fe28 cached: 0/0M, 0/0% in use; allocs: 16, 88% recycled; transfers: 15, 87% unfetched
02-19 07:30:36.522 14688 14801 W one.uninstaller: ClassLoaderContext classpath size mismatch. expected=1, found=0 (DLC[];PCL[base.apk*3268593477]{PCL[/system/framework/org.apache.http.legacy.jar*3296691471]#PCL[/system/framework/com.android.location.provider.jar*825940897]#PCL[/system/framework/com.android.media.remotedisplay.jar*2482779587]} | DLC[];PCL[])
02-19 07:30:36.525  6908  7026 E STFACEUNLOCK: /home/SENSETIME/liujie/Tetras/Jira/st_faceauth/src/unlockInterface/FaceUnlock2DInterFace.cpp(497): mean 2.585876 during auth， < threshold 43.000000
02-19 07:30:36.525  6908  7026 D FaceAuthManager: compare return 123
02-19 07:30:36.525  6908  7026 D miui.face.transplant: compare time =13; result：30
02-19 07:30:36.525  6908  7026 D miui.face.FaceService: onFaceHelp help:30
02-19 07:30:36.526  6908  7061 D miui.face.FaceService: onAcquired  curMonitor:com.miui.face.util.ClientMonitor@5ae67f6 msgId:30
02-19 07:30:36.526  4171  4810 D MiuiFaceManager: mServiceReceiver callback: 202
02-19 07:30:36.526  6908  7026 D         : Yuv{width=640, height=480, format=35, crop=Rect(0, 0 - 640, 480), y=PlaneWrapper{width=640, height=480, buffer=java.nio.DirectByteBuffer[pos=0 lim=307200 cap=307200], rowStride=640, pixelStride=1}, u=PlaneWrapper{width=320, height=240, buffer=java.nio.DirectByteBuffer[pos=0 lim=153599 cap=153599], rowStride=640, pixelStride=2}, v=PlaneWrapper{width=320, height=240, buffer=java.nio.DirectByteBuffer[pos=0 lim=153599 cap=153599], rowStride=640, pixelStride=2}}
02-19 07:30:36.527  6908  7026 D miui.face.transplant: receive preview frame time=2
02-19 07:30:36.527  6908  7026 D FaceAuth: image format is 3
02-19 07:30:36.527  6908  7026 D FaceAuth: image width is 640
02-19 07:30:36.527  6908  7026 D FaceAuth: image height is 480
02-19 07:30:36.527  4171  4171 D MiuiFaceManager:  handleMessage  callback what:202
02-19 07:30:36.527  6908  7026 D FaceAuth: image stride is 640
02-19 07:30:36.529  1137  2876 I OV16A1Q : lineCount 0x2df5 , frameLengthLines 0x2008
02-19 07:30:36.530  1221  1452 E SDM     : HWCSession::GetClientTargetProperty: GetClinetTargetProperty interface enter
02-19 07:30:36.533  1137  2878 E [ AIASD ]: Invalid argument: output numberOfPlanes is smaller than input
02-19 07:30:36.538  9807  9807 D CompassHeading: Raw azimuth: 36.61849512170343
02-19 07:30:36.538  9807  9807 D CompassHeading: Adjusted azimuth after rotation: 36.61849512170343
02-19 07:30:36.539  9807  9807 D CompassHeading: Raw azimuth: 36.13542999265428
02-19 07:30:36.539  9807  9807 D CompassHeading: Adjusted azimuth after rotation: 36.13542999265428
02-19 07:30:36.540  6908  7026 E STFACEUNLOCK: /home/SENSETIME/liujie/Tetras/Jira/st_faceauth/src/unlockInterface/FaceUnlock2DInterFace.cpp(497): mean 10.121995 during auth， < threshold 43.000000
02-19 07:30:36.540  6908  7026 D FaceAuthManager: compare return 123
02-19 07:30:36.540  6908  7026 D miui.face.transplant: compare time =13; result：30
02-19 07:30:36.540  6908  7026 D miui.face.FaceService: onFaceHelp help:30
02-19 07:30:36.540  6908  7061 D miui.face.FaceService: onAcquired  curMonitor:com.miui.face.util.ClientMonitor@5ae67f6 msgId:30
02-19 07:30:36.541  4171  4810 D MiuiFaceManager: mServiceReceiver callback: 202
02-19 07:30:36.542  6908  7026 D         : Yuv{width=640, height=480, format=35, crop=Rect(0, 0 - 640, 480), y=PlaneWrapper{width=640, height=480, buffer=java.nio.DirectByteBuffer[pos=0 lim=307200 cap=307200], rowStride=640, pixelStride=1}, u=PlaneWrapper{width=320, height=240, buffer=java.nio.DirectByteBuffer[pos=0 lim=153599 cap=153599], rowStride=640, pixelStride=2}, v=PlaneWrapper{width=320, height=240, buffer=java.nio.DirectByteBuffer[pos=0 lim=153599 cap=153599], rowStride=640, pixelStride=2}}
02-19 07:30:36.542  6908  7026 D miui.face.transplant: receive preview frame time=2
02-19 07:30:36.542  6908  7026 D FaceAuth: image format is 3
02-19 07:30:36.542  6908  7026 D FaceAuth: image width is 640
02-19 07:30:36.542  6908  7026 D FaceAuth: image height is 480
02-19 07:30:36.542  6908  7026 D FaceAuth: image stride is 640
02-19 07:30:36.543  2000 14618 V CameraStub: getMipiError:303
02-19 07:30:36.546  1221  1452 E SDM     : HWCSession::GetClientTargetProperty: GetClinetTargetProperty interface enter
02-19 07:30:36.548  1135  5432 D vendor.qti.bluetooth@1.0-wake_lock: Release wakelock is released 
02-19 07:30:36.552  4171  4171 I FalsingManager: {belief=0.005960904008975809 confidence=1.0}
02-19 07:30:36.552  4171  4171 D MiuiFaceManager:  handleMessage  callback what:202
02-19 07:30:36.555  2005  6448 I ActivityManager: Process com.miui.securitycenter (pid 6004) has died: cch+65 CEM 
02-19 07:30:36.555  9807  9807 D CompassHeading: Raw azimuth: 35.86316157686465
02-19 07:30:36.555  9807  9807 D CompassHeading: Adjusted azimuth after rotation: 35.86316157686465
02-19 07:30:36.556  1234  1234 E vendor.qti.hardware.perf@2.2-service: Unknown params
02-19 07:30:36.556  1234  1234 E vendor.qti.hardware.perf@2.2-service: Unknown params
02-19 07:30:36.556  2005  3378 E ProcessManager: error write exception log
02-19 07:30:36.556  1234  1234 E vendor.qti.hardware.perf@2.2-service: Unknown params
02-19 07:30:36.556  9807  9807 D CompassHeading: Emitting HeadingUpdated event with azimuth: 35
02-19 07:30:36.556  9807  9807 D CompassHeading: Raw azimuth: 35.84108982056175
02-19 07:30:36.556  9807  9807 D CompassHeading: Adjusted azimuth after rotation: 35.84108982056175
02-19 07:30:36.558 14688 14688 D nativeloader: Load /data/app/~~FI230-L3nWqu_0CKwf3aSQ==/com.a0soft.gphone.uninstaller-yhlEfGgcbrP44i6yrwzUjQ==/split_config.arm64_v8a.apk!/lib/arm64-v8a/libdatastore_shared_counter.so using class loader ns clns-4 (caller=/data/app/~~FI230-L3nWqu_0CKwf3aSQ==/com.a0soft.gphone.uninstaller-yhlEfGgcbrP44i6yrwzUjQ==/base.apk!classes4.dex): ok
02-19 07:30:36.558 16077 16109 I IPCThreadState: oneway function results for code 3 on binder at 0xb400007475f7aee0 will be dropped but finished with status UNKNOWN_TRANSACTION
02-19 07:30:36.559  8054 23969 I IPCThreadState: oneway function results for code 3 on binder at 0xb400007475e91820 will be dropped but finished with status UNKNOWN_TRANSACTION
02-19 07:30:36.563  1221  1452 E SDM     : HWCSession::GetClientTargetProperty: GetClinetTargetProperty interface enter
02-19 07:30:36.563   972   972 I Zygote  : Process 6004 exited due to signal 9 (Killed)
02-19 07:30:36.565  6908  7026 E STFACEUNLOCK: /home/SENSETIME/liujie/Tetras/Jira/st_faceauth/src/unlockInterface/FaceUnlock2DInterFace.cpp(497): mean 39.891571 during auth， < threshold 43.000000
02-19 07:30:36.565  6908  7026 D FaceAuthManager: compare return 123
02-19 07:30:36.565  6908  7026 D miui.face.transplant: compare time =23; result：30
02-19 07:30:36.565  6908  7026 D miui.face.FaceService: onFaceHelp help:30
02-19 07:30:36.565  6908  7061 D miui.face.FaceService: onAcquired  curMonitor:com.miui.face.util.ClientMonitor@5ae67f6 msgId:30
02-19 07:30:36.565  4171  4810 D MiuiFaceManager: mServiceReceiver callback: 202
02-19 07:30:36.563  2005  2352 I libprocessgroup: Successfully killed process cgroup uid 1000 pid 6004 in 0ms
02-19 07:30:36.568  2005  2328 W ActivityManager: setHasOverlayUi called on unknown pid: 6004
02-19 07:30:36.571  2005  2352 I libprocessgroup: Successfully killed process cgroup uid 10413 pid 31714 in 0ms
02-19 07:30:36.574  9807  9807 D CompassHeading: Raw azimuth: 35.884963540695324
02-19 07:30:36.574  9807  9807 D CompassHeading: Adjusted azimuth after rotation: 35.884963540695324
02-19 07:30:36.576  9807  9807 D CompassHeading: Raw azimuth: 35.880267785640946
02-19 07:30:36.576  9807  9807 D CompassHeading: Adjusted azimuth after rotation: 35.880267785640946
02-19 07:30:36.578  4171  4171 D MiuiFaceManager:  handleMessage  callback what:202
02-19 07:30:36.578  1221  1452 E SDM     : HWCSession::GetClientTargetProperty: GetClinetTargetProperty interface enter
02-19 07:30:36.581 14688 14801 W System  : ClassLoader referenced unknown path: 
02-19 07:30:36.583 14688 14801 D nativeloader: Configuring clns-5 for other apk . target_sdk_version=36, uses_libraries=, library_path=/data/app/~~97YOTJCXHQcBbVMwHxU-uQ==/com.google.android.gms-8rhPOm5yT0HSOc8HldDF5g==/lib/arm64:/data/app/~~97YOTJCXHQcBbVMwHxU-uQ==/com.google.android.gms-8rhPOm5yT0HSOc8HldDF5g==/base.apk!/lib/arm64-v8a, permitted_path=/data:/mnt/expand:/data/user/0/com.google.android.gms
02-19 07:30:36.592  2005  5052 D FileUtils: Rounded bytes from 7570821120 to 8000000000
02-19 07:30:36.592  1137  2891 E CamX    : [ERROR][NCS    ] camxncsintfqsee.cpp:2555 FillSensorData() Invalid sensor index -1
02-19 07:30:36.592  1362  1362 D RefreshRateSelector: Touch Boost
02-19 07:30:36.592  1362  1362 D MI-SF   : mIsSupportAutomodeForMaxFpsSetting is 0(0), getCurrentBrightness() = 299(653), mIsKeepAutoMode 0
02-19 07:30:36.592  1362  1362 D RefreshRateSelector: fixedMode_group: 0, isFindModeGroup 0
02-19 07:30:36.592  1362  1362 D RefreshRateSelector: find max refresh rate:60, mode Group:0
02-19 07:30:36.592  9807  9807 D CompassHeading: Raw azimuth: 36.1567675036214
02-19 07:30:36.592  9807  9807 D CompassHeading: Adjusted azimuth after rotation: 36.1567675036214
02-19 07:30:36.593  9807  9807 D CompassHeading: Emitting HeadingUpdated event with azimuth: 36
02-19 07:30:36.593  1221  1452 E SDM     : HWCSession::GetClientTargetProperty: GetClinetTargetProperty interface enter
02-19 07:30:36.597  9807  9807 D CompassHeading: Raw azimuth: 36.14957189933079
02-19 07:30:36.597  9807  9807 D CompassHeading: Adjusted azimuth after rotation: 36.14957189933079
02-19 07:30:36.598  2005  3248 D ConnectivityService: releasing NetworkRequest [ REQUEST id=65424, [ Capabilities: INTERNET&NOT_RESTRICTED&TRUSTED&NOT_VCN_MANAGED Uid: 10413 RequestorUid: 10413 RequestorPkg: tv.twitch.android.app UnderlyingNetworks: Null] ] (release request)
02-19 07:30:36.599   972   972 I Zygote  : Process 31714 exited due to signal 9 (Killed)
02-19 07:30:36.599  2005  6469 I ActivityManager: Process tv.twitch.android.app (pid 31714) has died: cch+15 CEM 
02-19 07:30:36.600  2005  2352 I libprocessgroup: Successfully killed process cgroup uid 10413 pid 31714 in 0ms
02-19 07:30:36.601  1234  1234 E vendor.qti.hardware.perf@2.2-service: Unknown params
02-19 07:30:36.601  1234  1234 E vendor.qti.hardware.perf@2.2-service: Unknown params
02-19 07:30:36.601  1234  1234 E vendor.qti.hardware.perf@2.2-service: Unknown params
02-19 07:30:36.601  2005  3378 E ProcessManager: error write exception log
02-19 07:30:36.604  2005  2325 D DisplayManagerService: Drop pending events for gone uid 10413
02-19 07:30:36.604 16077 16109 I IPCThreadState: oneway function results for code 3 on binder at 0xb400007475f7aee0 will be dropped but finished with status UNKNOWN_TRANSACTION
02-19 07:30:36.604  2005  2325 I NetworkBoostStatusManager: onUidGone uid: 10413
02-19 07:30:36.605  8054 23969 I IPCThreadState: oneway function results for code 3 on binder at 0xb400007475e91820 will be dropped but finished with status UNKNOWN_TRANSACTION
02-19 07:30:36.605  2005  3234 I MiuiNetworkPolicy: removeUidState uid = 10413
02-19 07:30:36.609  1221  1452 E SDM     : HWCSession::GetClientTargetProperty: GetClinetTargetProperty interface enter
02-19 07:30:36.613  9807  9807 D CompassHeading: Raw azimuth: 36.53364026654978
02-19 07:30:36.613  9807  9807 D CompassHeading: Adjusted azimuth after rotation: 36.53364026654978
02-19 07:30:36.615  1870  1870 I adbd    : Remote process closed the socket (on MSG_PEEK)
02-19 07:30:36.616  9807  9807 D CompassHeading: Raw azimuth: 36.534818474181606
02-19 07:30:36.616  9807  9807 D CompassHeading: Adjusted azimuth after rotation: 36.534818474181606
02-19 07:30:36.618  2005  2944 D FileUtils: Rounded bytes from 7570821120 to 8000000000
02-19 07:30:36.626  1221  1452 E SDM     : HWCSession::GetClientTargetProperty: GetClinetTargetProperty interface enter
02-19 07:30:36.630  9807  9807 D CompassHeading: Raw azimuth: 36.857579063410554
02-19 07:30:36.631  9807  9807 D CompassHeading: Adjusted azimuth after rotation: 36.857579063410554
02-19 07:30:36.631  2005  6307 D FileUtils: Rounded bytes from 7570821120 to 8000000000
02-19 07:30:36.632  1137  2875 I OV16A1Q : lineCount 0x2df5 , frameLengthLines 0x2008
02-19 07:30:36.636  2005  2944 I ActivityManager: Flag disabled. Ignoring finishAttachApplication from uid: 10570. pid: 14688
02-19 07:30:36.636  9807  9807 D CompassHeading: Raw azimuth: 36.85045517610624
02-19 07:30:36.636  9807  9807 D CompassHeading: Adjusted azimuth after rotation: 36.85045517610624
02-19 07:30:36.637 10762 10762 D TouchInteractionService: onSystemUiFlagsChanged, mSystemUiStateFlags=100001c0
02-19 07:30:36.637 10762 10762 D NavStubView_Touch: onSystemUiFlagsChanged  mIsShowStatusBar    old= true   new=true
02-19 07:30:36.637 10762 10762 D NavStubView_Touch: onSystemUiFlagsChanged  mIsShowNavBar    old= true   new=true
02-19 07:30:36.637 10762 10762 D NavStubView_Touch: onSystemUiFlagsChanged  isImmersiveNew    old= false   new=false
02-19 07:30:36.637 10762 10762 D NavStubView_Touch: onSystemUiFlagsChanged, mDisableHomeRecents = true, disableHomeRecents = true, isHomeDisabled = true, isRecentDisabled = true
02-19 07:30:36.638 14688 14791 D CompatibilityChangeReporter: Compat change id reported: 263076149; UID 10570; state: ENABLED
02-19 07:30:36.639  1137  2880 E [ AIASD ]: Invalid argument: output numberOfPlanes is smaller than input
02-19 07:30:36.639  4171  4171 D KeyguardViewMediator: readyForKeyguardDone
02-19 07:30:36.643 14688 14801 W one.uninstaller: ClassLoaderContext classpath element checksum mismatch. expected=3268593477, found=2784152979 (DLC[];PCL[base.apk*3268593477]{PCL[/system/framework/org.apache.http.legacy.jar*3296691471]#PCL[/system/framework/com.android.location.provider.jar*825940897]#PCL[/system/framework/com.android.media.remotedisplay.jar*2482779587]} | DLC[];PCL[/data/app/~~FI230-L3nWqu_0CKwf3aSQ==/com.a0soft.gphone.uninstaller-yhlEfGgcbrP44i6yrwzUjQ==/base.apk*2784152979])
02-19 07:30:36.645  4171  4171 D QS      : setListening false
02-19 07:30:36.645  4171  4171 D QS      : setExpanded false
02-19 07:30:36.646  4171  4171 E LockScreenMagazinePreView: getFullScreenLayout()  mRemoteFullScreenView:null
02-19 07:30:36.646  2005  2325 D MiuiScreenOnProximityLock: far from the screen for a certain time, release proximity sensor...
02-19 07:30:36.646  4171  4171 E LockScreenMagazinePreView: getFullScreenLayout()  mRemoteFullScreenView:null
02-19 07:30:36.646  1221  1452 E SDM     : HWCSession::GetClientTargetProperty: GetClinetTargetProperty interface enter
02-19 07:30:36.647  4171  4171 D KeyguardViewMediator: readyForKeyguardDone
02-19 07:30:36.647  4171  4171 D KeyguardViewMediator: adjustStatusBarLocked: mShowing=true mOccluded=false isSecure=true force=true mPowerGestureIntercepted=false --> flags=0x1600000 mUserId=0
02-19 07:30:36.647  6908  7026 D         : Yuv{width=640, height=480, format=35, crop=Rect(0, 0 - 640, 480), y=PlaneWrapper{width=640, height=480, buffer=java.nio.DirectByteBuffer[pos=0 lim=307200 cap=307200], rowStride=640, pixelStride=1}, u=PlaneWrapper{width=320, height=240, buffer=java.nio.DirectByteBuffer[pos=0 lim=153599 cap=153599], rowStride=640, pixelStride=2}, v=PlaneWrapper{width=320, height=240, buffer=java.nio.DirectByteBuffer[pos=0 lim=153599 cap=153599], rowStride=640, pixelStride=2}}
02-19 07:30:36.649  2000 14618 V CameraStub: getMipiError:303
02-19 07:30:36.650  9807  9807 D CompassHeading: Raw azimuth: 36.84181498680617
02-19 07:30:36.650  9807  9807 D CompassHeading: Adjusted azimuth after rotation: 36.84181498680617
02-19 07:30:36.653 10762 10762 D TouchInteractionService: onSystemUiFlagsChanged, mSystemUiStateFlags=100001c8
02-19 07:30:36.653  4171  4171 D CentralSurfaces: Received new disable state: enaiHBcRso.qingr (unchanged)
02-19 07:30:36.653  4171  4171 D CollapsedStatusBarFragment: adjustDisableFlags: ShadeExpansionState = 0 mHideIconsForBouncer = true mWereIconsJustHidden = false, mWakeUpCoordinator.getNotificationsFullyHidden = false, mIsExpanded = false, mBypassController.getBypassEnabled = false, mStatusBarStateController.getState() = 1, mKeyguardStateController.isKeyguardGoingAway() = false, mHeadsUpManager.hasPinnedHeadsUp = false, mControlPanelExpand = false
02-19 07:30:36.653 10762 10762 D NavStubView_Touch: onSystemUiFlagsChanged  mIsShowStatusBar    old= true   new=true
02-19 07:30:36.653 10762 10762 D NavStubView_Touch: onSystemUiFlagsChanged  mIsShowNavBar    old= true   new=true
02-19 07:30:36.653  4171  4171 D ControlCenter: disable1: 0x01600000 -> 0x01600000 (diff1: 0x00000000)
02-19 07:30:36.653 10762 10762 D NavStubView_Touch: onSystemUiFlagsChanged  isImmersiveNew    old= false   new=false
02-19 07:30:36.653  4171  4171 D ControlCenter: disable2: 0x00000000 -> 0x00000000 (diff2: 0x00000000)
02-19 07:30:36.653 10762 10762 D NavStubView_Touch: onSystemUiFlagsChanged, mDisableHomeRecents = true, disableHomeRecents = true, isHomeDisabled = true, isRecentDisabled = true
02-19 07:30:36.653  4171  4171 D CentralSurfaces: Received new disable state: enaiHBcRso.qingr (unchanged)
02-19 07:30:36.653  4171  4171 D CollapsedStatusBarFragment: adjustDisableFlags: ShadeExpansionState = 0 mHideIconsForBouncer = true mWereIconsJustHidden = false, mWakeUpCoordinator.getNotificationsFullyHidden = false, mIsExpanded = false, mBypassController.getBypassEnabled = false, mStatusBarStateController.getState() = 1, mKeyguardStateController.isKeyguardGoingAway() = false, mHeadsUpManager.hasPinnedHeadsUp = false, mControlPanelExpand = false
02-19 07:30:36.653  4171  4171 D ControlCenter: disable1: 0x01600000 -> 0x01600000 (diff1: 0x00000000)
02-19 07:30:36.653  4171  4171 D ControlCenter: disable2: 0x00000000 -> 0x00000000 (diff2: 0x00000000)
02-19 07:30:36.653  4171  4171 D CentralSurfaces: Received new disable state: enaiHBcRso.qingr (unchanged)
02-19 07:30:36.653  4171  4171 D CollapsedStatusBarFragment: adjustDisableFlags: ShadeExpansionState = 0 mHideIconsForBouncer = true mWereIconsJustHidden = false, mWakeUpCoordinator.getNotificationsFullyHidden = false, mIsExpanded = false, mBypassController.getBypassEnabled = false, mStatusBarStateController.getState() = 1, mKeyguardStateController.isKeyguardGoingAway() = false, mHeadsUpManager.hasPinnedHeadsUp = false, mControlPanelExpand = false
02-19 07:30:36.653  4171  4171 D ControlCenter: disable1: 0x01600000 -> 0x01600000 (diff1: 0x00000000)
02-19 07:30:36.654  4171  4171 D ControlCenter: disable2: 0x00000000 -> 0x00000000 (diff2: 0x00000000)
02-19 07:30:36.654  6908  7026 D miui.face.transplant: receive preview frame time=89
02-19 07:30:36.654  6908  7026 D FaceAuth: image format is 3
02-19 07:30:36.654  6908  7026 D FaceAuth: image width is 640
02-19 07:30:36.654  6908  7026 D FaceAuth: image height is 480
02-19 07:30:36.654  6908  7026 D FaceAuth: image stride is 640
02-19 07:30:36.657  9807  9807 D CompassHeading: Raw azimuth: 36.840995364105765
02-19 07:30:36.657  9807  9807 D CompassHeading: Adjusted azimuth after rotation: 36.840995364105765
02-19 07:30:36.658  2005  6469 W ActivityManagerServiceImpl: Sending non-protected broadcast com.android.systemui.fsgesture from system 4171:com.android.systemui/1000 pkg com.android.systemui. Callers=
02-19 07:30:36.662  1221  1452 E SDM     : HWCSession::GetClientTargetProperty: GetClinetTargetProperty interface enter
02-19 07:30:36.664 14688 14688 D FramePredict: FramePredict init: false
02-19 07:30:36.664  4171  4171 D LockScreenMagazineClient: hideOverlay animate=true;mOverlay=null
02-19 07:30:36.666 10762 29678 W RecentsImpl: updateFsgWindowVisibilityState   isEnter=false   typeFrom=typefrom_keyguard   isOpen=true   mIsInAnotherPro=false   mIsStatusBarExpansion=false
02-19 07:30:36.667 10762 11601 D RecentsImpl: showBackStubWindow  hasNavigationBar=true
02-19 07:30:36.667 10762 10762 D RecentsImpl: showNavStubView
02-19 07:30:36.668 10762 10762 D NavStubView_Touch: setKeepHidden    old=true   new=false
02-19 07:30:36.668 10762 10762 D NavStubView_Touch: updateTouchable    old=true   new=true
02-19 07:30:36.668 10762 11601 D GestureStubView_Touch: setKeepHidden    old=true   new=false
02-19 07:30:36.668 10762 11601 D GestureStubView_Touch: updateTouchable    old=true   new=true
02-19 07:30:36.668 10762 11601 W GestureStubView: adaptRotation   currentRotation=0   mRotation=0
02-19 07:30:36.668 10762 11601 D GestureStubView: resetRenderProperty: showGestureStub   isLayoutParamChanged=false
02-19 07:30:36.669  9807  9807 D CompassHeading: Raw azimuth: 36.540637795354456
02-19 07:30:36.669  9807  9807 D CompassHeading: Adjusted azimuth after rotation: 36.540637795354456
02-19 07:30:36.669 10762 11601 D GestureStubView_Touch: disableTouch    old=true   new=false
02-19 07:30:36.669 10762 11601 D GestureStubView_Touch: updateTouchable    old=true   new=false
02-19 07:30:36.669 10762 11601 D GestureStubView_Touch:   updateTouchable---requestApplyInsets
02-19 07:30:36.669 10762 11601 D GestureStubView: showGestureStub
02-19 07:30:36.669 10762 11601 D GestureStubView_Touch: setKeepHidden    old=true   new=false
02-19 07:30:36.669 10762 11601 D GestureStubView_Touch: updateTouchable    old=true   new=true
02-19 07:30:36.670 10762 11601 W GestureStubView: adaptRotation   currentRotation=0   mRotation=0
02-19 07:30:36.670 10762 11601 D GestureStubView: resetRenderProperty: showGestureStub   isLayoutParamChanged=false
02-19 07:30:36.670 10762 11601 D GestureStubView_Touch: disableTouch    old=true   new=false
02-19 07:30:36.670 10762 11601 D GestureStubView_Touch: updateTouchable    old=true   new=false
02-19 07:30:36.670 10762 11601 D GestureStubView_Touch:   updateTouchable---requestApplyInsets
02-19 07:30:36.670 10762 11601 D GestureStubView: showGestureStub
02-19 07:30:36.671 14688 14688 W Looper  : PerfMonitor doFrame : time=7ms vsyncFrame=26122824 latency=354ms procState=-1 historyMsgCount=4 (msgIndex=1 wall=942ms seq=2 running=143ms runnable=422ms io=83ms reclaim=149ms late=1ms h=android.app.ActivityThread$H w=110)
02-19 07:30:36.671 14688 14688 D LicenseClient: Connecting to the licensing service...
02-19 07:30:36.675 10762 11601 D GestureStubView: gatherTransparentRegion: need render w:54  h:1440
02-19 07:30:36.675 10762 11601 D GestureStubView: gatherTransparentRegion: need render w:54  h:1440
02-19 07:30:36.676  9807  9807 D CompassHeading: Raw azimuth: 36.537803266848904
02-19 07:30:36.677  9807  9807 D CompassHeading: Adjusted azimuth after rotation: 36.537803266848904
02-19 07:30:36.677  2005  9974 D CompatibilityChangeReporter: Compat change id reported: 261072174; UID 10570; state: ENABLED
02-19 07:30:36.680  1221  1452 E SDM     : HWCSession::GetClientTargetProperty: GetClinetTargetProperty interface enter
02-19 07:30:36.687 14688 14688 D LicenseClient: Connected to the licensing service.
02-19 07:30:36.688  1174 14564 I sensors-hal: handle_sns_std_sensor_event:57, light_event: ts=754571562097477, lux: 9.0, extra_info=9 
02-19 07:30:36.689  4171  4171 D KeyguardPanelViewInjector: updateKeyguardElementsVisibility isExitingToKeyguard = false, isOnKeyguard = true, isOnShadeLocked = false, isWallpaperMattingSupport = false
02-19 07:30:36.689  4171  4171 D MiuiFaceManager: inernational:true supportR:[ALL] nowR:TR
02-19 07:30:36.689  4171  4171 D MiuiFaceManager: inernational:true supportR:[ALL] nowR:TR
02-19 07:30:36.689  9807  9807 D CompassHeading: Raw azimuth: 36.215128054984575
02-19 07:30:36.689  9807  9807 D CompassHeading: Adjusted azimuth after rotation: 36.215128054984575
02-19 07:30:36.690  4171  4171 I KeyguardViewMediator: getBouncerPromptReason trust = false biometrics = true bleUnlock = false strongAuth = 0
02-19 07:30:36.691  4171  4171 D MiuiFaceManager: inernational:true supportR:[ALL] nowR:TR
02-19 07:30:36.691  4171  4171 D MiuiFaceManager: inernational:true supportR:[ALL] nowR:TR
02-19 07:30:36.691  4171  4171 D MiuiFaceManager: inernational:true supportR:[ALL] nowR:TR
02-19 07:30:36.696  9807  9807 D CompassHeading: Raw azimuth: 36.21065428107821
02-19 07:30:36.696  9807  9807 D CompassHeading: Adjusted azimuth after rotation: 36.21065428107821
02-19 07:30:36.697  4171  4171 W WindowOnBackDispatcher: OnBackInvokedCallback is not enabled for the application.
02-19 07:30:36.697  4171  4171 W WindowOnBackDispatcher: Set 'android:enableOnBackInvokedCallback="true"' in the application manifest.
02-19 07:30:36.697  1221  1452 E SDM     : HWCSession::GetClientTargetProperty: GetClinetTargetProperty interface enter
02-19 07:30:36.697  4171  4171 D backgroundBlur: enablePassWindowBlur disable com.android.systemui.shade.NotificationShadeWindowView
02-19 07:30:36.706 14688 14839 D LicenseClient: Sending request to license reporting service...
02-19 07:30:36.708  4171  4171 I NotificationPanelView: doBlurAndDim: ratio = 0.2529909
02-19 07:30:36.708  9807  9807 D CompassHeading: Raw azimuth: 36.02611623008281
02-19 07:30:36.708  9807  9807 D CompassHeading: Adjusted azimuth after rotation: 36.02611623008281
02-19 07:30:36.709  4171  4171 D KeyguardViewMediator: handleKeyguardDoneDrawing
02-19 07:30:36.709  1221  1452 E SDM     : HWCSession::GetClientTargetProperty: GetClinetTargetProperty interface enter
02-19 07:30:36.717  9807  9807 D CompassHeading: Raw azimuth: 36.03065489078628
02-19 07:30:36.717  9807  9807 D CompassHeading: Adjusted azimuth after rotation: 36.03065489078628
02-19 07:30:36.723  2005  2343 D AppWidgetServiceImpl: Provider info from ComponentInfo{com.facebook.katana/com.facebook.notifications.appwidget.MediumNotificationsWidgetProvider} won't be persisted.
02-19 07:30:36.724  4171  4171 D backgroundBlur: enablePassWindowBlur disable com.android.systemui.shade.NotificationShadeWindowView
02-19 07:30:36.725  1221  1452 E SDM     : HWCSession::GetClientTargetProperty: GetClinetTargetProperty interface enter
02-19 07:30:36.728  2005  2343 D AppWidgetServiceImpl: Provider info from ComponentInfo{com.facebook.katana/com.facebook.notifications.appwidget.SmallNotificationsWidgetProvider} won't be persisted.
02-19 07:30:36.729  9807  9807 D CompassHeading: Raw azimuth: 35.96663552769576
02-19 07:30:36.729  9807  9807 D CompassHeading: Adjusted azimuth after rotation: 35.96663552769576
02-19 07:30:36.730  1137  2877 I OV16A1Q : lineCount 0x2df5 , frameLengthLines 0x2008
02-19 07:30:36.732  1362  2729 I BpBinder: onLastStrongRef automatically unlinking death recipients: 
02-19 07:30:36.733  2005  2343 D AppWidgetServiceImpl: Provider info from ComponentInfo{com.spotify.music/com.spotify.widget.widget.widgetimpl.SpotifyWidget} won't be persisted.
02-19 07:30:36.733  2005  2343 D AppWidgetServiceImpl: Provider info from ComponentInfo{com.spotify.music/com.spotify.proactiveplatforms.npvwidget.CoverScreenWidgetProvider} won't be persisted.
02-19 07:30:36.737  9807  9807 D CompassHeading: Raw azimuth: 35.953545470151425
02-19 07:30:36.737  9807  9807 D CompassHeading: Adjusted azimuth after rotation: 35.953545470151425
02-19 07:30:36.738  4171  4171 I NotificationPanelView: doBlurAndDim: ratio = 0.4415941
02-19 07:30:36.738  4171  4171 W FrameTracker: Missing HWUI jank callback for vsyncId: 368082262, CUJ=J<NOTIFICATION_SHADE_EXPAND_COLLAPSE::Collapse>
02-19 07:30:36.738  4171  4171 W FrameTracker: Missing HWUI jank callback for vsyncId: 368082349, CUJ=J<NOTIFICATION_SHADE_EXPAND_COLLAPSE::Collapse>
02-19 07:30:36.738  1137  2875 E [ AIASD ]: Invalid argument: output numberOfPlanes is smaller than input
02-19 07:30:36.741  4171  4171 D backgroundBlur: enablePassWindowBlur disable com.android.systemui.shade.NotificationShadeWindowView
02-19 07:30:36.742  4171  4171 I NotificationPanelView: doBlurAndDim: ratio = 0.5981225
02-19 07:30:36.742  1221  1452 E SDM     : HWCSession::GetClientTargetProperty: GetClinetTargetProperty interface enter
02-19 07:30:36.746  1362  1362 I MI-SF   : surfaceflinger setAffinity mode=1
02-19 07:30:36.746  1362  1362 I MI-SF   : surfaceflinger setreAffinity reTid=1527
02-19 07:30:36.747  9807  9807 D CompassHeading: Raw azimuth: 36.064553119637054
02-19 07:30:36.747  9807  9807 D CompassHeading: Adjusted azimuth after rotation: 36.064553119637054
02-19 07:30:36.749  2000 14618 V CameraStub: getMipiError:303
02-19 07:30:36.756  4171  4815 W System.err: android.provider.Settings$SettingNotFoundException: display_density_forced
02-19 07:30:36.756  9807  9807 D CompassHeading: Raw azimuth: 36.06204302511708
02-19 07:30:36.756  9807  9807 D CompassHeading: Adjusted azimuth after rotation: 36.06204302511708
02-19 07:30:36.757  4171  4171 D backgroundBlur: enablePassWindowBlur disable com.android.systemui.shade.NotificationShadeWindowView
02-19 07:30:36.758  4171  4171 I NotificationPanelView: doBlurAndDim: ratio = 0.7112826
02-19 07:30:36.759  1221  1452 E SDM     : HWCSession::GetClientTargetProperty: GetClinetTargetProperty interface enter
02-19 07:30:36.765  9807  9807 D CompassHeading: Raw azimuth: 36.516380378517155
02-19 07:30:36.765  9807  9807 D CompassHeading: Adjusted azimuth after rotation: 36.516380378517155
02-19 07:30:36.773  4171  4815 W System.err: 	at android.provider.Settings.parseIntSetting(Settings.java:3703)
02-19 07:30:36.773  4171  4815 W System.err: 	at android.provider.Settings.-$$Nest$smparseIntSetting(Unknown Source:0)
02-19 07:30:36.773  4171  4815 W System.err: 	at android.provider.Settings$Secure.getIntForUser(Settings.java:6717)
02-19 07:30:36.773  4171  4815 W System.err: 	at android.provider.Settings$Secure.getInt(Settings.java:6710)
02-19 07:30:36.773  4171  4815 W System.err: 	at com.miui.keyguard.biometrics.faceunlock.MiuiKeyguardFaceUnlockView.handlerAccessibilityTopMargin(go/retraceme 2fbb4b342f87460cb83f265508321d95def92a308e7534f39240a15809d879a3:166)
02-19 07:30:36.773  4171  4815 W System.err: 	at com.miui.keyguard.biometrics.faceunlock.MiuiKeyguardFaceUnlockView.onFinishInflate(go/retraceme 2fbb4b342f87460cb83f265508321d95def92a308e7534f39240a15809d879a3:36)
02-19 07:30:36.773  4171  4815 W System.err: 	at android.view.LayoutInflater.rInflate(LayoutInflater.java:1166)
02-19 07:30:36.773  4171  4815 W System.err: 	at android.view.LayoutInflater.rInflateChildren(LayoutInflater.java:1109)
02-19 07:30:36.773  4171  4815 W System.err: 	at android.view.LayoutInflater.parseInclude(LayoutInflater.java:1293)
02-19 07:30:36.773  4171  4815 W System.err: 	at android.view.LayoutInflater.rInflate(LayoutInflater.java:1144)
02-19 07:30:36.773  4171  4815 W System.err: 	at android.view.LayoutInflater.rInflateChildren(LayoutInflater.java:1109)
02-19 07:30:36.773  4171  4815 W System.err: 	at android.view.LayoutInflater.inflate(LayoutInflater.java:707)
02-19 07:30:36.773  4171  4815 W System.err: 	at android.view.LayoutInflater.inflate(LayoutInflater.java:545)
02-19 07:30:36.773  4171  4815 W System.err: 	at androidx.asynclayoutinflater.view.AsyncLayoutInflater$InflateThread.run(go/retraceme 2fbb4b342f87460cb83f265508321d95def92a308e7534f39240a15809d879a3:18)
02-19 07:30:36.774  4171  4171 D backgroundBlur: enablePassWindowBlur disable com.android.systemui.shade.NotificationShadeWindowView
02-19 07:30:36.774  4171  4171 I NotificationPanelView: doBlurAndDim: ratio = 0.8019876
02-19 07:30:36.775  1221  1452 E SDM     : HWCSession::GetClientTargetProperty: GetClinetTargetProperty interface enter
02-19 07:30:36.776 25568 25579 W facebook.katana: Reducing the number of considered missed Gc histogram windows from 123 to 100
02-19 07:30:36.777  9807  9807 D CompassHeading: Raw azimuth: 36.50257315110998
02-19 07:30:36.777  9807  9807 D CompassHeading: Adjusted azimuth after rotation: 36.50257315110998
02-19 07:30:36.784  9807  9807 D CompassHeading: Raw azimuth: 36.84787677969455
02-19 07:30:36.784  9807  9807 D CompassHeading: Adjusted azimuth after rotation: 36.84787677969455
02-19 07:30:36.788 14688 14839 D LicenseClient: Request to licensing reporting service sent.
02-19 07:30:36.789 11546 12731 I PhenotypeResourceReader: unable to find any Phenotype resource metadata for com.a0soft.gphone.uninstaller
02-19 07:30:36.791  4171  4171 D backgroundBlur: enablePassWindowBlur disable com.android.systemui.shade.NotificationShadeWindowView
02-19 07:30:36.791  1137  2891 E CamX    : [ERROR][NCS    ] camxncsintfqsee.cpp:2555 FillSensorData() Invalid sensor index -1
02-19 07:30:36.792  1221  1452 E SDM     : HWCSession::GetClientTargetProperty: GetClinetTargetProperty interface enter
02-19 07:30:36.792  4171  4171 I NotificationPanelView: doBlurAndDim: ratio = 0.8683128
02-19 07:30:36.796  9807  9807 D CompassHeading: Raw azimuth: 36.83080130676952
02-19 07:30:36.797  9807  9807 D CompassHeading: Adjusted azimuth after rotation: 36.83080130676952
02-19 07:30:36.800  5243  5296 I Finsky  : [91077] com.a0soft.gphone.uninstaller: Account determined from installer data - [Rh8PLvbsa8cIwAGw9IeloQdVfZmBx8UDlVGehR-UDK8]
02-19 07:30:36.802  9807 11410 I com.ezanvakti: Background young concurrent copying GC freed 22MB AllocSpace bytes, 0(0B) LOS objects, 74% free, 7756KB/29MB, paused 134us,4.432ms total 133.114ms
02-19 07:30:36.803  5243  5296 I Finsky  : [91077] Billing preferred account via installer for com.a0soft.gphone.uninstaller: [Rh8PLvbsa8cIwAGw9IeloQdVfZmBx8UDlVGehR-UDK8]
02-19 07:30:36.804  6908  7026 D FaceAuthManager: compare return 201
02-19 07:30:36.804  6908  7026 D miui.face.transplant: compare time =150; result：0
02-19 07:30:36.804  6908  7026 D miui.face.FaceService: onFaceHelp help:0
02-19 07:30:36.804  6908  7026 D miui.face.FaceService: FaceAuthenHelper mReleaseIfAuthenticated Runnable run ... ...
02-19 07:30:36.804  6908  7026 D miui.face.FaceService: release memory... ...
02-19 07:30:36.804  6908  7061 D miui.face.FaceService: onAcquired  curMonitor:com.miui.face.util.ClientMonitor@5ae67f6 msgId:0
02-19 07:30:36.804  9807  9807 D CompassHeading: Raw azimuth: 36.66104378513803
02-19 07:30:36.804  9807  9807 D CompassHeading: Adjusted azimuth after rotation: 36.66104378513803
02-19 07:30:36.805  4171  4214 D MiuiFaceManager: mServiceReceiver callback: 202
02-19 07:30:36.806  4171  4171 D MiuiFaceManager:  handleMessage  callback what:202
02-19 07:30:36.806  6908  7061 D miui.face.FaceService: miui.face.timeline, onAuthenticate All Time:1609 , id:123456
02-19 07:30:36.806  4171  4214 D MiuiFaceManager: mServiceReceiver callback: 203
02-19 07:30:36.806  4171  4171 D MiuiFaceManager:  handleMessage  callback what:203
02-19 07:30:36.807  4171  4171 D MiuiFaceManager: inernational:true supportR:[ALL] nowR:TR
02-19 07:30:36.807  4171  4171 D miui_face: start face unlock fail,device can skip bouncer
02-19 07:30:36.808  6908  7061 D miui.face.FaceService: Done with client: com.android.systemui
02-19 07:30:36.808  1221  1452 E SDM     : HWCSession::GetClientTargetProperty: GetClinetTargetProperty interface enter
02-19 07:30:36.811  4171  4171 D BiometricUnlockCtrl: onBiometricRunningStateChanged running=false
02-19 07:30:36.811  4171  4171 D MiuiFaceManager: inernational:true supportR:[ALL] nowR:TR
02-19 07:30:36.811  6908  7026 D CameraExtImplXiaoMi: releaseCameraDevice: 1
02-19 07:30:36.812  5243  5307 I Finsky  : [91088] com.a0soft.gphone.uninstaller: Account determined from installer data - [Rh8PLvbsa8cIwAGw9IeloQdVfZmBx8UDlVGehR-UDK8]
02-19 07:30:36.812  5243  5307 I Finsky  : [91088] Billing preferred account via installer for com.a0soft.gphone.uninstaller: [Rh8PLvbsa8cIwAGw9IeloQdVfZmBx8UDlVGehR-UDK8]
02-19 07:30:36.812  6908  7026 W ContextImpl: Calling a method in the system process without a qualified user: android.app.ContextImpl.sendBroadcast:1231 android.hardware.CameraInjector.notifyCameraStateChange:566 android.hardware.CameraInjector.notifyCameraStateChange:548 android.hardware.camera2.impl.CameraDeviceImplInjector.releaseCamera:148 android.hardware.camera2.impl.CameraExtImplXiaoMi.releaseCameraDevice:72 
02-19 07:30:36.813  2005  6469 W ActivityManagerServiceImpl: Sending non-protected broadcast com.miui.powerkeeper.CAMERA_STATE from system 6908:com.miui.face/1000 pkg com.miui.face. Callers=
02-19 07:30:36.813  6908  7026 D CameraDevice-JV-1: close: E. id = 1
02-19 07:30:36.813  2000  2000 I Camera2ClientBase: watchThread, cycles: 80, mMaxCycles: 100, cycleLength: 100, mCycleLength: 100
02-19 07:30:36.813  2000  2000 D Camera2ClientBase: Camera 1: start to disconnect
02-19 07:30:36.813  2000  2000 D Camera2ClientBase: Camera 1: serializationLock acquired
02-19 07:30:36.814  2000  2000 D Camera2ClientBase: Camera 1: Shutting down
02-19 07:30:36.815  2000  2000 I Camera3-Device: flush: Camera 1: Flushing all requests
02-19 07:30:36.816  9807  9807 D CompassHeading: Raw azimuth: 36.64842501064643
02-19 07:30:36.816  9807  9807 D CompassHeading: Adjusted azimuth after rotation: 36.64842501064643
02-19 07:30:36.822  9807  9807 D CompassHeading: Raw azimuth: 36.2489921328895
02-19 07:30:36.822  9807  9807 D CompassHeading: Adjusted azimuth after rotation: 36.2489921328895
02-19 07:30:36.823  4171  4171 D BiometricUnlockCtrl: onBiometricAuthenticated userId=0;getCurrentUser=0;mMode=7;canSwitchUser=true
02-19 07:30:36.824  4171  4171 D FingerprintManager: Cancel fingerprint authentication requested for: 364
02-19 07:30:36.824  2005  6469 D Fingerprint21: cancelAuthentication, sensorId: 0
02-19 07:30:36.824  4171  4171 D KeyguardUpdateMonitor: fingerprintRunningState: 2
02-19 07:30:36.825  1221  1452 E SDM     : HWCSession::GetClientTargetProperty: GetClinetTargetProperty interface enter
02-19 07:30:36.827  1137  2878 I OV16A1Q : lineCount 0x2df5 , frameLengthLines 0x2008
02-19 07:30:36.829  2000  2000 I Camera3-Device: flush: mExpectedInflightDuration=8000000000, maxExpectedDuration=8000, InflightDuration=8000000000
02-19 07:30:36.829  2000  2000 I Camera3-Device: watchThread, cycles: 80, mMaxCycles: 100, cycleLength: 100, mCycleLength: 100
02-19 07:30:36.829  2000  2000 W Camera3-Device: flush: flush while still submitting requests!!
02-19 07:30:36.829   734 10630 I keystore2: system/security/keystore2/src/authorization.rs:143 - on_lock_screen_event(r#UNLOCK, user_id=0, password.is_some()=false, unlocking_sids=Some([5135898769170294478]))
02-19 07:30:36.829  4171  4171 D BiometricUnlockCtrl: onBiometricRunningStateChanged running=false
02-19 07:30:36.831  4171  4171 D backgroundBlur: enablePassWindowBlur disable com.android.systemui.shade.NotificationShadeWindowView
02-19 07:30:36.832  4171  4171 I NotificationPanelView: doBlurAndDim: ratio = 0.9465465
02-19 07:30:36.833  4171  4171 D KeyguardViewMediator: keyguardDone
02-19 07:30:36.833  4171  4171 D KeyguardViewMediator: tryKeyguardDone: pending - false, animRan - false animRunning - false
02-19 07:30:36.833  4171  4171 D KeyguardViewMediator: tryKeyguardDone: starting pre-hide animation
02-19 07:30:36.834  2000  2000 W Camera3-Device: flush: request thread failed to finish submiting one request within timeout! FORCE to FLUSH!
02-19 07:30:36.835  4171  4171 E AnimationHelper: com.android.keyguard.clock.animation.AnimationHelper@7a2c244 doAnimationToNotification hasNotification: true, fromKeyguard: true, mHasNotification: true, mToAod: false
02-19 07:30:36.835  1137  1544 I CamX    : [ DUMP][HAL    ] camxhaldevice.cpp:3100 LogRequest() Frame Number ## REQUEST_ERROR ## RESULT_ERROR ## BUFFER_ERROR ## Shutter ##  Metadata[Rcvd/Tot] ## Output[Rcvd/Tot(inErr)] ## Input ## S0[Rcvd/StatusOK/BufErrNotify](0xb4000070d5c063c8)[0] ## 
02-19 07:30:36.836  9807  9807 D CompassHeading: Raw azimuth: 36.227278961518024
02-19 07:30:36.837  9807  9807 D CompassHeading: Adjusted azimuth after rotation: 36.227278961518024
02-19 07:30:36.837  1137  2875 E [ AIASD ]: Invalid argument: output numberOfPlanes is smaller than input
02-19 07:30:36.840  4171  4815 D MiuiFaceManager: inernational:true supportR:[ALL] nowR:TR
02-19 07:30:36.840  4171  4815 D MiuiFaceManager: inernational:true supportR:[ALL] nowR:TR
02-19 07:30:36.840  4171  4815 D MiuiFaceManager: inernational:true supportR:[ALL] nowR:TR
02-19 07:30:36.841  5243  6289 I Finsky  : [91145] User is not an active Play Pass subscriber
02-19 07:30:36.841  1221  1452 E SDM     : HWCSession::GetClientTargetProperty: GetClinetTargetProperty interface enter
02-19 07:30:36.842  9807  9807 D CompassHeading: Raw azimuth: 36.074378346758124
02-19 07:30:36.842  9807  9807 D CompassHeading: Adjusted azimuth after rotation: 36.074378346758124
02-19 07:30:36.843  6908 20436 E BufferQueueProducer: [ImageReader-640x480f23m1-6908-224](id:1afc000000e1,api:4,p:2000,c:6908) queueBuffer: BufferQueue has been abandoned
02-19 07:30:36.843  2000  2276 E Surface : queueBuffer: error queuing buffer, -19
02-19 07:30:36.843  2000  2276 E Camera3-OutputStream: returnBufferCheckedLocked: Stream 0: Error queueing buffer to native window: No such device (-19)
02-19 07:30:36.844 14688 14846 E one.uninstaller: No package ID 6a found for resource ID 0x6a0b0013.
02-19 07:30:36.844  4171  4171 D backgroundBlur: enablePassWindowBlur disable com.android.systemui.shade.NotificationShadeWindowView
02-19 07:30:36.844  6908  4773 E BufferQueueProducer: [ImageReader-640x480f23m1-6908-224](id:1afc000000e1,api:4,p:2000,c:6908) dequeueBuffer: BufferQueue has been abandoned
02-19 07:30:36.844  2000 14618 E Camera3-OutputStream: getBufferLockedCommon: Stream 0: Can't dequeue next output buffer: No such device (-19)
02-19 07:30:36.844  2000 14618 V CameraStub: getMipiError:303
02-19 07:30:36.844  2000 14618 V CameraStub: getMipiError:303
02-19 07:30:36.844  4171  4171 I NotificationPanelView: doBlurAndDim: ratio = 0.96769434
02-19 07:30:36.845  4171  4815 D MiuiFaceManager: inernational:true supportR:[ALL] nowR:TR
02-19 07:30:36.845  4171  4815 D MiuiFaceManager: inernational:true supportR:[ALL] nowR:TR
02-19 07:30:36.845  4171  4815 D MiuiFaceManager: inernational:true supportR:[ALL] nowR:TR
02-19 07:30:36.845  2005  9974 D CompatibilityChangeReporter: Compat change id reported: 271850009; UID 10570; state: ENABLED
02-19 07:30:36.848  6908 20436 E BufferQueueProducer: [ImageReader-640x480f23m1-6908-224](id:1afc000000e1,api:4,p:2000,c:6908) cancelBuffer: BufferQueue has been abandoned
02-19 07:30:36.848 14688 14846 I FA      : App measurement initialized, version: 152008
02-19 07:30:36.848 14688 14846 I FA      : To enable debug logging run: adb shell setprop log.tag.FA VERBOSE
02-19 07:30:36.848 14688 14846 I FA      : To enable faster debug mode event logging run:
02-19 07:30:36.848 14688 14846 I FA      :   adb shell setprop debug.firebase.analytics.app com.a0soft.gphone.uninstaller
02-19 07:30:36.849  4171  4171 D MiuiFaceManager: inernational:true supportR:[ALL] nowR:TR
02-19 07:30:36.849  4171  4171 D MiuiFaceManager: inernational:true supportR:[ALL] nowR:TR
02-19 07:30:36.850  4171  4815 W System.err: android.provider.Settings$SettingNotFoundException: display_density_forced
02-19 07:30:36.850  4171  4815 W System.err: 	at android.provider.Settings.parseIntSetting(Settings.java:3703)
02-19 07:30:36.850  4171  4815 W System.err: 	at android.provider.Settings.-$$Nest$smparseIntSetting(Unknown Source:0)
02-19 07:30:36.850  4171  4815 W System.err: 	at android.provider.Settings$Secure.getIntForUser(Settings.java:6717)
02-19 07:30:36.850  4171  4815 W System.err: 	at android.provider.Settings$Secure.getInt(Settings.java:6710)
02-19 07:30:36.850  4171  4815 W System.err: 	at com.miui.keyguard.biometrics.faceunlock.MiuiKeyguardFaceUnlockView.handlerAccessibilityTopMargin(go/retraceme 2fbb4b342f87460cb83f265508321d95def92a308e7534f39240a15809d879a3:166)
02-19 07:30:36.850  4171  4815 W System.err: 	at com.miui.keyguard.biometrics.faceunlock.MiuiKeyguardFaceUnlockView.onFinishInflate(go/retraceme 2fbb4b342f87460cb83f265508321d95def92a308e7534f39240a15809d879a3:36)
02-19 07:30:36.850  4171  4815 W System.err: 	at android.view.LayoutInflater.rInflate(LayoutInflater.java:1166)
02-19 07:30:36.850  4171  4815 W System.err: 	at android.view.LayoutInflater.rInflateChildren(LayoutInflater.java:1109)
02-19 07:30:36.850  4171  4815 W System.err: 	at android.view.LayoutInflater.parseInclude(LayoutInflater.java:1293)
02-19 07:30:36.850  4171  4815 W System.err: 	at android.view.LayoutInflater.rInflate(LayoutInflater.java:1144)
02-19 07:30:36.850  4171  4815 W System.err: 	at android.view.LayoutInflater.rInflateChildren(LayoutInflater.java:1109)
02-19 07:30:36.850  4171  4815 W System.err: 	at android.view.LayoutInflater.inflate(LayoutInflater.java:707)
02-19 07:30:36.850  4171  4815 W System.err: 	at android.view.LayoutInflater.inflate(LayoutInflater.java:545)
02-19 07:30:36.850  4171  4815 W System.err: 	at androidx.asynclayoutinflater.view.AsyncLayoutInflater$InflateThread.run(go/retraceme 2fbb4b342f87460cb83f265508321d95def92a308e7534f39240a15809d879a3:18)
02-19 07:30:36.854  4171  4171 D MiuiFaceManager: inernational:true supportR:[ALL] nowR:TR
02-19 07:30:36.854  4171  4171 I KeyguardViewMediator: getBouncerPromptReason trust = false biometrics = true bleUnlock = false strongAuth = 0
02-19 07:30:36.854  4171  4171 D MiuiFaceManager: inernational:true supportR:[ALL] nowR:TR
02-19 07:30:36.854  4171  4171 I KeyguardViewMediator: getBouncerPromptReason trust = false biometrics = true bleUnlock = false strongAuth = 0
02-19 07:30:36.855  4171  4171 D MiuiFaceManager: inernational:true supportR:[ALL] nowR:TR
02-19 07:30:36.855  4171  4171 D MiuiFaceManager: inernational:true supportR:[ALL] nowR:TR
02-19 07:30:36.857  9807  9807 D CompassHeading: Raw azimuth: 36.06087847786359
02-19 07:30:36.857  9807  9807 D CompassHeading: Adjusted azimuth after rotation: 36.06087847786359
02-19 07:30:36.857  4171  4171 D backgroundBlur: enablePassWindowBlur disable com.android.systemui.shade.NotificationShadeWindowView
02-19 07:30:36.857  4171  4171 I NotificationPanelView: doBlurAndDim: ratio = 0.9822206
02-19 07:30:36.857  1221  1452 E SDM     : HWCSession::GetClientTargetProperty: GetClinetTargetProperty interface enter
02-19 07:30:36.858 27416 27442 W n.android.drive: Reducing the number of considered missed Gc histogram windows from 127 to 100
02-19 07:30:36.860  9807  9807 D CompassHeading: Raw azimuth: 36.125283746642225
02-19 07:30:36.860  9807  9807 D CompassHeading: Adjusted azimuth after rotation: 36.125283746642225
02-19 07:30:36.862  6908  4773 E BufferQueueProducer: [ImageReader-640x480f23m1-6908-224](id:1afc000000e1,api:4,p:2000,c:6908) cancelBuffer: BufferQueue has been abandoned
02-19 07:30:36.863  6908  4773 E BufferQueueProducer: [ImageReader-640x480f23m1-6908-224](id:1afc000000e1,api:4,p:2000,c:6908) cancelBuffer: BufferQueue has been abandoned
02-19 07:30:36.864  6908 20436 E BufferQueueProducer: [ImageReader-640x480f23m1-6908-224](id:1afc000000e1,api:4,p:2000,c:6908) cancelBuffer: BufferQueue has been abandoned
02-19 07:30:36.865  6908 20436 E BufferQueueProducer: [ImageReader-640x480f23m1-6908-224](id:1afc000000e1,api:4,p:2000,c:6908) cancelBuffer: BufferQueue has been abandoned
02-19 07:30:36.868  4171  4815 D MiuiFaceManager: inernational:true supportR:[ALL] nowR:TR
02-19 07:30:36.868  4171  4815 D MiuiFaceManager: inernational:true supportR:[ALL] nowR:TR
02-19 07:30:36.868  4171  4815 D MiuiFaceManager: inernational:true supportR:[ALL] nowR:TR
02-19 07:30:36.868  4171  4171 D KeyguardViewMediator: handleKeyguardDoneDrawing
02-19 07:30:36.868  4171  4815 D MiuiFaceManager: inernational:true supportR:[ALL] nowR:TR
02-19 07:30:36.868  4171  4815 D MiuiFaceManager: inernational:true supportR:[ALL] nowR:TR
02-19 07:30:36.868  4171  4815 D MiuiFaceManager: inernational:true supportR:[ALL] nowR:TR
02-19 07:30:36.869  6908  4773 E BufferQueueProducer: [ImageReader-640x480f23m1-6908-224](id:1afc000000e1,api:4,p:2000,c:6908) cancelBuffer: BufferQueue has been abandoned
02-19 07:30:36.870  4171  4815 W System.err: android.provider.Settings$SettingNotFoundException: display_density_forced
02-19 07:30:36.870  4171  4815 W System.err: 	at android.provider.Settings.parseIntSetting(Settings.java:3703)
02-19 07:30:36.870  4171  4815 W System.err: 	at android.provider.Settings.-$$Nest$smparseIntSetting(Unknown Source:0)
02-19 07:30:36.870  4171  4815 W System.err: 	at android.provider.Settings$Secure.getIntForUser(Settings.java:6717)
02-19 07:30:36.871  4171  4815 W System.err: 	at android.provider.Settings$Secure.getInt(Settings.java:6710)
02-19 07:30:36.871  4171  4815 W System.err: 	at com.miui.keyguard.biometrics.faceunlock.MiuiKeyguardFaceUnlockView.handlerAccessibilityTopMargin(go/retraceme 2fbb4b342f87460cb83f265508321d95def92a308e7534f39240a15809d879a3:166)
02-19 07:30:36.871  4171  4815 W System.err: 	at com.miui.keyguard.biometrics.faceunlock.MiuiKeyguardFaceUnlockView.onFinishInflate(go/retraceme 2fbb4b342f87460cb83f265508321d95def92a308e7534f39240a15809d879a3:36)
02-19 07:30:36.871  4171  4815 W System.err: 	at android.view.LayoutInflater.rInflate(LayoutInflater.java:1166)
02-19 07:30:36.871  4171  4815 W System.err: 	at android.view.LayoutInflater.rInflateChildren(LayoutInflater.java:1109)
02-19 07:30:36.871  4171  4815 W System.err: 	at android.view.LayoutInflater.parseInclude(LayoutInflater.java:1293)
02-19 07:30:36.871  4171  4815 W System.err: 	at android.view.LayoutInflater.rInflate(LayoutInflater.java:1144)
02-19 07:30:36.871  4171  4815 W System.err: 	at android.view.LayoutInflater.rInflateChildren(LayoutInflater.java:1109)
02-19 07:30:36.871  4171  4815 W System.err: 	at android.view.LayoutInflater.inflate(LayoutInflater.java:707)
02-19 07:30:36.871  4171  4815 W System.err: 	at android.view.LayoutInflater.inflate(LayoutInflater.java:545)
02-19 07:30:36.871  4171  4815 W System.err: 	at androidx.asynclayoutinflater.view.AsyncLayoutInflater$InflateThread.run(go/retraceme 2fbb4b342f87460cb83f265508321d95def92a308e7534f39240a15809d879a3:18)
02-19 07:30:36.873  4171  4171 D backgroundBlur: enablePassWindowBlur disable com.android.systemui.shade.NotificationShadeWindowView
02-19 07:30:36.874  1221  1452 E SDM     : HWCSession::GetClientTargetProperty: GetClinetTargetProperty interface enter
02-19 07:30:36.874  4171  4171 I NotificationPanelView: doBlurAndDim: ratio = 0.9905854
02-19 07:30:36.875  6908  7026 E BufferQueueProducer: [ImageReader-640x480f23m1-6908-224](id:1afc000000e1,api:4,p:2000,c:6908) cancelBuffer: BufferQueue has been abandoned
02-19 07:30:36.876  9807  9807 D CompassHeading: Raw azimuth: 36.10261093369237
02-19 07:30:36.876  9807  9807 D CompassHeading: Adjusted azimuth after rotation: 36.10261093369237
02-19 07:30:36.876  4171  4171 D MiuiFaceManager: inernational:true supportR:[ALL] nowR:TR
02-19 07:30:36.876  4171  4171 D MiuiFaceManager: inernational:true supportR:[ALL] nowR:TR
02-19 07:30:36.878  1137  1544 I ExtendHAL: [Core] MiCamExtensionModule.cpp:318 overrideFlush()result: 0
02-19 07:30:36.878  2000  2000 I Camera3-Device: disconnectImpl: Camera: 1 E
02-19 07:30:36.878  2000  2000 I CameraLatencyHistogram: ProcessCaptureRequest latency histogram (15) samples:
02-19 07:30:36.878  2000  2000 I CameraLatencyHistogram:        40     80    120    160    200    240    280    320    360    inf (max ms)
02-19 07:30:36.878  2000  2000 I CameraLatencyHistogram:      100.00   0.00   0.00   0.00   0.00   0.00   0.00   0.00   0.00   0.00 (%)
02-19 07:30:36.880  9807  9807 D CompassHeading: Raw azimuth: 36.0778002715323
02-19 07:30:36.880  9807  9807 D CompassHeading: Adjusted azimuth after rotation: 36.0778002715323
02-19 07:30:36.880  1137  1544 I ExtendHAL: [HAL ] ExtendHal3.cpp:133 close()device: 0xb4000070d68440d0
02-19 07:30:36.880  1137  1544 I ExtendHAL: [HAL ] ExtendHal3Device.cpp:163 close()cameraId 1. m_bPassthroughMode: 0
02-19 07:30:36.880  1137  1544 I ExtendHAL: [Core] MiCamExtensionModule.cpp:104 extendClose()extendClose cameraId 1
02-19 07:30:36.882  1129  1476 E minksocket: MinkIPC_QRTR_Service: client with node 1 port 5952 went down
02-19 07:30:36.884  4171  4815 D MiuiFaceManager: inernational:true supportR:[ALL] nowR:TR
02-19 07:30:36.884  4171  4815 D MiuiFaceManager: inernational:true supportR:[ALL] nowR:TR
02-19 07:30:36.884  4171  4815 D MiuiFaceManager: inernational:true supportR:[ALL] nowR:TR
02-19 07:30:36.884  4171  4815 D MiuiFaceManager: inernational:true supportR:[ALL] nowR:TR
02-19 07:30:36.884  4171  4815 D MiuiFaceManager: inernational:true supportR:[ALL] nowR:TR
02-19 07:30:36.884  4171  4815 D MiuiFaceManager: inernational:true supportR:[ALL] nowR:TR
02-19 07:30:36.884  1174 14564 I sensors-hal: handle_sns_std_sensor_event:57, light_event: ts=754571761514560, lux: 9.0, extra_info=0 
02-19 07:30:36.885  4171  4171 D MiuiFaceManager: inernational:true supportR:[ALL] nowR:TR
02-19 07:30:36.885  4171  4171 D MiuiFaceManager: inernational:true supportR:[ALL] nowR:TR
02-19 07:30:36.890  4171  4171 D backgroundBlur: enablePassWindowBlur disable com.android.systemui.shade.NotificationShadeWindowView
02-19 07:30:36.891  4171  4171 I NotificationPanelView: doBlurAndDim: ratio = 0.99567485
02-19 07:30:36.891  1221  1452 E SDM     : HWCSession::GetClientTargetProperty: GetClinetTargetProperty interface enter
02-19 07:30:36.891  1137  1544 I CVP     : File: vendor/qcom/proprietary/cv-noship/cvp/2.1/src/cpu/cvpPvtUtils.cpp Line: 313 Function: cvpSetPower() Msg: Update power to KMD
02-19 07:30:36.891  1137  1544 I CVP     : File: vendor/qcom/proprietary/cv-noship/cvp/2.1/src/cpu/cvpPower.cpp Line: 85 Function: cvpPrintPower() Msg: Actual      Clock: Fdu 0, Ica 0, Od 0, Mpu 0, Fw 0
02-19 07:30:36.891  1137  1544 I CVP     : File: vendor/qcom/proprietary/cv-noship/cvp/2.1/src/cpu/cvpPower.cpp Line: 89 Function: cvpPrintPower() Msg: Operational Clock: Fdu 0, Ica 0, Od 0, Mpu 0, Fw 0
02-19 07:30:36.891  1137  1544 I CVP     : File: vendor/qcom/proprietary/cv-noship/cvp/2.1/src/cpu/cvpPower.cpp Line: 91 Function: cvpPrintPower() Msg: Actual     Bw: Ddr 0, SysCache 0
02-19 07:30:36.891  1137  1544 I CVP     : File: vendor/qcom/proprietary/cv-noship/cvp/2.1/src/cpu/cvpPower.cpp Line: 93 Function: cvpPrintPower() Msg: Opeational Bw: Ddr 0, SysCache 0
02-19 07:30:36.891  1137  1544 I CVP     : File: vendor/qcom/proprietary/cv-noship/cvp/2.1/src/cpu/cvpPower.cpp Line: 96 Function: cvpPrintPower() Msg: FPS: FDU 0, MPU 0, OD 0, ICA 0
02-19 07:30:36.892  6503  6503 D BoundBrokerSvc: onBind: Intent { act=com.google.android.gms.measurement.START pkg=com.google.android.gms }
02-19 07:30:36.893  6503  6503 D BoundBrokerSvc: Loading bound service for intent: Intent { act=com.google.android.gms.measurement.START pkg=com.google.android.gms }
02-19 07:30:36.895  4171  4171 D MiuiFaceManager: inernational:true supportR:[ALL] nowR:TR
02-19 07:30:36.895  4171  4171 D MiuiFaceManager: inernational:true supportR:[ALL] nowR:TR
02-19 07:30:36.896  9807  9807 D CompassHeading: Raw azimuth: 36.05121034509344
02-19 07:30:36.896  9807  9807 D CompassHeading: Adjusted azimuth after rotation: 36.05121034509344
02-19 07:30:36.897   698   698 E KeymasterUtils: rsp_header->status: -26
02-19 07:30:36.893  1234  1234 W perf@2.2-servic: type=1400 audit(0.0:1912889): avc:  denied  { search } for  name="2005" dev="proc" ino=15009 scontext=u:r:vendor_hal_perf_default:s0 tcontext=u:r:system_server:s0 tclass=dir permissive=0
02-19 07:30:36.893  1234  1234 W perf@2.2-servic: type=1400 audit(0.0:1912890): avc:  denied  { search } for  name="2005" dev="proc" ino=15009 scontext=u:r:vendor_hal_perf_default:s0 tcontext=u:r:system_server:s0 tclass=dir permissive=0
02-19 07:30:36.893  1234  1234 W perf@2.2-servic: type=1400 audit(0.0:1912891): avc:  denied  { dac_override } for  capability=1  scontext=u:r:vendor_hal_perf_default:s0 tcontext=u:r:vendor_hal_perf_default:s0 tclass=capability permissive=0
02-19 07:30:36.898  1221  1452 I libdisplayconfigqti: Register client name: camxdisplay1137 device client: 0xb4000074d3e71c80
02-19 07:30:36.898  9807  9807 D CompassHeading: Raw azimuth: 36.07009581814852
02-19 07:30:36.898  4171  4171 I BoostHelper: boost: add myTid: 4171
02-19 07:30:36.898  4171  4171 I BoostHelper: boost: add mRenderThreadTid: 4561
02-19 07:30:36.898  9807  9807 D CompassHeading: Adjusted azimuth after rotation: 36.07009581814852
02-19 07:30:36.898  4171  4171 I BoostHelper: boostThread sched thread [4171, 4561] is run,mod=1
02-19 07:30:36.898  2005  3383 D PerfStubImpl: perfLockAcquire
02-19 07:30:36.899  2005  3383 D SchedBoost: startBoostInternal 500
02-19 07:30:36.899  1234  1373 E ANDR-PERF-OPTSHANDLER: Cannot open/create foreground cgroup file
02-19 07:30:36.900  1221  1452 I SDM     : ResourceImpl::SetMaxBandwidthMode: new bandwidth mode=0
02-19 07:30:36.901  1137  1544 I CamX    : [ DUMP][CORE   ] camxresourcemanager.cpp:101 DumpState() [IPEHw : 0], AvailableResource = 100
02-19 07:30:36.901  1137  1544 I CamX    : [ DUMP][CORE   ] camxresourcemanager.cpp:101 DumpState() [IFEHw : 0], AvailableResource = 100
02-19 07:30:36.901  1137  1544 I CamX    : [ DUMP][CORE   ] camxresourcemanager.cpp:101 DumpState() [IFEHw : 1], AvailableResource = 100
02-19 07:30:36.901  1137  1544 I CamX    : [ DUMP][CORE   ] camxresourcemanager.cpp:101 DumpState() [SensorHw : 0], AvailableResource = 100
02-19 07:30:36.901  1137  1544 I CamX    : [ DUMP][CORE   ] camxresourcemanager.cpp:101 DumpState() [SensorHw : 1], AvailableResource = 100
02-19 07:30:36.901  1137  1544 I CamX    : [ DUMP][CORE   ] camxresourcemanager.cpp:101 DumpState() [SensorHw : 2], AvailableResource = 100
02-19 07:30:36.901  1137  1544 I CamX    : [ DUMP][CORE   ] camxresourcemanager.cpp:101 DumpState() [SensorHw : 3], AvailableResource = 100
02-19 07:30:36.901  1137  1544 I CamX    : [ DUMP][CORE   ] camxresourcemanager.cpp:174 DumpState() 
02-19 07:30:36.901  1137  1544 I CamX    : 
02-19 07:30:36.901  1137  1544 I CamX    : [ DUMP][CORE   ] camxresourcemanager.cpp:175 DumpState() client {RealTimeFeatureZSLPreviewRawForThirdPartyApp, 0xb40000704fb2b300}
02-19 07:30:36.901  1137  1544 I CamX    : [ DUMP][CORE   ] camxresourcemanager.cpp:176 DumpState() -------------------------
02-19 07:30:36.901  1137  1544 I CamX    : [ DUMP][CORE   ] camxresourcemanager.cpp:177 DumpState()     Key     Allocation
02-19 07:30:36.901  1137  1544 I CamX    : [ DUMP][CORE   ] camxresourcemanager.cpp:178 DumpState() -------------------------
02-19 07:30:36.902  4171  4171 E AnimationHelper: com.android.keyguard.clock.animation.AnimationHelper@7a2c244 doAnimationToNotification hasNotification: true, fromKeyguard: true, mHasNotification: true, mToAod: false
02-19 07:30:36.902  4171  4171 D KeyguardViewMediator: handleKeyguardDoneDrawing
02-19 07:30:36.903  4171  6115 D MiBridge: requestCpuHighFreq---- uid: 1000 level: 1 timeoutms:300
02-19 07:30:36.903  2027  2049 W MiuiBooster: "MiuiBoosterService requestCpuHighFreq: 1000, 1, 300"
02-19 07:30:36.903   734 10630 W keystore2: system/security/keystore2/src/super_key.rs:1053 - attempt failed: system/security/keystore2/src/raw_device.rs:319: Failed to begin operation.
02-19 07:30:36.903   734 10630 W keystore2: 
02-19 07:30:36.903   734 10630 W keystore2: Caused by:
02-19 07:30:36.903   734 10630 W keystore2:     0: system/security/keystore2/src/raw_device.rs:293: Closure failed
02-19 07:30:36.903   734 10630 W keystore2:     1: Error::Km(r#KEY_USER_NOT_AUTHENTICATED)
02-19 07:30:36.903  2027  2049 W MiuiBooster: "requestCpuHighFreq,final level:1,final timeoutms:300"
02-19 07:30:36.903  2027  2049 W MiuiBooster: "perf_hint_hc start"
02-19 07:30:36.903  2027  2049 W MiuiBooster: "big_core_value[level-1]:4095"
02-19 07:30:36.903  2027  2049 W MiuiBooster: "little_core_value[level-1]:4095"
02-19 07:30:36.903  2027  2049 W MiuiBooster: "prime_core_value[level - 1]:4095"
02-19 07:30:36.904  2005  2005 D BiometricScheduler/Fingerprint21: cancelAuthenticationOrDetection, requestId: 364
02-19 07:30:36.904  2005  2005 D BiometricScheduler/Fingerprint21: Cancelling auth/detect op: {[769] com.android.server.biometrics.sensors.fingerprint.hidl.FingerprintAuthenticationClient, proto=3, owner=com.android.systemui, cookie=0, requestId=364, userId=0}, State: 2
02-19 07:30:36.904  2005  2005 D BiometricSchedulerOperation: [Cancelling] Current client: {[769] com.android.server.biometrics.sensors.fingerprint.hidl.FingerprintAuthenticationClient, proto=3, owner=com.android.systemui, cookie=0, requestId=364, userId=0}
02-19 07:30:36.904  2027  2049 W MiuiBooster: "perf_handle:95521"
02-19 07:30:36.904  4171  6115 D MiBridge: requestCpuHighFreq handle: 1
02-19 07:30:36.904  4171  6115 D CpuBoostUtil: boostCpuToMax:0
02-19 07:30:36.906  4171  4171 D backgroundBlur: enablePassWindowBlur disable com.android.systemui.shade.NotificationShadeWindowView
02-19 07:30:36.907  4171  4171 I NotificationPanelView: doBlurAndDim: ratio = 0.9981741
02-19 07:30:36.907  1221  1452 E SDM     : HWCSession::GetClientTargetProperty: GetClinetTargetProperty interface enter
02-19 07:30:36.910  4171  4171 D KeyguardViewMediator: handleKeyguardDoneDrawing
02-19 07:30:36.910  1129  1476 E minksocket: MinkIPC_QRTR_Service: client with node 1 port 596b went down
02-19 07:30:36.911  2161  2161 D mfp_service: cancel
02-19 07:30:36.912  2161  2161 D mfp_service: CurrentStatus(8)
02-19 07:30:36.912  2161  2351 D Fingerprintengine: onMessageReceived
02-19 07:30:36.912  2161  2351 E Fingerprintengine: async Cancel
02-19 07:30:36.912  1137 14696 W libc    : invalid pthread_t (0) passed to pthread_join
02-19 07:30:36.913  1137 14696 W libc    : invalid pthread_t (0) passed to pthread_join
02-19 07:30:36.914  2161  2351 D fpc_fingerprint_hal: fpc_cancel
02-19 07:30:36.914  2161  2351 D fpc_tac : fpc_tee_set_cancel
02-19 07:30:36.914  2161  2351 D fpc_fingerprint_hal: fpc_worker_join_task
02-19 07:30:36.914  2161  2319 D fpc_tac : fpc_irq_wait: poll status: 1, revents [0]: 0, [1]: 1
02-19 07:30:36.914  2161  2319 E fpc_tac : fpc_irq_wait {{24,10,0},{18,1,1}}
02-19 07:30:36.914  2161  2319 E fpc_tac : fpc_irq_wait error -7
02-19 07:30:36.914  2161  2319 E fpc_tac : fpc_tee_wait_finger_down_internal, irq wait error status: -7
02-19 07:30:36.914  2161  2319 D fpc_tac : Waited more than 500 ms, reset qualification counter
02-19 07:30:36.914  2161  2319 D fpc_tac : fpc_tee_capture_image_internal, finger down
02-19 07:30:36.915  1129  1476 E minksocket: MinkIPC_QRTR_Service: client with node 1 port 5966 went down
02-19 07:30:36.918  1137  2891 E CamX    : [ERROR][NCS    ] camxncsintfqsee.cpp:2340 SensorCallback() Invalid sensor index -1
02-19 07:30:36.923  9807  9807 D CompassHeading: Raw azimuth: 36.345256819051656
02-19 07:30:36.923  9807  9807 D CompassHeading: Adjusted azimuth after rotation: 36.345256819051656
02-19 07:30:36.923  4171  4171 D backgroundBlur: enablePassWindowBlur disable com.android.systemui.shade.NotificationShadeWindowView
02-19 07:30:36.924  1221  1452 E SDM     : HWCSession::GetClientTargetProperty: GetClinetTargetProperty interface enter
02-19 07:30:36.924  4171  4171 I NotificationPanelView: doBlurAndDim: ratio = 0.9994017
02-19 07:30:36.925  1174 14564 I sensors-hal: handle_sns_std_sensor_event:57, light_event: ts=754571795960342, lux: 9.0, extra_info=0 
02-19 07:30:36.929  6503 14410 D AdvertisingIdClient: AdvertisingIdClient already created.
02-19 07:30:36.929  6503 14410 D AdvertisingIdClient: AdvertisingIdClient is not bounded. Starting to bind it...
02-19 07:30:36.931  9807  9807 D CompassHeading: Raw azimuth: 36.325862496903405
02-19 07:30:36.931  9807  9807 D CompassHeading: Adjusted azimuth after rotation: 36.325862496903405
02-19 07:30:36.934  1137 14714 V SYNX-UMD: Synx Uninit!
02-19 07:30:36.934  1137 14714 W libc    : invalid pthread_t (0) passed to pthread_join
02-19 07:30:36.934  1137 14712 V SYNX-UMD: Synx Uninit!
02-19 07:30:36.934  1137 14712 W libc    : invalid pthread_t (0) passed to pthread_join
02-19 07:30:36.934  1137 14714 W libc    : invalid pthread_t (0) passed to pthread_join
02-19 07:30:36.938  1137  1544 I android.hardware.camera.provider@2.4-service_64: vendor/qcom/proprietary/adsprpc/src/fastrpc_apps_user.c:1408: remote_handle_close: closed handle 0x65d865c0
02-19 07:30:36.938  1137  1544 I android.hardware.camera.provider@2.4-service_64: vendor/qcom/proprietary/adsprpc/src/fastrpc_apps_user.c:1445: remote_handle64_close: closed handle 0xb4000070d8916070
02-19 07:30:36.940  4171  4171 D backgroundBlur: enablePassWindowBlur disable com.android.systemui.shade.NotificationShadeWindowView
02-19 07:30:36.940  1221  1452 E SDM     : HWCSession::GetClientTargetProperty: GetClinetTargetProperty interface enter
02-19 07:30:36.941  4171  4171 I NotificationPanelView: doBlurAndDim: ratio = 0.99984354
02-19 07:30:36.944  9807  9807 D CompassHeading: Raw azimuth: 36.328543346152635
02-19 07:30:36.944  9807  9807 D CompassHeading: Adjusted azimuth after rotation: 36.328543346152635
02-19 07:30:36.944  2161  2319 D fpc_tac : <-- fpc_tee_capture_image_internal, return: -7
02-19 07:30:36.944  2161  2319 D fpc_tac : <-- fpc_tee_capture_image, return: -7
02-19 07:30:36.944  2161  2319 D fpc_tac : fpc_perf_lock_release: Perf lock have been previously released
02-19 07:30:36.944  2161  2319 E fpc_fingerprint_hal: do_authenticate failed FPC_ERROR_CANCELLED
02-19 07:30:36.944  2161  2319 D fpc_fingerprint_hal: do_authenticate: wait for finger lost
02-19 07:30:36.944  2161  2319 D fpc_tac : --> fpc_tee_wait_finger_lost
02-19 07:30:36.948  6503 14410 D AdvertisingIdClient: AdvertisingIdClient is bounded
02-19 07:30:36.949  1174  1174 I android.hardware.sensors@2.0-service.multihal: MIUS: samplingPeriodNs() enter, samplingPeriodNs = 200000000
02-19 07:30:36.950  1174  1174 I android.hardware.sensors@2.0-service.multihal: MIUS: samplingPeriodNs() exit
02-19 07:30:36.950  2005  2944 I SensorService: 	>>> actuating h/w activate handle=0x1000001 enabled=1
02-19 07:30:36.950  1174  1174 I android.hardware.sensors@2.0-service.multihal: MIUS: activate() enter, enable = 1,
02-19 07:30:36.951  6503 14410 I AdvertisingIdClient: shouldSendLog 738495895
02-19 07:30:36.951  6503 14410 I AdvertisingIdClient: GetInfoInternal elapse 21ms
02-19 07:30:36.953  1174  1174 I ultrasound: ultrasound_enable: enable ultrasound 1 mode 0
02-19 07:30:36.953  1174  1174 D ultrasound: clientRequest: write to server 264
02-19 07:30:36.953  1130  2821 W audio_hw_con: audio_handle_client_sock received client connect 70
02-19 07:30:36.953  1130  2821 D audio_hw_primary: adev_set_parameters: enter: ultrasound-proximity=1
02-19 07:30:36.953  1130  2821 V msm8974_platform: platform_set_parameters: enter: ultrasound-proximity=1
02-19 07:30:36.953  1130  2821 D msm8974_platform: platform_set_parameters: exit with code(0)
02-19 07:30:36.953  1130  2821 D audio_hw_cspl_cal: cirrus_cal_setparameters: enter 0xf10bb000
02-19 07:30:36.953  1130  2821 D ultrasound_extn: ultrasound_extn_set_parameters: enter, state 0
02-19 07:30:36.953  1130  2821 D ultrasound_extn: ultrasound_extn_set_parameters: enable: 1 index: 0 parms: ultrasound-proximity=1
02-19 07:30:36.953  1130  2821 D ultrasound_extn: ultrasound_extn_set_parameters: adev->ultrasound.sensor_activated:1
02-19 07:30:36.954  1130  2821 D ultrasound_extn: ultrasound_extn_start: enter
02-19 07:30:36.954  1130  2821 D ultrasound_extn: ultrasound_extn_start: starting
02-19 07:30:36.954  1130  2821 D ultrasound_extn: ultrasound_start: enter
02-19 07:30:36.954  1130  2821 D ultrasound_extn: dump_usecase_list: start ======================================
02-19 07:30:36.954  1130  2821 D ultrasound_extn: dump_usecase_list: enter state: 1[start] suspended: 0 cnt: 1 pre_cnt 0
02-19 07:30:36.956  4171  4171 D backgroundBlur: enablePassWindowBlur disable com.android.systemui.shade.NotificationShadeWindowView
02-19 07:30:36.957  4171  4171 I NotificationPanelView: doBlurAndDim: ratio = 0.99997836
02-19 07:30:36.957  1221  1452 E SDM     : HWCSession::GetClientTargetProperty: GetClinetTargetProperty interface enter
02-19 07:30:36.959  1130  2821 D ultrasound_extn: dump_usecase_list: RX_CDC_DMA_RX_0 SampleRate		 KHZ_48
02-19 07:30:36.960  1130  2821 D ultrasound_extn: dump_usecase_list: RX_CDC_DMA_RX_0 Format		 S16_LE
02-19 07:30:36.960  1130  2821 D ultrasound_extn: dump_usecase_list: RX_CDC_DMA_RX_0 Channels		 One
02-19 07:30:36.960  1130  2821 D ultrasound_extn: dump_usecase_list: RX_CDC_DMA_RX_1 SampleRate		 KHZ_48
02-19 07:30:36.960  1130  2821 D ultrasound_extn: dump_usecase_list: RX_CDC_DMA_RX_1 Format		 S16_LE
02-19 07:30:36.961  1130  2821 D ultrasound_extn: dump_usecase_list: RX_CDC_DMA_RX_1 Channels		 Two
02-19 07:30:36.961  1130  2821 D ultrasound_extn: dump_usecase_list: end ======================================
02-19 07:30:36.962  1130  2821 D audio_route: Apply path: ultrasound-proximity
02-19 07:30:36.962  2161  2319 D fpc_tac : <-- fpc_tee_wait_finger_lost, return: -7
02-19 07:30:36.962  2161  2319 D fpc_fingerprint_hal: fpc_navigation_resume
02-19 07:30:36.962  2161  2351 D fpc_tac : fpc_tee_clear_cancel
02-19 07:30:36.962  2161  2351 D fpc_fingerprint_hal: fpc_navigation_pause
02-19 07:30:36.962  2161  2351 D fpc_fingerprint_hal: fpc_worker_join_task
02-19 07:30:36.962  2161  2351 D fpc_fingerprint_hal: fpc_navigation_resume
02-19 07:30:36.962  2161  2351 W mfp_service: onError(5)
02-19 07:30:36.962  2161  2351 D mfp_service: On Error Canceled,enter idle status
02-19 07:30:36.963  2005  2005 D Fingerprint21: handleError, client: FingerprintAuthenticationClient, error: 5, vendorCode: 0
02-19 07:30:36.963  2005  2005 D Biometrics/AcquisitionClient: onErrorInternal code: 5, finish: true
02-19 07:30:36.965  1137 14695 I CVP     : File: vendor/qcom/proprietary/cv-noship/cvp/2.1/src/cpu/cvpPower.cpp Line: 1666 Function: cvpDeaggreatePower() Msg: After deaggregation
02-19 07:30:36.966  1137 14695 I CVP     : File: vendor/qcom/proprietary/cv-noship/cvp/2.1/src/cpu/cvpPower.cpp Line: 85 Function: cvpPrintPower() Msg: Actual      Clock: Fdu 0, Ica 0, Od 0, Mpu 0, Fw 0
02-19 07:30:36.966  1137 14695 I CVP     : File: vendor/qcom/proprietary/cv-noship/cvp/2.1/src/cpu/cvpPower.cpp Line: 89 Function: cvpPrintPower() Msg: Operational Clock: Fdu 0, Ica 0, Od 0, Mpu 0, Fw 0
02-19 07:30:36.966  1137 14695 I CVP     : File: vendor/qcom/proprietary/cv-noship/cvp/2.1/src/cpu/cvpPower.cpp Line: 91 Function: cvpPrintPower() Msg: Actual     Bw: Ddr 0, SysCache 0
02-19 07:30:36.966  1137 14695 I CVP     : File: vendor/qcom/proprietary/cv-noship/cvp/2.1/src/cpu/cvpPower.cpp Line: 93 Function: cvpPrintPower() Msg: Opeational Bw: Ddr 0, SysCache 0
02-19 07:30:36.966  1137 14695 I CVP     : File: vendor/qcom/proprietary/cv-noship/cvp/2.1/src/cpu/cvpPower.cpp Line: 96 Function: cvpPrintPower() Msg: FPS: FDU 0, MPU 0, OD 0, ICA 0
02-19 07:30:36.967  1130  2821 D ultrasound_extn: ultrasound_start: audio_route_apply_and_update_path err:0
02-19 07:30:36.967  1130  2821 D ultrasound_extn: ultrasound_enable_pseudo_port
02-19 07:30:36.967  1130  2821 D ultrasound_extn: ultrasound_set_pseudo_port_state: on is 1 adev->mode is 0
02-19 07:30:36.967  1130  2821 D ultrasound_extn: ultrasound_set_pseudo_port_state: enter, switch = On
02-19 07:30:36.967  1130  2821 D audio_route: Apply path: ultrasound-on
02-19 07:30:36.967  2005  2005 W BiometricFrameworkStatsLogger: found a negative latency : -1
02-19 07:30:36.968  1137 14695 V SYNX-UMD: Synx Uninit!
02-19 07:30:36.968  2005  2005 D BiometricStateCallback: Client finished, state updated to 0, client {[769] com.android.server.biometrics.sensors.fingerprint.hidl.FingerprintAuthenticationClient, proto=3, owner=com.android.systemui, cookie=0, requestId=364, userId=0}
02-19 07:30:36.968  2005  2005 D FingerprintServiceInjectorStubImpl: onStateChanged : 0
02-19 07:30:36.968  2005  2005 D PowerFingerprintServiceStubImpl: onStateChanged : 0
02-19 07:30:36.968  2005  2005 D SideFpsEventHandler: onStateChanged : 0
02-19 07:30:36.968  2005  2005 D SideFpsEventHandler: Dismissing dialog with reason: STATE_IDLE
02-19 07:30:36.968  2005  2005 D BiometricSchedulerOperation: [Finished / destroy]: {[769] com.android.server.biometrics.sensors.fingerprint.hidl.FingerprintAuthenticationClient, proto=3, owner=com.android.systemui, cookie=0, requestId=364, userId=0}
02-19 07:30:36.969  2005  2005 D BiometricScheduler/Fingerprint21: [Finishing] {[769] com.android.server.biometrics.sensors.fingerprint.hidl.FingerprintAuthenticationClient, proto=3, owner=com.android.systemui, cookie=0, requestId=364, userId=0}, success: false
02-19 07:30:36.969  2005  2005 D GestureAvailabilityTracker: Notifying gesture availability, active=true
02-19 07:30:36.969  2005  2005 D BiometricScheduler/Fingerprint21: No operations, returning to idle
02-19 07:30:36.970  4171  4171 D KeyguardUpdateMonitor: fingerprintRunningState: 0
02-19 07:30:36.970  4171  4171 D MiuiFaceManager: inernational:true supportR:[ALL] nowR:TR
02-19 07:30:36.971  1130  2821 D ultrasound_extn: ultrasound_start_tx: enter
02-19 07:30:36.971  4171  4171 D MiuiFaceManager: inernational:true supportR:[ALL] nowR:TR
02-19 07:30:36.971  4171  4171 D MiuiFaceManager: inernational:true supportR:[ALL] nowR:TR
02-19 07:30:36.971  4171  4171 D MiuiFaceManager: inernational:true supportR:[ALL] nowR:TR
02-19 07:30:36.971  1130  2821 D ultrasound_extn: ultrasound_capture_backends_match: snd_device1 = ultrasound-input, snd_device2 = 
02-19 07:30:36.971  1130  2821 E ultrasound_extn: ultrasound_capture_backends_match: Invalid snd_device = 
02-19 07:30:36.971  1130  2821 E ultrasound_extn: ultrasound_select_devices: ultrasound_select_devices get tx snd_device(300: ultrasound-input), rx snd_device(0: )
02-19 07:30:36.971  1130  2821 I msm8974_platform: platform_check_and_set_capture_codec_backend_cfg:txbecf: afe: bitwidth 0, samplerate 96000, channel 1 format 0, backend_idx 18 usecase = 72 device (ultrasound-input)
02-19 07:30:36.971  4171  4171 D MiuiFaceManager: inernational:true supportR:[ALL] nowR:TR
02-19 07:30:36.971  4171  4171 D MiuiFaceManager: inernational:true supportR:[ALL] nowR:TR
02-19 07:30:36.971  4171  4171 D MiuiFaceManager: inernational:true supportR:[ALL] nowR:TR
02-19 07:30:36.972  1130  2821 I msm8974_platform: platform_check_capture_codec_backend_cfg:txbecf: afe: Codec selected backend: 18 current bit width: 0 and sample rate: 96000, channels 1 format 0
02-19 07:30:36.972  1130  2821 W msm8974_platform: platform_get_backend_index:napb: Invalid device - 0 
02-19 07:30:36.972  1130  2821 D msm8974_platform: platform_check_capture_codec_backend_cfg:becf: afe: set BE sample 96000, bit_width 16, channels 1 for ULTRASOUND_TX_BACKEND
02-19 07:30:36.972  1130  2821 I msm8974_platform: platform_check_capture_codec_backend_cfg:txbecf: afe: current backend bit_width 16 sample_rate 96000 channels 1, format 0
02-19 07:30:36.972  1130  2821 D hardware_info: hw_info_append_hw_type : device_name = ultrasound-input
02-19 07:30:36.972  1130  2821 D audio_hw_primary: enable_snd_device: snd_device(300: ultrasound-input)[SND_DEVICE_IN_ULTRASOUND]
02-19 07:30:36.972  1130  2821 D msm8974_platform: platform_get_island_cfg_on_device:island cfg status on snd_device = (ultrasound-input 0)
02-19 07:30:36.972  1130  2821 I soundtrigger: audio_extn_sound_trigger_update_device_status: device 0x12c of type 1 for Event 1, with Raise=0
02-19 07:30:36.972  1130  2821 D audio_route: Apply path: ultrasound-input
02-19 07:30:36.972  4171  4171 D MiuiFaceManager: inernational:true supportR:[ALL] nowR:TR
02-19 07:30:36.972  4171  4171 D MiuiFaceManager: inernational:true supportR:[ALL] nowR:TR
02-19 07:30:36.972  4171  4171 D MiuiFaceManager: inernational:true supportR:[ALL] nowR:TR
02-19 07:30:36.973  4171  4171 D backgroundBlur: enablePassWindowBlur disable com.android.systemui.shade.NotificationShadeWindowView
02-19 07:30:36.973  4171  4171 I NotificationPanelView: doBlurAndDim: ratio = 0.9999992
02-19 07:30:36.973  1221  1452 E SDM     : HWCSession::GetClientTargetProperty: GetClinetTargetProperty interface enter
02-19 07:30:36.975  1137 14695 I CVP     : File: vendor/qcom/proprietary/cv-noship/cvp/2.1/src/cpu/cvpPvtUtils.cpp Line: 313 Function: cvpSetPower() Msg: Update power to KMD
02-19 07:30:36.975  1137 14695 I CVP     : File: vendor/qcom/proprietary/cv-noship/cvp/2.1/src/cpu/cvpPower.cpp Line: 85 Function: cvpPrintPower() Msg: Actual      Clock: Fdu 0, Ica 0, Od 0, Mpu 0, Fw 0
02-19 07:30:36.975  1137 14695 I CVP     : File: vendor/qcom/proprietary/cv-noship/cvp/2.1/src/cpu/cvpPower.cpp Line: 89 Function: cvpPrintPower() Msg: Operational Clock: Fdu 0, Ica 0, Od 0, Mpu 0, Fw 0
02-19 07:30:36.975  1137 14695 I CVP     : File: vendor/qcom/proprietary/cv-noship/cvp/2.1/src/cpu/cvpPower.cpp Line: 91 Function: cvpPrintPower() Msg: Actual     Bw: Ddr 0, SysCache 0
02-19 07:30:36.975  1137 14695 I CVP     : File: vendor/qcom/proprietary/cv-noship/cvp/2.1/src/cpu/cvpPower.cpp Line: 93 Function: cvpPrintPower() Msg: Opeational Bw: Ddr 0, SysCache 0
02-19 07:30:36.975  1137 14695 I CVP     : File: vendor/qcom/proprietary/cv-noship/cvp/2.1/src/cpu/cvpPower.cpp Line: 96 Function: cvpPrintPower() Msg: FPS: FDU 0, MPU 0, OD 0, ICA 0
02-19 07:30:36.975  1137 14695 I CVP     : File: vendor/qcom/proprietary/cv-noship/cvp/2.1/src/cpu/cvpPower.cpp Line: 1666 Function: cvpDeaggreatePower() Msg: After deaggregation
02-19 07:30:36.975  1137 14695 I CVP     : File: vendor/qcom/proprietary/cv-noship/cvp/2.1/src/cpu/cvpPower.cpp Line: 85 Function: cvpPrintPower() Msg: Actual      Clock: Fdu 0, Ica 0, Od 0, Mpu 0, Fw 0
02-19 07:30:36.975  1137 14695 I CVP     : File: vendor/qcom/proprietary/cv-noship/cvp/2.1/src/cpu/cvpPower.cpp Line: 89 Function: cvpPrintPower() Msg: Operational Clock: Fdu 0, Ica 0, Od 0, Mpu 0, Fw 0
02-19 07:30:36.975  1137 14695 I CVP     : File: vendor/qcom/proprietary/cv-noship/cvp/2.1/src/cpu/cvpPower.cpp Line: 91 Function: cvpPrintPower() Msg: Actual     Bw: Ddr 0, SysCache 0
02-19 07:30:36.975  1137 14695 I CVP     : File: vendor/qcom/proprietary/cv-noship/cvp/2.1/src/cpu/cvpPower.cpp Line: 93 Function: cvpPrintPower() Msg: Opeational Bw: Ddr 0, SysCache 0
02-19 07:30:36.975  1137 14695 I CVP     : File: vendor/qcom/proprietary/cv-noship/cvp/2.1/src/cpu/cvpPower.cpp Line: 96 Function: cvpPrintPower() Msg: FPS: FDU 0, MPU 0, OD 0, ICA 0
02-19 07:30:36.976  6503  6503 I AdvertisingIdClient: getting error as 17: API: ClientTelemetry.API is not available on this device. Connection failed with: ConnectionResult{statusCode=API_DISABLED, resolution=null, message=null, clientMethodKey=null}
02-19 07:30:36.979  1137 14695 V SYNX-UMD: Synx Uninit!
02-19 07:30:36.979  1137 14735 V SYNX-UMD: Exiting!
02-19 07:30:36.979  1137 14735 V SYNX-UMD: Thread killed
02-19 07:30:36.979  1137 14695 V SYNX-UMD: Joining hPollThread = 481856253104
02-19 07:30:36.979  1137 14734 V SYNX-UMD: Flush of dispatch job called!
02-19 07:30:36.980  1137 14695 V SYNX-UMD: Completed Synx FW tear down
02-19 07:30:36.980  1130  2821 D msm8974_platform: fluence nn disabled
02-19 07:30:36.981  1130  2821 D soundtrigger: audio_extn_sound_trigger_update_stream_status: uc_info->id 72 of type 1 for Event 3, with Raise=0
02-19 07:30:36.981  1130  2821 D audio_hw_utils: audio_extn_utils_send_app_type_cfg: usecase->in_snd_device ultrasound-input
02-19 07:30:36.981  1130  2821 E audio_hw_utils: send_app_type_cfg_for_device: Could not get ctl for mixer cmd - Audio Stream Capture 47 App Type Cfg
02-19 07:30:36.981  1130  2821 D msm8974_platform: fluence nn disabled
02-19 07:30:36.981  1130  2821 D audio_hw_primary: enable_audio_route: apply mixer and update path: ultrasound-proximity-input ultrasund-tx
02-19 07:30:36.981  1130  2821 D audio_route: Apply path: ultrasound-proximity-input ultrasund-tx
02-19 07:30:36.982  1129  1476 E minksocket: MinkIPC_QRTR_Service: client with node 1 port 5970 went down
02-19 07:30:36.985  1137  2891 E CamX    : [ERROR][NCS    ] camxncsintfqsee.cpp:2340 SensorCallback() Invalid sensor index -1
02-19 07:30:36.986  1130  2821 D audio_hw_primary: [force reset] create ultrasound-proximity-input ultrasund-tx 1
02-19 07:30:36.986  1130  2821 D ultrasound_extn: ultrasound_start_tx: pcm device id 47
02-19 07:30:36.988  1174 14564 I sensors-hal: handle_sns_std_sensor_event:57, light_event: ts=754571855737529, lux: 9.0, extra_info=0 
02-19 07:30:36.989  4171  4171 D backgroundBlur: enablePassWindowBlur disable com.android.systemui.shade.NotificationShadeWindowView
02-19 07:30:36.990  4171  4171 I NotificationPanelView: doBlurAndDim: ratio = 1.0
02-19 07:30:36.990  1221  1452 E SDM     : HWCSession::GetClientTargetProperty: GetClinetTargetProperty interface enter
02-19 07:30:36.993  1234  1373 E ANDR-PERF-OPTSHANDLER: perf_lock_rel:reqval -1 updating /sys/devices/system/cpu/cpu7/core_ctl/not_preferred with 0 
02-19 07:30:36.994  1137  1544 I CamX    : [ DUMP][HAL    ] camxhaldevice.cpp:3787 PrintErrorSummary() ==================================================================================
02-19 07:30:36.994  1137  1544 I CamX    : [ DUMP][HAL    ] camxhaldevice.cpp:3789 PrintErrorSummary() + Num Unknown Frame Error                   : 0
02-19 07:30:36.994  1137  1544 I CamX    : [ DUMP][HAL    ] camxhaldevice.cpp:3791 PrintErrorSummary() + Num Unexpected Shutter                    : 0
02-19 07:30:36.994  1137  1544 I CamX    : [ DUMP][HAL    ] camxhaldevice.cpp:3793 PrintErrorSummary() + Num Unexpected Request Error Notification : 0
02-19 07:30:36.994  1137  1544 I CamX    : [ DUMP][HAL    ] camxhaldevice.cpp:3795 PrintErrorSummary() + Num Unexpected Buffer Error Notification  : 1
02-19 07:30:36.994  1137  1544 I CamX    : [ DUMP][HAL    ] camxhaldevice.cpp:3797 PrintErrorSummary() + Num Unexpected Metadata Error Notification: 0
02-19 07:30:36.994  1137  1544 I CamX    : [ DUMP][HAL    ] camxhaldevice.cpp:3799 PrintErrorSummary() + Num Unexpected Output buffer result       : 0
02-19 07:30:36.994  1137  1544 I CamX    : [ DUMP][HAL    ] camxhaldevice.cpp:3801 PrintErrorSummary() + Num Unexpected metadata result            : 0
02-19 07:30:36.994  1137  1544 I CamX    : [ DUMP][HAL    ] camxhaldevice.cpp:3802 PrintErrorSummary() ==================================================================================
02-19 07:30:36.994  1234  1373 E ANDR-PERF-OPTSHANDLER: perf_lock_rel:reqval -1 updating /sys/devices/system/cpu/cpu4/core_ctl/not_preferred with 0 0 0 
02-19 07:30:36.994  1137  1544 I ExtendHAL: [Core] MiCamExtensionModule.cpp:131 extendClose()extendClose cameraId: 1, result: 0
02-19 07:30:36.994  1234  1373 E ANDR-PERF-OPTSHANDLER: perf_lock_rel: updating /sys/devices/system/cpu/cpu7/core_ctl/busy_down_thres with 30 
02-19 07:30:36.994  1234  1373 E ANDR-PERF-OPTSHANDLER: perf_lock_rel: updating /sys/devices/system/cpu/cpu7/core_ctl/busy_up_thres with 60 
02-19 07:30:36.994  2000  2000 I Camera3-Device: CameraServiceWatchdog watch close process
02-19 07:30:36.994  1234  1373 E ANDR-PERF-OPTSHANDLER: perf_lock_rel: updating /sys/devices/system/cpu/cpu4/core_ctl/busy_down_thres with 30 30 30 
02-19 07:30:36.994  1234  1373 E ANDR-PERF-OPTSHANDLER: perf_lock_rel: updating /sys/devices/system/cpu/cpu4/core_ctl/busy_up_thres with 60 60 60 
02-19 07:30:36.995  2000  2000 I CameraLatencyHistogram: Stream 0 dequeueBuffer latency histogram (16) samples:
02-19 07:30:36.996  2000  2000 I CameraLatencyHistogram:         5     10     15     20     25     30     35     40     45    inf (max ms)
02-19 07:30:36.996  2000  2000 I CameraLatencyHistogram:      68.75   18.75   0.00   6.25   0.00   0.00   0.00   0.00   0.00   6.25 (%)
02-19 07:30:36.996  2000  2000 I Camera3-Device: disconnectImpl: X
02-19 07:30:37.002  2000  2000 I CameraService: disconnect: Disconnected client for camera 1 for PID 6908
02-19 07:30:37.002  2000  2000 V CameraStub: setNfcPolling:295
02-19 07:30:37.002  2000  2000 V CameraStub: setRFLowerPower:312
02-19 07:30:37.002  2000  2000 V CameraStub: notifyCameraStatus:420
02-19 07:30:37.002  2000  2000 D cameraserver: FGS Logger Transaction failed
02-19 07:30:37.002  2000  2000 D cameraserver: -129
02-19 07:30:37.002  6908  7026 D CameraDevice-JV-1: close: X
02-19 07:30:37.002  6908  7026 I miui.face.transplant: Camera2Util, close camera
02-19 07:30:37.002  6908  7026 I miui.face.transplant: CameraDevice onClosed
02-19 07:30:37.003  6908  6953 W com.miui.face: Long monitor contention with owner auth_worker (7026) at void android.hardware.camera2.impl.CameraDeviceImpl.close()(CameraDeviceImpl.java:1533) waiters=0 in void android.hardware.camera2.impl.CameraDeviceImpl$CameraDeviceCallbacks.onCaptureStarted(android.hardware.camera2.impl.CaptureResultExtras, long) for 185ms
02-19 07:30:37.004  6908  6953 W CameraDevice-JV-1: Device error received, code 3, frame number 15, request ID 0, subseq ID 0
02-19 07:30:37.004  6908  6953 W CameraDevice-JV-1: Device error received, code 4, frame number 13, request ID 0, subseq ID 0
02-19 07:30:37.004  6908  6953 W CameraDevice-JV-1: Device error received, code 5, frame number 13, request ID 0, subseq ID 0
02-19 07:30:37.004  6908  6953 W CameraDevice-JV-1: Device error received, code 4, frame number 14, request ID 0, subseq ID 0
02-19 07:30:37.004  6908  6926 W CameraDevice-JV-1: Device error received, code 4, frame number 9, request ID 0, subseq ID 0
02-19 07:30:37.004  6908  6926 W CameraDevice-JV-1: Device error received, code 4, frame number 10, request ID 0, subseq ID 0
02-19 07:30:37.004  6908  6926 W CameraDevice-JV-1: Device error received, code 4, frame number 8, request ID 0, subseq ID 0
02-19 07:30:37.004  6908  6926 W CameraDevice-JV-1: Device error received, code 5, frame number 8, request ID 0, subseq ID 0
02-19 07:30:37.004  6908  6926 W CameraDevice-JV-1: Device error received, code 5, frame number 14, request ID 0, subseq ID 0
02-19 07:30:37.004  6908  6926 W CameraDevice-JV-1: Device error received, code 5, frame number 9, request ID 0, subseq ID 0
02-19 07:30:37.004  6908  6926 W CameraDevice-JV-1: Device error received, code 5, frame number 10, request ID 0, subseq ID 0
02-19 07:30:37.004  6908  6926 W CameraDevice-JV-1: Device error received, code 4, frame number 11, request ID 0, subseq ID 0
02-19 07:30:37.004  6908  6953 W CameraDevice-JV-1: Device error received, code 5, frame number 11, request ID 0, subseq ID 0
02-19 07:30:37.005  6908  6953 W CameraDevice-JV-1: Device error received, code 4, frame number 12, request ID 0, subseq ID 0
02-19 07:30:37.005  6908  6953 W CameraDevice-JV-1: Device error received, code 5, frame number 12, request ID 0, subseq ID 0
02-19 07:30:37.006  4171  4171 D backgroundBlur: enablePassWindowBlur disable com.android.systemui.shade.NotificationShadeWindowView
02-19 07:30:37.006  1221  1452 E SDM     : HWCSession::GetClientTargetProperty: GetClinetTargetProperty interface enter
02-19 07:30:37.008  9977 10641 D ElementListener: on smart scenario changed to 99
02-19 07:30:37.008 11991  2466 D CameraInjector: updateCloudCameraControllerInfoAsync: has aleardy start update task.
02-19 07:30:37.008 11991  2466 D CameraInjector: waitForResult: 
02-19 07:30:37.009 11991  2466 D CameraInjector: updateCloudCameraControllerInfoAsync: has aleardy start update task.
02-19 07:30:37.009 11991  2466 D CameraInjector: waitForResult: 
02-19 07:30:37.011  2000  2000 V CameraStub: updateTimestampSource:320
02-19 07:30:37.014 30762 30813 W ndroid.shopping: Reducing the number of considered missed Gc histogram windows from 223 to 100
02-19 07:30:37.014 11991  2466 D CameraInjector: updateCloudCameraControllerInfoAsync: has aleardy start update task.
02-19 07:30:37.014 11991  2466 D CameraInjector: waitForResult: 
02-19 07:30:37.014 11991  2466 D CameraInjector: updateCloudCameraControllerInfoAsync: has aleardy start update task.
02-19 07:30:37.014 11991  2466 D CameraInjector: waitForResult: 
02-19 07:30:37.015  2000  2000 V CameraStub: updateTimestampSource:320
02-19 07:30:37.018  1130  2821 D ultrasound_extn: ultrasound_start_tx: exit - success
02-19 07:30:37.018  1130  2821 D ultrasound_extn: ultrasound_start: ultrasound_start_tx err:0
02-19 07:30:37.018  1130  2821 D ultrasound_extn: ultrasound_start_rx: enter
02-19 07:30:37.018  1130  2821 D ultrasound_extn: ultrasound_new_rx_usecase: RX devices:2
02-19 07:30:37.018  1130  2821 E msm8974_platform: platform_check_backends_match: Invalid snd_device2 = 
02-19 07:30:37.018  1130  2821 E ultrasound_extn: ultrasound_select_devices: ultrasound_select_devices get tx snd_device(0: ), rx snd_device(132: ultrasound-output)
02-19 07:30:37.018  1130  2821 I msm8974_platform: platform_check_and_set_codec_backend_cfg:becf: afe: bitwidth 16, samplerate 96000 channels 1, backend_idx 5 usecase = 71 device (ultrasound-output)
02-19 07:30:37.018  1130  2821 I msm8974_platform: platform_check_and_set_codec_backend_cfg: new_snd_devices[0] is 132
02-19 07:30:37.018  1130  2821 I msm8974_platform: platform_check_codec_backend_cfg:becf: afe: bitwidth 16, samplerate 96000 channels 1, backend_idx 5 usecase = 71 device (ultrasound-output)
02-19 07:30:37.019  1130  2821 D msm8974_platform: platform_check_codec_backend_cfg:becf: updated afe: bitwidth 16, samplerate 96000 channels 1,backend_idx 5 usecase = 71 device (ultrasound-output)
02-19 07:30:37.019  1130  2821 D msm8974_platform: platform_check_codec_backend_cfg:becf: afe: set BE sample 96000, bit_width 24, channels 1 for ULTRASOUND_RX_BACKEND
02-19 07:30:37.019  1130  2821 I msm8974_platform: platform_check_codec_backend_cfg:becf: afe: Codec selected backend: 5 updated bit width: 24 and sample rate: 96000
02-19 07:30:37.019  1130  2821 D ultrasound_extn: ultrasound_check_usecases_codec_backend:becf: force routing 0
02-19 07:30:37.019  1130  2821 E msm8974_platform: platform_check_backends_match: Invalid snd_device2 = 
02-19 07:30:37.019  1130  2821 D ultrasound_extn: ultrasound_check_usecases_codec_backend:becf: check_usecases curr [71]=ultrasound-proximity-output device: ultrasound-output, usecase[72]=ultrasound-proximity-input device: backends match 0
02-19 07:30:37.019  1130  2821 E msm8974_platform: platform_check_backends_match: Invalid snd_device2 = 
02-19 07:30:37.019  1130  2821 D ultrasound_extn: ultrasound_check_usecases_codec_backend:becf: check_usecases curr [71]=ultrasound-proximity-output device: ultrasound-output, usecase[71]=ultrasound-proximity-output device: backends match 0
02-19 07:30:37.019  1130  2821 D ultrasound_extn: ultrasound_check_usecases_codec_backend:becf: check_usecases num.of Usecases to switch 0
02-19 07:30:37.019  1130  2821 D hardware_info: hw_info_append_hw_type : device_name = ultrasound-output
02-19 07:30:37.019  1130  2821 D audio_hw_primary: enable_snd_device: snd_device(132: ultrasound-output)[SND_DEVICE_OUT_ULTRASOUND]
02-19 07:30:37.019  1130  2821 D msm8974_platform: platform_get_island_cfg_on_device:island cfg status on snd_device = (ultrasound-output 0)
02-19 07:30:37.019  1130  2821 I soundtrigger: audio_extn_sound_trigger_update_device_status: device 0x84 of type 0 for Event 1, with Raise=0
02-19 07:30:37.019  1130  2821 D audio_route: Apply path: ultrasound-output
02-19 07:30:37.019 11991  2466 D CameraInjector: updateCloudCameraControllerInfoAsync: has aleardy start update task.
02-19 07:30:37.019 11991  2466 D CameraInjector: waitForResult: 
02-19 07:30:37.019  2000  2000 V CameraStub: updateTimestampSource:320
02-19 07:30:37.021  1130  2821 D soundtrigger: audio_extn_sound_trigger_update_stream_status: uc_info->id 71 of type 0 for Event 3, with Raise=0
02-19 07:30:37.021  1130  2821 D audio_hw_utils: audio_extn_utils_send_app_type_cfg: usecase->out_snd_device ultrasound-output
02-19 07:30:37.021  1130  2821 D audio_hw_primary: enable_audio_route: apply mixer and update path: ultrasound-proximity-output ultrasund-rx
02-19 07:30:37.021  1130  2821 E audio_route: unable to find path 'ultrasound-proximity-output ultrasund-rx'
02-19 07:30:37.021  1130  2821 D audio_hw_primary: [force reset] create ultrasound-proximity-output ultrasund-rx 1
02-19 07:30:37.021  1130  2821 D ultrasound_extn: ultrasound_start_rx: pcm device id 46
02-19 07:30:37.023  1221  1452 E SDM     : HWCSession::GetClientTargetProperty: GetClinetTargetProperty interface enter
02-19 07:30:37.027 11991  2466 D CameraInjector: updateCloudCameraControllerInfoAsync: has aleardy start update task.
02-19 07:30:37.027 11991  2466 D CameraInjector: waitForResult: 
02-19 07:30:37.027  2000  2000 V CameraStub: updateTimestampSource:320
02-19 07:30:37.029 11991  2466 D CameraInjector: updateCloudCameraControllerInfoAsync: has aleardy start update task.
02-19 07:30:37.029 11991  2466 D CameraInjector: waitForResult: 
02-19 07:30:37.029 11991  2466 D CameraInjector: updateCloudCameraControllerInfoAsync: has aleardy start update task.
02-19 07:30:37.029 11991  2466 D CameraInjector: waitForResult: 
02-19 07:30:37.029  2000  2000 V CameraStub: updateTimestampSource:320
02-19 07:30:37.030 11991  2466 D CameraInjector: updateCloudCameraControllerInfoAsync: has aleardy start update task.
02-19 07:30:37.030 11991  2466 D CameraInjector: waitForResult: 
02-19 07:30:37.031  2000  2000 V CameraStub: updateTimestampSource:320
02-19 07:30:37.039  1221  1452 E SDM     : HWCSession::GetClientTargetProperty: GetClinetTargetProperty interface enter
02-19 07:30:37.039  1130  2821 D ultrasound_extn: ultrasound_start_rx: exit - success
02-19 07:30:37.039  1130  2821 D ultrasound_extn: ultrasound_start: ultrasound_start_rx err:0
02-19 07:30:37.039  1130  2821 D ultrasound_extn: ultrasound_start: exit - success
02-19 07:30:37.039  1130  2821 D ultrasound_extn: ultrasound_extn_start: exit
02-19 07:30:37.039  1130  2821 E ultrasound_extn: ultrasound_force_report: force report
02-19 07:30:37.040  1130  2821 I ultrasound_extn: ultrasound_force_report: Set Ultrasound Force Report Mi_Ultrasound ReportNone
02-19 07:30:37.040  1130  2821 D ultrasound_extn: dump_usecase_list: start ======================================
02-19 07:30:37.040  1130  2821 D ultrasound_extn: dump_usecase_list: enter state: 1[start] suspended: 0 cnt: 1 pre_cnt 0
02-19 07:30:37.040  1130  2821 D ultrasound_extn: dump_usecase_list: ultrasound_start usecase[#0]:(72, ultrasound-proximity-input) in_dev:(300, ultrasound-input) out_dv:(0, )
02-19 07:30:37.040  1130  2821 D ultrasound_extn: dump_usecase_list: ultrasound_start usecase[#1]:(71, ultrasound-proximity-output) in_dev:(0, ) out_dv:(132, ultrasound-output)
02-19 07:30:37.041  1130  2821 D ultrasound_extn: dump_usecase_list: RX_CDC_DMA_RX_0 SampleRate		 KHZ_48
02-19 07:30:37.041  1130  2821 D ultrasound_extn: dump_usecase_list: RX_CDC_DMA_RX_0 Format		 S16_LE
02-19 07:30:37.042  1130  2821 D ultrasound_extn: dump_usecase_list: RX_CDC_DMA_RX_0 Channels		 One
02-19 07:30:37.042  1130  2821 D ultrasound_extn: dump_usecase_list: RX_CDC_DMA_RX_1 SampleRate		 KHZ_48
02-19 07:30:37.042  1130  2821 D ultrasound_extn: dump_usecase_list: RX_CDC_DMA_RX_1 Format		 S16_LE
02-19 07:30:37.042  1130  2821 D ultrasound_extn: dump_usecase_list: RX_CDC_DMA_RX_1 Channels		 Two
02-19 07:30:37.042  1130  2821 D ultrasound_extn: dump_usecase_list: end ======================================
02-19 07:30:37.042  1130  2821 D audio_hw_primary: adev_set_parameters: exit with code(0)
02-19 07:30:37.042  1174  1174 I android.hardware.sensors@2.0-service.multihal: MIUS: activate() in critical section
02-19 07:30:37.043  1174  1174 I android.hardware.sensors@2.0-service.multihal: MIUS: activate() exit
02-19 07:30:37.043  1174  2917 I android.hardware.sensors@2.0-service.multihal: MIUS:run() return here
02-19 07:30:37.043  1174  2917 I android.hardware.sensors@2.0-service.multihal: MIUS: poll result ultrasound data success
02-19 07:30:37.043  1174  2917 D android.hardware.sensors@2.0-service.multihal: MIUS:ultrasoundiio_readEventsByCount 1
02-19 07:30:37.043  1174  2917 D android.hardware.sensors@2.0-service.multihal: MIUS:ultrasoundiio_readEventsByCount ret 16
02-19 07:30:37.043  1174  2917 D android.hardware.sensors@2.0-service.multihal: MIUS:ultrasoundiio_fillData() data->distance = 5.000000
02-19 07:30:37.043  1174  2917 I android.hardware.sensors@2.0-service.multihal: MIUS:ultrasoundiio_getEvents() data->distance = 5.000000
02-19 07:30:37.044  9807  9807 D CompassHeading: Raw azimuth: 36.3574555369093
02-19 07:30:37.044  9807  9807 D CompassHeading: Adjusted azimuth after rotation: 36.3574555369093
02-19 07:30:37.044  9807  9807 D CompassHeading: Raw azimuth: 36.38077721783031
02-19 07:30:37.044  9807  9807 D CompassHeading: Adjusted azimuth after rotation: 36.38077721783031
02-19 07:30:37.044  9807  9807 D CompassHeading: Raw azimuth: 36.27709153113493
02-19 07:30:37.044  9807  9807 D CompassHeading: Adjusted azimuth after rotation: 36.27709153113493
02-19 07:30:37.044  9807  9807 D CompassHeading: Raw azimuth: 36.32562685537704
02-19 07:30:37.044  9807  9807 D CompassHeading: Adjusted azimuth after rotation: 36.32562685537704
02-19 07:30:37.044  9807  9807 D CompassHeading: Raw azimuth: 36.413084012604465
02-19 07:30:37.044  9807  9807 D CompassHeading: Adjusted azimuth after rotation: 36.413084012604465
02-19 07:30:37.044  9807  9807 D CompassHeading: Raw azimuth: 36.4661921484959
02-19 07:30:37.044  9807  9807 D CompassHeading: Adjusted azimuth after rotation: 36.4661921484959
02-19 07:30:37.044  9807  9807 D CompassHeading: Raw azimuth: 36.460205487688384
02-19 07:30:37.045  9807  9807 D CompassHeading: Adjusted azimuth after rotation: 36.460205487688384
02-19 07:30:37.045  9807  9807 D CompassHeading: Raw azimuth: 36.53649187052826
02-19 07:30:37.045  9807  9807 D CompassHeading: Adjusted azimuth after rotation: 36.53649187052826
02-19 07:30:37.051  9807  9807 D CompassHeading: Raw azimuth: 36.506435623085615
02-19 07:30:37.051  9807  9807 D CompassHeading: Adjusted azimuth after rotation: 36.506435623085615
02-19 07:30:37.056  1221  1452 E SDM     : HWCSession::GetClientTargetProperty: GetClinetTargetProperty interface enter
02-19 07:30:37.063  9807  9807 D CompassHeading: Raw azimuth: 36.59339759159822
02-19 07:30:37.063  9807  9807 D CompassHeading: Adjusted azimuth after rotation: 36.59339759159822
02-19 07:30:37.070  9807  9807 D CompassHeading: Raw azimuth: 36.753958263512295
02-19 07:30:37.070  9807  9807 D CompassHeading: Adjusted azimuth after rotation: 36.753958263512295
02-19 07:30:37.072  1221  1452 E SDM     : HWCSession::GetClientTargetProperty: GetClinetTargetProperty interface enter
02-19 07:30:37.083  9807  9807 D CompassHeading: Raw azimuth: 36.83550389201308
02-19 07:30:37.083  9807  9807 D CompassHeading: Adjusted azimuth after rotation: 36.83550389201308
02-19 07:30:37.089  1221  1452 E SDM     : HWCSession::GetClientTargetProperty: GetClinetTargetProperty interface enter
02-19 07:30:37.089  9807  9807 D CompassHeading: Raw azimuth: 37.044347171169974
02-19 07:30:37.090  9807  9807 D CompassHeading: Adjusted azimuth after rotation: 37.044347171169974
02-19 07:30:37.091  9807  9807 D CompassHeading: Emitting HeadingUpdated event with azimuth: 37
02-19 07:30:37.103  9807  9807 D CompassHeading: Raw azimuth: 37.121419025764396
02-19 07:30:37.103  9807  9807 D CompassHeading: Adjusted azimuth after rotation: 37.121419025764396
02-19 07:30:37.106  1221  1452 E SDM     : HWCSession::GetClientTargetProperty: GetClinetTargetProperty interface enter
02-19 07:30:37.109  9807  9807 D CompassHeading: Raw azimuth: 37.079901720894476
02-19 07:30:37.109  9807  9807 D CompassHeading: Adjusted azimuth after rotation: 37.079901720894476
02-19 07:30:37.122  1221  1452 E SDM     : HWCSession::GetClientTargetProperty: GetClinetTargetProperty interface enter
02-19 07:30:37.123  9807  9807 D CompassHeading: Raw azimuth: 37.142278423489614
02-19 07:30:37.123  9807  9807 D CompassHeading: Adjusted azimuth after rotation: 37.142278423489614
02-19 07:30:37.127  9807  9807 D CompassHeading: Raw azimuth: 36.91793061491679
02-19 07:30:37.127  9807  9807 D CompassHeading: Adjusted azimuth after rotation: 36.91793061491679
02-19 07:30:37.139  1221  1452 E SDM     : HWCSession::GetClientTargetProperty: GetClinetTargetProperty interface enter
02-19 07:30:37.143  9807  9807 D CompassHeading: Raw azimuth: 36.96456373147505
02-19 07:30:37.143  9807  9807 D CompassHeading: Adjusted azimuth after rotation: 36.96456373147505
02-19 07:30:37.147  9807  9807 D CompassHeading: Raw azimuth: 36.83929806209702
02-19 07:30:37.147  9807  9807 D CompassHeading: Adjusted azimuth after rotation: 36.83929806209702
02-19 07:30:37.155  1221  1452 E SDM     : HWCSession::GetClientTargetProperty: GetClinetTargetProperty interface enter
02-19 07:30:37.163  9807  9807 D CompassHeading: Raw azimuth: 36.86079266741505
02-19 07:30:37.163  9807  9807 D CompassHeading: Adjusted azimuth after rotation: 36.86079266741505
02-19 07:30:37.166  9807  9807 D CompassHeading: Raw azimuth: 36.87176878141126
02-19 07:30:37.166  9807  9807 D CompassHeading: Adjusted azimuth after rotation: 36.87176878141126
02-19 07:30:37.167 13532 13562 W .uninstaller:bg: Long monitor contention with owner BgSrvc (13579) at boolean iah.齂(long, java.lang.String)(SAM:60) waiters=0 in java.lang.String eof.鷖() for 550ms
02-19 07:30:37.172  1221  1452 E SDM     : HWCSession::GetClientTargetProperty: GetClinetTargetProperty interface enter
02-19 07:30:37.177  1137  2891 E CamX    : [ERROR][NCS    ] camxncsintfqsee.cpp:2555 FillSensorData() Invalid sensor index -1
02-19 07:30:37.179  2005  6307 I ClipboardServiceI: checkProviderWakePathForClipboard: primaryClip is null
02-19 07:30:37.183  9807  9807 D CompassHeading: Raw azimuth: 36.88720500893549
02-19 07:30:37.183  9807  9807 D CompassHeading: Adjusted azimuth after rotation: 36.88720500893549
02-19 07:30:37.186  9807  9807 D CompassHeading: Raw azimuth: 36.86996902656496
02-19 07:30:37.186  9807  9807 D CompassHeading: Adjusted azimuth after rotation: 36.86996902656496
02-19 07:30:37.187  1137  2891 E CamX    : [ERROR][NCS    ] camxncsservice.cpp:1007 EnqueueJob() Can not enqueue jobs when thread is stopped
02-19 07:30:37.187  1174 14564 I sensors-hal: handle_sns_std_sensor_event:57, light_event: ts=754572062083519, lux: 11.0, extra_info=11 
02-19 07:30:37.188  1221  1452 E SDM     : HWCSession::GetClientTargetProperty: GetClinetTargetProperty interface enter
02-19 07:30:37.203  9807  9807 D CompassHeading: Raw azimuth: 36.874972140131995
02-19 07:30:37.203  9807  9807 D CompassHeading: Adjusted azimuth after rotation: 36.874972140131995
02-19 07:30:37.204  9807  9807 D CompassHeading: Raw azimuth: 36.86021893152477
02-19 07:30:37.204  9807  9807 D CompassHeading: Adjusted azimuth after rotation: 36.86021893152477
02-19 07:30:37.205  1221  1452 E SDM     : HWCSession::GetClientTargetProperty: GetClinetTargetProperty interface enter
02-19 07:30:37.208  4171  4171 D KeyguardPinView: startDisappearAnimation finish
02-19 07:30:37.208  4171  4171 E KeyguardViewMediator: mHideAnimationFinishedRunnable#run,mHideAnimationRunning=true,mHideAnimationRun=true
02-19 07:30:37.208  4171  4171 D KeyguardViewMediator: tryKeyguardDone: pending - false, animRan - true animRunning - false
02-19 07:30:37.208  4171  4171 D KeyguardViewMediator: handleKeyguardDone
02-19 07:30:37.208  4171  4171 D KeyguardViewMediator: handleHide
02-19 07:30:37.208  4171  4171 D KeyguardViewMediator: keyguardGoingAway
02-19 07:30:37.210  4171  4171 D MiuiFaceManager: inernational:true supportR:[ALL] nowR:TR
02-19 07:30:37.211  4171  4171 D MiuiFaceManager: inernational:true supportR:[ALL] nowR:TR
02-19 07:30:37.211  4171  4171 D MiuiFaceManager: inernational:true supportR:[ALL] nowR:TR
02-19 07:30:37.211  4171  4847 I KeyguardViewMediator: call fw keyguardGoingAway: flags = 8
02-19 07:30:37.211 10762 10762 D TouchInteractionService: onSystemUiFlagsChanged, mSystemUiStateFlags=900001c8
02-19 07:30:37.211 10762 10762 D NavStubView_Touch: onSystemUiFlagsChanged  mIsShowStatusBar    old= true   new=true
02-19 07:30:37.211 10762 10762 D NavStubView_Touch: onSystemUiFlagsChanged  mIsShowNavBar    old= true   new=true
02-19 07:30:37.211 10762 10762 D NavStubView_Touch: onSystemUiFlagsChanged  isImmersiveNew    old= false   new=false
02-19 07:30:37.211 10762 10762 D NavStubView_Touch: onSystemUiFlagsChanged, mDisableHomeRecents = true, disableHomeRecents = true, isHomeDisabled = true, isRecentDisabled = true
02-19 07:30:37.212  4171  4171 D MiuiFaceManager: inernational:true supportR:[ALL] nowR:TR
02-19 07:30:37.212  2005  2329 E NativeTurboSchedManagerJni: open /dev/metis failed!
02-19 07:30:37.212  2005  6307 D WindowManager: Requesting StartTransition: TransitionRecord{f2f0e2 id=5750 type=TO_BACK flags=0x108}
02-19 07:30:37.213  4171  4318 E NativeTurboSchedManagerJni: open /dev/metis failed!
02-19 07:30:37.213  2005  6307 D ActivityTaskManager: Top Process State changed to PROCESS_STATE_TOP
02-19 07:30:37.213  4171  4318 E NativeTurboSchedManagerJni: open /dev/metis failed!
02-19 07:30:37.213  2005  6307 I ActivityTaskManager: resumeTopActivityInnerLocked topActivity:ActivityRecord{7ca0c86 u0 com.ezanvakti/.MainActivity t887} isFocusable:true this:Task{a0fd574 #887 type=standard A=10795:com.ezanvakti}
02-19 07:30:37.213  2005  6307 D PerfStubImpl: perfWarmLaunchBoost: com.ezanvakti, -1, 2
02-19 07:30:37.213  1234  1234 E vendor.qti.hardware.perf@2.2-service: Unknown params
02-19 07:30:37.213  1234  1234 E vendor.qti.hardware.perf@2.2-service: Unknown params
02-19 07:30:37.214  1234  1373 E ANDR-PERF-OPTSHANDLER: Perflock resource /sys/class/devfreq/soc:qcom,cpubw/max_freq not supported
02-19 07:30:37.214  1234  1373 E ANDR-PERF-RESOURCEQS: Failed to apply optimization [6, 6]
02-19 07:30:37.214  1234  1373 E ANDR-PERF-OPTSHANDLER: Perflock resource /sys/class/devfreq/soc:qcom,cpubw/min_freq not supported
02-19 07:30:37.214  1234  1373 E ANDR-PERF-RESOURCEQS: Failed to apply optimization [6, 0]
02-19 07:30:37.214  2005  6307 D WindowManager: Collecting in transition 5750: ActivityRecord{7ca0c86 u0 com.ezanvakti/.MainActivity t887} init visibleRequested:false
02-19 07:30:37.215  2005  6307 D WindowManagerService: checkFlipFullScreenChange is same, nowIsFullScreen = false
02-19 07:30:37.215  9807  9807 I ForceDarkHelperStubImpl: setViewRootImplForceDark: false for com.ezanvakti.MainActivity@7597faa, reason: AppDarkModeEnable
02-19 07:30:37.218  2005  3234 I MiuiNetworkPolicy: updateUidState uid = 10795, uidState = 2
02-19 07:30:37.218  2005  6307 D WindowManager: Collecting in transition 5750: ActivityRecord{7ca0c86 u0 com.ezanvakti/.MainActivity t887} init visibleRequested:true
02-19 07:30:37.218  2005  6307 D WindowManager: Collecting in transition 5750: WallpaperWindowToken{2f47cbe token=android.os.BinderProxy@ebd4779} init visibleRequested:true
02-19 07:30:37.218  2005  6307 I ActivityTaskManager: resumeTopActivityInnerLocked topActivity:ActivityRecord{7ca0c86 u0 com.ezanvakti/.MainActivity t887} isFocusable:true this:Task{a0fd574 #887 type=standard A=10795:com.ezanvakti}
02-19 07:30:37.221  1221  1452 E SDM     : HWCSession::GetClientTargetProperty: GetClinetTargetProperty interface enter
02-19 07:30:37.222  4171  4171 E AnimationHelper: com.android.keyguard.clock.animation.AnimationHelper@7a2c244 doAnimationToNotification hasNotification: true, fromKeyguard: true, mHasNotification: true, mToAod: false
02-19 07:30:37.225  9807  9807 D CompassHeading: Raw azimuth: 36.97482950579758
02-19 07:30:37.225  9807  9807 D CompassHeading: Adjusted azimuth after rotation: 36.97482950579758
02-19 07:30:37.225  9807  9807 D CompassHeading: Raw azimuth: 36.974136241596824
02-19 07:30:37.225  9807  9807 D CompassHeading: Adjusted azimuth after rotation: 36.974136241596824
02-19 07:30:37.227  9807 11485 D AppScoutStateMachine: 9807-ScoutStateMachinecreated
02-19 07:30:37.233  2005  2944 D WindowManager: Set transition=TransitionRecord{f2f0e2 id=5750 type=TO_BACK flags=0x108}, ready=true, SyncId=5750 
02-19 07:30:37.234  4171  4318 E NativeTurboSchedManagerJni: open /dev/metis failed!
02-19 07:30:37.234  4171  4318 D MiuiFullScreenTaskRepository: setFocusedTask taskId=887, displayId=0, topActivity=ComponentInfo{com.ezanvakti/com.ezanvakti.MainActivity}
02-19 07:30:37.234  4171  4318 D MiuiFullScreenTaskRepository: addOrUpdateFullScreenTaskInfo taskId=887, topActivity=ComponentInfo{com.ezanvakti/com.ezanvakti.MainActivity}
02-19 07:30:37.235  4171  4494 E NativeTurboSchedManagerJni: open /dev/metis failed!
02-19 07:30:37.235  4171  4495 E NativeTurboSchedManagerJni: open /dev/metis failed!
02-19 07:30:37.236  5752  5795 W OpenGLRenderer: Surface doesn't have any previously queued frames, nothing to readback from
02-19 07:30:37.237  9807  9807 W unknown:BridgelessReact: ReactHost{0}.onHostResume(activity)
02-19 07:30:37.237  9807  9807 W unknown:BridgelessReact: ReactContext.onHostResume()
02-19 07:30:37.238  1221  1452 E SDM     : HWCSession::GetClientTargetProperty: GetClinetTargetProperty interface enter
02-19 07:30:37.244  5752  5795 W OpenGLRenderer: Surface doesn't have any previously queued frames, nothing to readback from
02-19 07:30:37.244  2005  4296 W BatteryExternalStatsWorker: error reading Bluetooth stats: 11
02-19 07:30:37.247  1174  2917 I android.hardware.sensors@2.0-service.multihal: MIUS: poll result ultrasound data success
02-19 07:30:37.247  1174  2917 D android.hardware.sensors@2.0-service.multihal: MIUS:ultrasoundiio_readEventsByCount 1
02-19 07:30:37.247  1174  2917 D android.hardware.sensors@2.0-service.multihal: MIUS:ultrasoundiio_readEventsByCount ret 16
02-19 07:30:37.247  1174  2917 D android.hardware.sensors@2.0-service.multihal: MIUS:ultrasoundiio_fillData() data->distance = 5.000000
02-19 07:30:37.247  1174  2917 I android.hardware.sensors@2.0-service.multihal: MIUS:ultrasoundiio_getEvents() data->distance = 5.000000
02-19 07:30:37.249 11438 11634 W FirebaseRemoteConfig: No value of type 'String' exists for parameter key 'icon_switch'.
02-19 07:30:37.251  2005  2329 I BLASTSyncEngine: SyncGroup 5750:  Unfinished container:ActivityRecord{7ca0c86 u0 com.ezanvakti/.MainActivity t887}
02-19 07:30:37.251  2005  2329 I BLASTSyncEngine: isActivitySyncFinished isSyncFinished false ActivityRecord{7ca0c86 u0 com.ezanvakti/.MainActivity t887}
02-19 07:30:37.252 10762 10762 D RecentsImpl: mActivityStateObserver com.ezanvakti.MainActivity
02-19 07:30:37.252  4171  2359 D MiuiFreeformModeObserver: activityResumed() intent： Intent { cmp=com.ezanvakti/.MainActivity (has extras) }
02-19 07:30:37.252 10762 10762 W RecentsImpl: onResumed className=com.ezanvakti.MainActivity   mIsInAnotherPro=false   isKeyguardLocked=true   mSecuritySpaceGuideShown=false
02-19 07:30:37.254  1362  1362 I BpBinder: onLastStrongRef automatically unlinking death recipients: 
02-19 07:30:37.255  1221  1452 E SDM     : HWCSession::GetClientTargetProperty: GetClinetTargetProperty interface enter
02-19 07:30:37.263  2005  4296 I BLASTSyncEngine: SyncGroup 5750:  Unfinished container:ActivityRecord{7ca0c86 u0 com.ezanvakti/.MainActivity t887}
02-19 07:30:37.263  2005  4296 I BLASTSyncEngine: isActivitySyncFinished isSyncFinished false ActivityRecord{7ca0c86 u0 com.ezanvakti/.MainActivity t887}
02-19 07:30:37.265  2005  3234 I MiuiNetworkPolicy: updateUidState uid = 10651, uidState = 8
02-19 07:30:37.268  2005  3234 I MiuiNetworkPolicy: updateUidState uid = 10732, uidState = 8
02-19 07:30:37.268  2005  2956 I SmartPower: com.instagram.android/10651(8275): idle->background(41779ms) R(service create com.instagram.android/com.instagram.publisher.HeartbeatJobService) adj=0.
02-19 07:30:37.272  1221  1452 E SDM     : HWCSession::GetClientTargetProperty: GetClinetTargetProperty interface enter
02-19 07:30:37.273  4171  4171 E AnimationHelper: com.android.keyguard.clock.animation.AnimationHelper@7a2c244 doAnimationToNotification hasNotification: true, fromKeyguard: true, mHasNotification: true, mToAod: false
02-19 07:30:37.273  9807  9807 W libc    : Access denied finding property "vendor.display.enable_optimal_refresh_rate"
02-19 07:30:37.275  2005  6469 I BLASTSyncEngine: SyncGroup 5750:  Unfinished container:ActivityRecord{7ca0c86 u0 com.ezanvakti/.MainActivity t887}
02-19 07:30:37.275  2005  6469 I BLASTSyncEngine: isActivitySyncFinished isSyncFinished false ActivityRecord{7ca0c86 u0 com.ezanvakti/.MainActivity t887}
02-19 07:30:37.277  4171  4494 V SnapshotDrawerUtils: Drawing snapshot surface sizeMismatch=false
02-19 07:30:37.278  2005  2944 E NativeTurboSchedManagerJni: open /dev/metis failed!
02-19 07:30:37.279  2005  2944 E NativeTurboSchedManagerJni: open /dev/metis failed!
02-19 07:30:37.281  9807 11444 E OpenGLRenderer: Unable to match the desired swap behavior.
02-19 07:30:37.282  2005  2329 I SmartPower: com.ezanvakti/10795(9807): invisible->visible(10801ms) R(become visible) adj=0.
02-19 07:30:37.282  2005  2329 I WindowManager: wms.showSurfaceRobustly mWin:Window{af54fa2 u0 SnapshotStartingWindow for taskId=887}
02-19 07:30:37.282  2005  2329 D WindowManager: Final targets: [Task{a0fd574 #887 type=standard A=10795:com.ezanvakti}, DefaultTaskDisplayArea@166180905, WallpaperWindowToken{2f47cbe token=android.os.BinderProxy@ebd4779}]
02-19 07:30:37.286  2005  2329 D WindowManager: Calling onTransitionReady info={id=5750 t=TO_BACK f=0x108 trk=0 r=[0@Point(0, 0)] c=[{WCT{RemoteToken{294b41f Task{a0fd574 #887 type=standard A=10795:com.ezanvakti}}} m=TO_FRONT f=NONE p=WCT{RemoteToken{47c8e3 DefaultTaskDisplayArea@166180905}} leash=Surface(name=Task=887#91100)/@0x76beec3 sb=Rect(0, 0 - 1080, 2400) eb=Rect(0, 0 - 1080, 2400) d=0},{WCT{RemoteToken{47c8e3 DefaultTaskDisplayArea@166180905}} m=TO_FRONT f=NONE leash=Surface(name=DefaultTaskDisplayArea#9)/@0xc988dbb sb=Rect(0, 0 - 1080, 2400) eb=Rect(0, 0 - 1080, 2400) d=0},{null m=TO_BACK f=IS_WALLPAPER leash=Surface(name=WallpaperWindowToken{2f47cbe token=android.os.BinderProxy@ebd4779}#54410)/@0x90f311f sb=Rect(0, 0 - 1080, 2400) eb=Rect(0, 0 - 1080, 2400) d=0}] noAni=[false] df=[false] mk=[true]}, mToken=Token{578b45a TransitionRecord{f2f0e2 id=5750 type=TO_BACK flags=0x108}}
02-19 07:30:37.286  2005  2329 I BLASTSyncEngine: finishNow: after onTransactionReady, mSyncId=5750
02-19 07:30:37.287  4171  4318 E NativeTurboSchedManagerJni: open /dev/metis failed!
02-19 07:30:37.287  1362  1362 W Layer   : gatherBufferInfo: Received unknown dataspace from gralloc
02-19 07:30:37.287  2005  2329 E NativeTurboSchedManagerJni: open /dev/metis failed!
02-19 07:30:37.289  1221  1452 E SDM     : HWCSession::GetClientTargetProperty: GetClinetTargetProperty interface enter
02-19 07:30:37.292  4171  4318 D MiuiFreeFormManager:  isHideStackFromFullScreen taskId=887
02-19 07:30:37.292  4171  4318 D KeyguardService: Starts IRemoteAnimationRunner: info={id=5750 t=TO_BACK f=0x108 trk=0 r=[0@Point(0, 0)] c=[{WCT{android.window.IWindowContainerToken$Stub$Proxy@a67354e} m=TO_FRONT f=NONE p=WCT{android.window.IWindowContainerToken$Stub$Proxy@883a66f} leash=Surface(name=Task=887#91100)/@0x5496b02 sb=Rect(0, 0 - 1080, 2400) eb=Rect(0, 0 - 1080, 2400) d=0},{WCT{android.window.IWindowContainerToken$Stub$Proxy@59ddf7c} m=TO_FRONT f=NONE leash=Surface(name=DefaultTaskDisplayArea#9)/@0x4695c13 sb=Rect(0, 0 - 1080, 2400) eb=Rect(0, 0 - 1080, 2400) d=0},{null m=TO_BACK f=IS_WALLPAPER leash=Surface(name=WallpaperWindowToken{2f47cbe token=android.os.BinderProxy@ebd4779}#54410)/@0x49c2e50 sb=Rect(0, 0 - 1080, 2400) eb=Rect(0, 0 - 1080, 2400) d=0}] noAni=[false] df=[false] mk=[true]}
02-19 07:30:37.293  4171  4318 D MiuiFreeFormManager:  isHideStackFromFullScreen taskId=887
02-19 07:30:37.295  4171  4318 D KeyguardService: Finish IRemoteAnimationRunner.
02-19 07:30:37.295  4171  4171 D KeyguardViewMediator: handleStartKeyguardExitAnimation startTime=0 fadeoutDuration=0
02-19 07:30:37.295  4171  4171 D MiuiFaceManager: inernational:true supportR:[ALL] nowR:TR
02-19 07:30:37.296  4171  4171 I NotificationPanelView: doBlurAndDim: ratio = 0.0
02-19 07:30:37.296  4171  4171 D LockScreenMagazineClient: hideOverlay animate=true;mOverlay=null
02-19 07:30:37.296  4171  4171 D KeyguardPanelViewInjector: updateKeyguardElementsVisibility isExitingToKeyguard = false, isOnKeyguard = true, isOnShadeLocked = false, isWallpaperMattingSupport = false
02-19 07:30:37.296  4171  4171 D MiuiFaceManager: inernational:true supportR:[ALL] nowR:TR
02-19 07:30:37.296  4171  4847 I KeyguardSensorInjector: unregister large area touch sensor
02-19 07:30:37.297  4171  4318 D MiuiFreeformAnimation: updateFreeformForUnhandledTransition change: {WCT{android.window.IWindowContainerToken$Stub$Proxy@a67354e} m=TO_FRONT f=NONE p=WCT{android.window.IWindowContainerToken$Stub$Proxy@883a66f} leash=Surface(name=Task=887#91100)/@0x5496b02 sb=Rect(0, 0 - 1080, 2400) eb=Rect(0, 0 - 1080, 2400) d=0} miuiFreeformModeTaskInfo: null
02-19 07:30:37.297  2005  9974 I SensorService: 	>>> actuating h/w activate handle=0x2000001 enabled=0
02-19 07:30:37.298  4171  4318 E NativeTurboSchedManagerJni: open /dev/metis failed!
02-19 07:30:37.298  4171  4318 D SoScUtils: monitorTransitionFinished transition:android.os.BinderProxy@73d2795 transaction: android.view.SurfaceControl$Transaction@ca77768 mRequestCloseTransition:null mRequestOpenTransition:null mPairsOpenTransition:null mPairsOpenTransitionNull:null mRequestOpenTriggerTask:-1 mRequestCloseTriggerTask:-1 mOrientationTransition: null mMainStartingTask:-1 mSideStartingTask:-1
02-19 07:30:37.300  4171  4171 D MIUIStrongToastControl: mIsKeyguardShowing :false
02-19 07:30:37.301  2005  3234 I MiuiNetworkPolicy: updateUidState uid = 10732, uidState = 10
02-19 07:30:37.302  2005  6469 W ActivityManagerServiceImpl: Sending non-protected broadcast com.android.systemui.fsgesture from system 4171:com.android.systemui/1000 pkg com.android.systemui. Callers=
02-19 07:30:37.303  4171  4318 D MiuiFullScreenTaskRepository: setFocusedTask taskId=887, displayId=0, topActivity=ComponentInfo{com.ezanvakti/com.ezanvakti.MainActivity}
02-19 07:30:37.303  4171  4318 D MiuiFullScreenTaskRepository: addOrUpdateFullScreenTaskInfo taskId=887, topActivity=ComponentInfo{com.ezanvakti/com.ezanvakti.MainActivity}
02-19 07:30:37.304  2005  3234 I MiuiNetworkPolicy: updateUidState uid = 10651, uidState = 10
02-19 07:30:37.304  5752  5752 I MiuiWallpaper-MiuiKeyguardPictorialWallpaper: onVisibilityChanged, visible = false
02-19 07:30:37.304 10762 29678 W RecentsImpl: updateFsgWindowVisibilityState   isEnter=false   typeFrom=typefrom_keyguard   isOpen=true   mIsInAnotherPro=false   mIsStatusBarExpansion=false
02-19 07:30:37.304 10762 10762 D RecentsImpl: showNavStubView
02-19 07:30:37.304 10762 10762 D NavStubView_Touch: setKeepHidden    old=false   new=false
02-19 07:30:37.305 10762 11601 D RecentsImpl: showBackStubWindow  hasNavigationBar=true
02-19 07:30:37.305 10762 11601 D GestureStubView_Touch: setKeepHidden    old=false   new=false
02-19 07:30:37.305 10762 11601 W GestureStubView: adaptRotation   currentRotation=0   mRotation=0
02-19 07:30:37.305 10762 11601 D GestureStubView: resetRenderProperty: showGestureStub   isLayoutParamChanged=false
02-19 07:30:37.305  4171  4810 D KeyguardService: setOccluded(false)
02-19 07:30:37.305  4171  4810 D KeyguardViewMediator: setOccluded(false)
02-19 07:30:37.305 10762 11601 D GestureStubView_Touch: disableTouch    old=false   new=false
02-19 07:30:37.305 10762 11601 D GestureStubView: showGestureStub
02-19 07:30:37.306 10762 11601 D GestureStubView_Touch: setKeepHidden    old=false   new=false
02-19 07:30:37.306 10762 11601 W GestureStubView: adaptRotation   currentRotation=0   mRotation=0
02-19 07:30:37.306 10762 11601 D GestureStubView: resetRenderProperty: showGestureStub   isLayoutParamChanged=false
02-19 07:30:37.306 10762 11601 D GestureStubView_Touch: disableTouch    old=false   new=false
02-19 07:30:37.306 10762 11601 D GestureStubView: showGestureStub
02-19 07:30:37.306  1221  1452 E SDM     : HWCSession::GetClientTargetProperty: GetClinetTargetProperty interface enter
02-19 07:30:37.307  2005  3234 I MiuiNetworkPolicy: updateUidState uid = 10651, uidState = 19
02-19 07:30:37.309  2005  3234 I MiuiNetworkPolicy: updateUidState uid = 10732, uidState = 19
02-19 07:30:37.312  4171  4171 D NavBarView: mIsKeyguardShowing :false
02-19 07:30:37.312  4171  4171 D CentralSurfaces: Received new disable state: enaiHBcRso.qingr (unchanged)
02-19 07:30:37.312  4171  4171 D CollapsedStatusBarFragment: adjustDisableFlags: ShadeExpansionState = 0 mHideIconsForBouncer = true mWereIconsJustHidden = false, mWakeUpCoordinator.getNotificationsFullyHidden = false, mIsExpanded = false, mBypassController.getBypassEnabled = false, mStatusBarStateController.getState() = 1, mKeyguardStateController.isKeyguardGoingAway() = true, mHeadsUpManager.hasPinnedHeadsUp = false, mControlPanelExpand = false
02-19 07:30:37.312  4171  4171 D ControlCenter: disable1: 0x01600000 -> 0x01600000 (diff1: 0x00000000)
02-19 07:30:37.312  4171  4171 D ControlCenter: disable2: 0x00000000 -> 0x00000000 (diff2: 0x00000000)
02-19 07:30:37.313  4171  4171 D KeyguardViewMediator: adjustStatusBarLocked: mShowing=true mOccluded=false isSecure=true force=false mPowerGestureIntercepted=false --> flags=0x1600000 mUserId=0
02-19 07:30:37.313  4171  4318 D OneHandedController: stopOneHanded state is 0
02-19 07:30:37.314 10762 10762 D TouchInteractionService: onSystemUiFlagsChanged, mSystemUiStateFlags=900001c0
02-19 07:30:37.314 10762 10762 D NavStubView_Touch: onSystemUiFlagsChanged  mIsShowStatusBar    old= true   new=true
02-19 07:30:37.314  4171  4171 D CentralSurfaces: Received new disable state: enaiHBcRso.qingr (unchanged)
02-19 07:30:37.314 10762 10762 D NavStubView_Touch: onSystemUiFlagsChanged  mIsShowNavBar    old= true   new=true
02-19 07:30:37.314 10762 10762 D NavStubView_Touch: onSystemUiFlagsChanged  isImmersiveNew    old= false   new=false
02-19 07:30:37.314 10762 10762 D NavStubView_Touch: onSystemUiFlagsChanged, mDisableHomeRecents = true, disableHomeRecents = true, isHomeDisabled = true, isRecentDisabled = true
02-19 07:30:37.314  4171  4171 D CollapsedStatusBarFragment: adjustDisableFlags: ShadeExpansionState = 0 mHideIconsForBouncer = false mWereIconsJustHidden = true, mWakeUpCoordinator.getNotificationsFullyHidden = false, mIsExpanded = false, mBypassController.getBypassEnabled = false, mStatusBarStateController.getState() = 1, mKeyguardStateController.isKeyguardGoingAway() = true, mHeadsUpManager.hasPinnedHeadsUp = false, mControlPanelExpand = false
02-19 07:30:37.314  4171  4171 D ControlCenter: disable1: 0x01600000 -> 0x01600000 (diff1: 0x00000000)
02-19 07:30:37.314  4171  4171 D ControlCenter: disable2: 0x00000000 -> 0x00000000 (diff2: 0x00000000)
02-19 07:30:37.314  4171  4171 D KeyguardPanelViewInjector: updateKeyguardElementsVisibility isExitingToKeyguard = false, isOnKeyguard = true, isOnShadeLocked = false, isWallpaperMattingSupport = false
02-19 07:30:37.314  4171  4171 W WindowOnBackDispatcher: OnBackInvokedCallback is not enabled for the application.
02-19 07:30:37.314  4171  4171 W WindowOnBackDispatcher: Set 'android:enableOnBackInvokedCallback="true"' in the application manifest.
02-19 07:30:37.314  4171  4171 D CentralSurfaces: Received new disable state: enaiHBcRso.qingr (unchanged)
02-19 07:30:37.314  4171  4171 D CollapsedStatusBarFragment: adjustDisableFlags: ShadeExpansionState = 0 mHideIconsForBouncer = false mWereIconsJustHidden = true, mWakeUpCoordinator.getNotificationsFullyHidden = false, mIsExpanded = false, mBypassController.getBypassEnabled = false, mStatusBarStateController.getState() = 1, mKeyguardStateController.isKeyguardGoingAway() = false, mHeadsUpManager.hasPinnedHeadsUp = false, mControlPanelExpand = false
02-19 07:30:37.314  4171  4171 D ControlCenter: disable1: 0x01600000 -> 0x01600000 (diff1: 0x00000000)
02-19 07:30:37.314  4171  4171 D ControlCenter: disable2: 0x00000000 -> 0x00000000 (diff2: 0x00000000)
02-19 07:30:37.315  4171  4171 D QS      : setListening true
02-19 07:30:37.315  4171  4171 D QS      : setListening true
02-19 07:30:37.315  4171  4171 D DepthController: animConfig start -2147483648 -> 0
02-19 07:30:37.315  4171  4171 D CentralSurfaces: Received new disable state: enaiHBcRso.qingr (unchanged)
02-19 07:30:37.315  4171  4171 D CollapsedStatusBarFragment: adjustDisableFlags: ShadeExpansionState = 1 mHideIconsForBouncer = false mWereIconsJustHidden = true, mWakeUpCoordinator.getNotificationsFullyHidden = false, mIsExpanded = false, mBypassController.getBypassEnabled = false, mStatusBarStateController.getState() = 1, mKeyguardStateController.isKeyguardGoingAway() = false, mHeadsUpManager.hasPinnedHeadsUp = false, mControlPanelExpand = false
02-19 07:30:37.315  4171  4171 D ControlCenter: disable1: 0x01600000 -> 0x01600000 (diff1: 0x00000000)
02-19 07:30:37.315  4171  4171 D ControlCenter: disable2: 0x00000000 -> 0x00000000 (diff2: 0x00000000)
02-19 07:30:37.315  4171  4171 D SbStateController: setState: requested state SHADE!= upcomingState: KEYGUARD. This usually means the status bar state transition was interrupted before the upcoming state could be applied.
02-19 07:30:37.315  4171  4171 D CentralSurfaces: updateQsExpansionEnabled - QS Expand enabled: false
02-19 07:30:37.318  4171  4171 D DepthController: animConfig start 0 -> 100
02-19 07:30:37.320 10762 11601 D GestureStubView: gatherTransparentRegion: need render w:54  h:1440
02-19 07:30:37.321 10762 11601 D GestureStubView: gatherTransparentRegion: need render w:54  h:1440
02-19 07:30:37.322  1221  1452 E SDM     : HWCSession::GetClientTargetProperty: GetClinetTargetProperty interface enter
02-19 07:30:37.324  4171  4171 D PanelView: setKeyguardBottomAreaVisibilitystatusBarState=0 goingToFullShade=false
02-19 07:30:37.324  4171  4171 D QS      : setExpanded false
02-19 07:30:37.324  4171  4171 D DepthController: animConfig start -2147483648 -> 0
02-19 07:30:37.325  4171  4171 D CentralSurfaces: Received new disable state: enaiHBcRso.qingr (unchanged)
02-19 07:30:37.325  4171  4171 D CollapsedStatusBarFragment: adjustDisableFlags: ShadeExpansionState = 1 mHideIconsForBouncer = false mWereIconsJustHidden = true, mWakeUpCoordinator.getNotificationsFullyHidden = false, mIsExpanded = false, mBypassController.getBypassEnabled = false, mStatusBarStateController.getState() = 0, mKeyguardStateController.isKeyguardGoingAway() = false, mHeadsUpManager.hasPinnedHeadsUp = false, mControlPanelExpand = false
02-19 07:30:37.325  4171  4171 D ControlCenter: disable1: 0x01600000 -> 0x01600000 (diff1: 0x00000000)
02-19 07:30:37.325  4171  4171 D ControlCenter: disable2: 0x00000000 -> 0x00000000 (diff2: 0x00000000)
02-19 07:30:37.325  4171  4171 W NotificationShadeWindowController: FakeStatusBarClockShow=true
02-19 07:30:37.325  4171  4171 D KeyguardPanelViewInjector: updateKeyguardElementsVisibility isExitingToKeyguard = false, isOnKeyguard = false, isOnShadeLocked = false, isWallpaperMattingSupport = false
02-19 07:30:37.325  4171  4171 E backgroundBlur: setBackgroundBlurMode disable com.android.systemui.shade.NotificationPanelView
02-19 07:30:37.325  4171  4171 D backgroundBlur: enablePassWindowBlur disable com.android.systemui.shade.NotificationPanelView
02-19 07:30:37.325  4171  4171 E backgroundBlur: setBackgroundBlurMode disable com.android.systemui.shade.NotificationPanelView
02-19 07:30:37.325  4171  4171 D backgroundBlur: enablePassWindowBlur disable com.android.systemui.shade.NotificationPanelView
02-19 07:30:37.326  4171  4171 E OpenGLRenderer: setMiShadow is not show
02-19 07:30:37.326  4171  4171 E backgroundBlur: setBackgroundBlurMode disable com.android.systemui.shade.NotificationPanelView
02-19 07:30:37.326  4171  4171 D backgroundBlur: enablePassWindowBlur disable com.android.systemui.shade.NotificationPanelView
02-19 07:30:37.326  4171  4171 E OpenGLRenderer: setMiShadow is not show
02-19 07:30:37.326  4171  4171 E backgroundBlur: setBackgroundBlurMode disable com.android.systemui.shade.NotificationPanelView
02-19 07:30:37.326  4171  4171 D backgroundBlur: enablePassWindowBlur disable com.android.systemui.shade.NotificationPanelView
02-19 07:30:37.326  4171  4171 E OpenGLRenderer: setMiShadow is not show
02-19 07:30:37.326  4171  4171 E backgroundBlur: setBackgroundBlurMode disable com.android.systemui.shade.NotificationPanelView
02-19 07:30:37.326  4171  4171 D backgroundBlur: enablePassWindowBlur disable com.android.systemui.shade.NotificationPanelView
02-19 07:30:37.327  4171  4171 E OpenGLRenderer: setMiShadow is not show
02-19 07:30:37.327  4171  4171 E backgroundBlur: setBackgroundBlurMode disable com.android.systemui.shade.NotificationPanelView
02-19 07:30:37.327  4171  4171 D backgroundBlur: enablePassWindowBlur disable com.android.systemui.shade.NotificationPanelView
02-19 07:30:37.327  4171  4171 E OpenGLRenderer: setMiShadow is not show
02-19 07:30:37.327  4171  4171 E backgroundBlur: setBackgroundBlurMode disable com.android.systemui.shade.NotificationPanelView
02-19 07:30:37.327  4171  4171 D backgroundBlur: enablePassWindowBlur disable com.android.systemui.shade.NotificationPanelView
02-19 07:30:37.327  4171  4171 E OpenGLRenderer: setMiShadow is not show
02-19 07:30:37.327  4171  4171 E backgroundBlur: setBackgroundBlurMode disable com.android.systemui.shade.NotificationPanelView
02-19 07:30:37.327  4171  4171 D backgroundBlur: enablePassWindowBlur disable com.android.systemui.shade.NotificationPanelView
02-19 07:30:37.327  4171  4171 E OpenGLRenderer: setMiShadow is not show
02-19 07:30:37.327  4171  4171 E backgroundBlur: setBackgroundBlurMode disable com.android.systemui.shade.NotificationPanelView
02-19 07:30:37.327  4171  4171 D backgroundBlur: enablePassWindowBlur disable com.android.systemui.shade.NotificationPanelView
02-19 07:30:37.327  4171  4171 E OpenGLRenderer: setMiShadow is not show
02-19 07:30:37.327  4171  4171 E backgroundBlur: setBackgroundBlurMode disable com.android.systemui.shade.NotificationPanelView
02-19 07:30:37.327  4171  4171 D backgroundBlur: enablePassWindowBlur disable com.android.systemui.shade.NotificationPanelView
02-19 07:30:37.327  4171  4171 E OpenGLRenderer: setMiShadow is not show
02-19 07:30:37.327  4171  4171 E backgroundBlur: setBackgroundBlurMode disable com.android.systemui.shade.NotificationPanelView
02-19 07:30:37.327  4171  4171 D backgroundBlur: enablePassWindowBlur disable com.android.systemui.shade.NotificationPanelView
02-19 07:30:37.327  4171  4171 E OpenGLRenderer: setMiShadow is not show
02-19 07:30:37.327  4171  4171 E backgroundBlur: setBackgroundBlurMode disable com.android.systemui.shade.NotificationPanelView
02-19 07:30:37.327  4171  4171 D backgroundBlur: enablePassWindowBlur disable com.android.systemui.shade.NotificationPanelView
02-19 07:30:37.327  4171  4171 E OpenGLRenderer: setMiShadow is not show
02-19 07:30:37.327  4171  4171 D MiuiFaceManager: inernational:true supportR:[ALL] nowR:TR
02-19 07:30:37.327  9807  9807 D VRI[MainActivity]: vri.reportNextDraw android.view.ViewRootImpl.performTraversals:4360 android.view.ViewRootImpl.doTraversal:2989 android.view.ViewRootImpl$TraversalRunnable.run:10304 android.view.Choreographer$CallbackRecord.run:1594 android.view.Choreographer$CallbackRecord.run:1603 
02-19 07:30:37.327  9807  9807 D VRI[MainActivity]: vri.Setup new sync=wmsSync-VRI[MainActivity]#8
02-19 07:30:37.334  4171  4171 D DeviceCenterEntryController: available true false false false true
02-19 07:30:37.334  4171  4171 D MiuiFaceManager: inernational:true supportR:[ALL] nowR:TR
02-19 07:30:37.334  4171  4171 D MiuiFaceManager: inernational:true supportR:[ALL] nowR:TR
02-19 07:30:37.334  4171  4171 D MiuiFaceManager: inernational:true supportR:[ALL] nowR:TR
02-19 07:30:37.336  4171  4171 D MiuiFaceManager: inernational:true supportR:[ALL] nowR:TR
02-19 07:30:37.336  4171  4171 D MiuiFaceManager: inernational:true supportR:[ALL] nowR:TR
02-19 07:30:37.336  4171  4171 D MiuiFaceManager: inernational:true supportR:[ALL] nowR:TR
02-19 07:30:37.336  4171  4171 D MiuiFaceManager: inernational:true supportR:[ALL] nowR:TR
02-19 07:30:37.336  4171  4171 D MiuiFaceManager: inernational:true supportR:[ALL] nowR:TR
02-19 07:30:37.336  4171  4171 D MiuiFaceManager: inernational:true supportR:[ALL] nowR:TR
02-19 07:30:37.336  2005  2944 D TelephonyManager: requestModemActivityInfo: Sending result to app: ModemActivityInfo{ mTimestamp=754572212 mSleepTimeMs=666960907 mIdleTimeMs=11761986 mActivityStatsTechSpecificInfo=[{mRat=UNKNOWN,mFrequencyRange=UNKNOWN,mTxTimeMs[]=[6442042, 2003820, 5002312, 4509692, 1823442],mRxTimeMs=56055697}]}
02-19 07:30:37.338  4171  4171 D CentralSurfaces: Received new disable state: enaiHBcRso.qingr (unchanged)
02-19 07:30:37.338  4171  4171 D CollapsedStatusBarFragment: adjustDisableFlags: ShadeExpansionState = 1 mHideIconsForBouncer = false mWereIconsJustHidden = true, mWakeUpCoordinator.getNotificationsFullyHidden = false, mIsExpanded = false, mBypassController.getBypassEnabled = false, mStatusBarStateController.getState() = 0, mKeyguardStateController.isKeyguardGoingAway() = false, mHeadsUpManager.hasPinnedHeadsUp = false, mControlPanelExpand = false
02-19 07:30:37.338  4171  4171 D ControlCenter: disable1: 0x01600000 -> 0x01600000 (diff1: 0x00000000)
02-19 07:30:37.338  4171  4171 D ControlCenter: disable2: 0x00000000 -> 0x00000000 (diff2: 0x00000000)
02-19 07:30:37.338  1221  1452 E SDM     : HWCSession::GetClientTargetProperty: GetClinetTargetProperty interface enter
02-19 07:30:37.338  4171  4171 D KeyguardViewMediator: readyForKeyguardDone
02-19 07:30:37.338  4171  4171 D CentralSurfaces: updateQsExpansionEnabled - QS Expand enabled: false
02-19 07:30:37.338  4171  4171 D KeyguardViewMediator: keyguardGone
02-19 07:30:37.339  4171  4171 D KeyguardViewMediator: onKeyguardExitFinished()
02-19 07:30:37.339 10762 10762 D TouchInteractionService: onSystemUiFlagsChanged, mSystemUiStateFlags=10000180
02-19 07:30:37.339 10762 10762 D TouchInteractionService: onSystemUiFlagsChanged, mSystemUiStateFlags=10000180
02-19 07:30:37.339 10762 10762 D NavStubView_Touch: onSystemUiFlagsChanged  mIsShowStatusBar    old= true   new=true
02-19 07:30:37.339 10762 10762 D NavStubView_Touch: onSystemUiFlagsChanged  mIsShowNavBar    old= true   new=true
02-19 07:30:37.339 10762 10762 D NavStubView_Touch: onSystemUiFlagsChanged  isImmersiveNew    old= false   new=false
02-19 07:30:37.339 10762 10762 D NavStubView_Touch: onSystemUiFlagsChanged, mDisableHomeRecents = true, disableHomeRecents = true, isHomeDisabled = true, isRecentDisabled = true
02-19 07:30:37.339 10762 10762 D NavStubView_Touch: onSystemUiFlagsChanged  mIsShowStatusBar    old= true   new=true
02-19 07:30:37.339 10762 10762 D NavStubView_Touch: onSystemUiFlagsChanged  mIsShowNavBar    old= true   new=true
02-19 07:30:37.339 10762 10762 D NavStubView_Touch: onSystemUiFlagsChanged  isImmersiveNew    old= false   new=false
02-19 07:30:37.339 10762 10762 D NavStubView_Touch: onSystemUiFlagsChanged, mDisableHomeRecents = true, disableHomeRecents = true, isHomeDisabled = true, isRecentDisabled = true
02-19 07:30:37.340  2005  2328 W CameraOpt_CameraBooster: doKeyguardEvent isKeyguardLocked : false
02-19 07:30:37.340  4171  4171 D KeyguardViewMediator: adjustStatusBarLocked: mShowing=false mOccluded=false isSecure=true force=false mPowerGestureIntercepted=false --> flags=0x0 mUserId=0
02-19 07:30:37.340  4171  4810 D KeyguardViewMediator: setOccluded false
02-19 07:30:37.341  4171  4171 D backgroundBlur: enablePassWindowBlur disable com.android.systemui.shade.NotificationShadeWindowView
02-19 07:30:37.341  2005  4296 D SystemServerTiming: getUserSwitchability-0
02-19 07:30:37.341  2005  4296 D SystemServerTiming: TM.isInCall
02-19 07:30:37.341  1362  1524 W VsyncModulator: setTransactionSchedule: Unexpected EarlyEnd
02-19 07:30:37.342  2005  4296 D SystemServerTiming: hasUserRestriction-DISALLOW_USER_SWITCH
02-19 07:30:37.342  2005  4296 D SystemServerTiming: getInt-ALLOW_USER_SWITCHING_WHEN_SYSTEM_USER_LOCKED
02-19 07:30:37.342  2005  4296 D SystemServerTiming: isUserUnlocked-USER_SYSTEM
02-19 07:30:37.342  4171  4648 D KeyguardViewMediator: updateActivityLockScreenState(false, false)
02-19 07:30:37.345  4171  6115 D MiBridge: requestCpuHighFreq---- uid: 1000 level: 1 timeoutms:2000
02-19 07:30:37.345  2027  2049 W MiuiBooster: "MiuiBoosterService requestCpuHighFreq: 1000, 1, 2000"
02-19 07:30:37.346  4171  4171 D LockScreenMagazineClient: unBind
02-19 07:30:37.346  4171  4171 D LockScreenMagazineClient: removeClient mDestroyed=false
02-19 07:30:37.347  2005  4296 I WindowManager: cancelAnimation removed leash : Surface(name=Surface(name=2db06ff StatusBar#107)/@0xd455b15 - animation-leash of insets_animation#91176)/@0xd2a6801
02-19 07:30:37.348  4171  4171 D KeyguardPanelViewInjector: updateKeyguardElementsVisibility isExitingToKeyguard = false, isOnKeyguard = false, isOnShadeLocked = false, isWallpaperMattingSupport = false
02-19 07:30:37.348  4171  4171 D MiuiFaceManager: inernational:true supportR:[ALL] nowR:TR
02-19 07:30:37.348  4171  4171 D MiuiFaceManager: inernational:true supportR:[ALL] nowR:TR
02-19 07:30:37.348  4171  4171 D MiuiFaceManager: inernational:true supportR:[ALL] nowR:TR
02-19 07:30:37.349  2027  2049 W MiuiBooster: "requestCpuHighFreq,final level:1,final timeoutms:2000"
02-19 07:30:37.349  2027  2049 W MiuiBooster: "perf_hint_hc start"
02-19 07:30:37.349  2027  2049 W MiuiBooster: "big_core_value[level-1]:4095"
02-19 07:30:37.349  4171  4171 D MiuiFaceManager: inernational:true supportR:[ALL] nowR:TR
02-19 07:30:37.349  2027  2049 W MiuiBooster: "little_core_value[level-1]:4095"
02-19 07:30:37.349  2027  2049 W MiuiBooster: "prime_core_value[level - 1]:4095"
02-19 07:30:37.349  4171  4171 D MiuiFaceManager: inernational:true supportR:[ALL] nowR:TR
02-19 07:30:37.349  4171  4171 D MiuiFaceManager: inernational:true supportR:[ALL] nowR:TR
02-19 07:30:37.349  2005  4296 I WindowManager: cancelAnimation removed leash : Surface(name=Surface(name=f030be3 NavigationBar0#102)/@0xce88499 - animation-leash of insets_animation#91177)/@0xf7358e7
02-19 07:30:37.349  4171  4171 D KeyguardService: Finish IRemoteAnimationRunner.
02-19 07:30:37.349  4171  4171 D MiuiFastUnlockController: setWallPaperAsTarget asTarget=false
02-19 07:30:37.350  2027  2049 W MiuiBooster: "perf_handle:95523"
02-19 07:30:37.350  4171  6115 D MiBridge: requestCpuHighFreq handle: 1
02-19 07:30:37.350  4171  6115 D CpuBoostUtil: boostCpuToMax:0
02-19 07:30:37.350  9807  9807 D VRI[MainActivity]: vri.reportDrawFinished
02-19 07:30:37.351  2005  5052 E NativeTurboSchedManagerJni: open /dev/metis failed!
02-19 07:30:37.352  2005  4296 D WindowManager: wms.Input focus has changed to Window{4a1169e u0 com.ezanvakti/com.ezanvakti.MainActivity} display=0 updateInputWindows = true
02-19 07:30:37.352  2005  4296 I MultiSenceManagerInternalStub: getInstance
02-19 07:30:37.352  9807  9807 D CompassHeading: Raw azimuth: 36.98341505358429
02-19 07:30:37.352  9807  9807 D CompassHeading: Adjusted azimuth after rotation: 36.98341505358429
02-19 07:30:37.352  9807  9807 D CompassHeading: Raw azimuth: 37.16024182100675
02-19 07:30:37.352  9807  9807 D CompassHeading: Adjusted azimuth after rotation: 37.16024182100675
02-19 07:30:37.352  9807  9807 D CompassHeading: Raw azimuth: 37.18039087905829
02-19 07:30:37.352  9807  9807 D CompassHeading: Adjusted azimuth after rotation: 37.18039087905829
02-19 07:30:37.352  9807  9807 D CompassHeading: Raw azimuth: 37.1807289734222
02-19 07:30:37.352  9807  9807 D CompassHeading: Adjusted azimuth after rotation: 37.1807289734222
02-19 07:30:37.352  9807  9807 D CompassHeading: Raw azimuth: 37.041423850205206
02-19 07:30:37.352  9807  9807 D CompassHeading: Adjusted azimuth after rotation: 37.041423850205206
02-19 07:30:37.352  9807  9807 D CompassHeading: Raw azimuth: 37.0309463400184
02-19 07:30:37.352  9807  9807 D CompassHeading: Adjusted azimuth after rotation: 37.0309463400184
02-19 07:30:37.353  2005  2328 D MiuiPaperContrastOverlayStubImpl: Update paper-mode, param is true
02-19 07:30:37.353  1362  1362 W Layer   : gatherBufferInfo: Received unknown dataspace from gralloc
02-19 07:30:37.356  1362  1362 I MI-SF   : surfaceflinger setAffinity mode=0
02-19 07:30:37.356  1362  2737 I SurfaceFlinger: sf.setTransactionState focusRequest transactionId:8611465082455 frontWin:4a1169e com.ezanvakti/com.ezanvakti.MainActivity
02-19 07:30:37.358  2005  2329 I WindowManager: wms.showSurfaceRobustly mWin:Window{e6922ed u0 com.miui.miwallpaper.wallpaperservice.MiuiKeyguardPictorialWallpaper}
02-19 07:30:37.359  5752  5752 I MiuiWallpaper-MiuiKeyguardPictorialWallpaper: onVisibilityChanged, visible = true
02-19 07:30:37.359  2005  2005 I DarkModeTimeModeManager:  onReceive: action = android.intent.action.USER_PRESENT
02-19 07:30:37.359  2005  2005 I DarkModeTimeModeManager: not get suggest from cloud
02-19 07:30:37.360  6375  6375 E NfcService: screen state : android.intent.action.USER_PRESENT
02-19 07:30:37.361  6375  6375 D NfcService: mScreenState = 8
02-19 07:30:37.361  2005  2944 I WindowManager: setWallpaperAsTarget asTarget=false
02-19 07:30:37.362  6908  6908 D miui.face.FaceService: lock screen passed
02-19 07:30:37.364  9977 10308 D PowerKeeper.AppStandby: disable standby chain
02-19 07:30:37.364 13360 13360 I lyra-system: Java_com_xiaomi_continuity_systemmonitor_ScreenMonitor_nativeNotifyScreenStatusChanged state = 3 (01121A:213)
02-19 07:30:37.364 13360 13360 I lyra-system: ScreenMonitorAndroid::NotifyOfScreenStatusChanged state: 3 (73DE5F:82)
02-19 07:30:37.364  8652  8652 D home_receiver: receive broadcast
02-19 07:30:37.364 13360 13436 I lyra-system: SystemEnvMonitorImpl::GetBleServerStatus ble_server_status=0 (266661:199)
02-19 07:30:37.364 13360 13436 I lyra-msg-act: ActuatorControl::OnScreenStateChanged screen state: 3, ble status: 0 (3DBE9E:678)
02-19 07:30:37.364 13360 13436 I lyra-msg-act: ActuatorControl::OnScreenStateChanged nothing to do (3DBE9E:699)
02-19 07:30:37.364 13360 13436 I lyra-net-ctrl: NetworkingControllerImpl::OnScreenStateChanged state=3 (E1DF29:121)
02-19 07:30:37.365  8652  9440 I TrafficManageService: onReceive: android.intent.action.USER_PRESENT
02-19 07:30:37.365  5752  5752 I MiuiWallpaper-MiuiKeyguardPictorialWallpaper: onVisibilityChanged, visible = false
02-19 07:30:37.365  5752  5752 I MiuiWallpaper-ImageWallpaper: onVisibilityChanged, visible = false
02-19 07:30:37.367  6375  6375 E NfcService: screen state : android.intent.action.USER_PRESENT
02-19 07:30:37.367 14667 14667 I SysHelperService: ScreenReceiver:onReceive Intent.ACTION_USER_PRESENT
02-19 07:30:37.367 14667 14667 D SYS_EVENT: send event 64 notification to client
02-19 07:30:37.370  1362  1362 I SurfaceFlinger: sf.transactionReadyTimelineCheck focusRequest transactionId:8611465082455 vsyncId: -1
02-19 07:30:37.373  9977 14650 D NetdExecutor: SND -> {enablemiuistandby disable} this=com.miui.powerkeeper.utils.NetdExecutor@bfe4f93
02-19 07:30:37.375  9977 14650 D NetdExecutor: Failed REV <- {500 Command not recognized}
02-19 07:30:37.375  8652  8652 I VideoToolBoxService: onReceive: android.intent.action.USER_PRESENT
02-19 07:30:37.375  8652  8652 I GameBoosterService: onReceive: android.intent.action.USER_PRESENT
02-19 07:30:37.375   733   742 E android.system.suspend-service: Error opening kernel wakelock stats for: wakeup58 (../../devices/virtual/misc/msm_alac/wakeup58): Permission denied
02-19 07:30:37.376   733   742 E android.system.suspend-service: Error opening kernel wakelock stats for: wakeup4 (../../devices/platform/soc/soc:qcom,smp2p-dsps/wakeup/wakeup4): Permission denied
02-19 07:30:37.377   733   742 E android.system.suspend-service: Error opening kernel wakelock stats for: wakeup38 (../../devices/platform/soc/4080000.qcom,mss/subsys8/wakeup/wakeup38): Permission denied
02-19 07:30:37.377   733   742 E android.system.suspend-service: Error opening kernel wakelock stats for: wakeup66 (../../devices/virtual/misc/msm_mp3/wakeup66): Permission denied
02-19 07:30:37.377   733   742 E android.system.suspend-service: Error opening kernel wakelock stats for: wakeup28 (../../devices/platform/soc/98900000.qcom,turing/wakeup/wakeup28): Permission denied
02-19 07:30:37.377  1137  2891 E CamX    : [ERROR][NCS    ] camxncsintfqsee.cpp:2555 FillSensorData() Invalid sensor index -1
02-19 07:30:37.378   733   742 E android.system.suspend-service: Error opening kernel wakelock stats for: wakeup56 (../../devices/platform/soc/a8c000.spi/spi_master/spi1/spi1.0/wakeup/wakeup56): Permission denied
02-19 07:30:37.378   733   742 E android.system.suspend-service: Error opening kernel wakelock stats for: wakeup46 (../../devices/platform/soc/b0000000.qcom,cnss-qca6490/wakeup/wakeup46): Permission denied
02-19 07:30:37.379   733   742 E android.system.suspend-service: Error opening kernel wakelock stats for: wakeup36 (../../devices/platform/soc/1c00000.qcom,pcie/wakeup/wakeup36): Permission denied
02-19 07:30:37.379   733   742 E android.system.suspend-service: Error opening kernel wakelock stats for: wakeup64 (../../devices/virtual/misc/msm_g711alaw/wakeup64): Permission denied
02-19 07:30:37.379   733   742 E android.system.suspend-service: Error opening kernel wakelock stats for: wakeup26 (../../devices/platform/soc/soc:qcom,kgsl-hyp/wakeup/wakeup26): Permission denied
02-19 07:30:37.380   733   742 E android.system.suspend-service: Error opening kernel wakelock stats for: wakeup54 (../../devices/platform/soc/1c00000.qcom,pcie/pci0000:00/0000:00:00.0/0000:01:00.0/1103_00.01.00/wakeup/wakeup54): Permission denied
02-19 07:30:37.380   733   742 E android.system.suspend-service: Error opening kernel wakelock stats for: wakeup16 (../../devices/platform/soc/c440000.qcom,spmi/spmi-0/spmi0-00/c440000.qcom,spmi:qcom,pmk8350@0:rtc@6100/rtc/rtc0/wakeup16): Permission denied
02-19 07:30:37.381   733   742 E android.system.suspend-service: Error opening kernel wakelock stats for: wakeup0 (../../devices/platform/soc/c440000.qcom,spmi/spmi-0/spmi0-03/c440000.qcom,spmi:qcom,pm8350b@3:qcom,amoled/wakeup/wakeup0): Permission denied
02-19 07:30:37.381   733   742 E android.system.suspend-service: Error opening kernel wakelock stats for: wakeup34 (../../devices/platform/soc/5c00000.qcom,ssc/wakeup/wakeup34): Permission denied
02-19 07:30:37.382   733   742 E android.system.suspend-service: Error opening kernel wakelock stats for: wakeup62 (../../devices/virtual/misc/msm_ape/wakeup62): Permission denied
02-19 07:30:37.382   733   742 E android.system.suspend-service: Error opening kernel wakelock stats for: wakeup24 (../../devices/platform/soc/soc:qcom,trustedvm@d0800000/wakeup/wakeup24): Permission denied
02-19 07:30:37.382   733   742 E android.system.suspend-service: Error opening kernel wakelock stats for: wakeup52 (../../devices/platform/soc/soc:fingerprint_fpc/wakeup/wakeup52): Permission denied
02-19 07:30:37.383   733   742 E android.system.suspend-service: Error opening kernel wakelock stats for: wakeup9 (../../devices/platform/soc/soc:qcom,pmic_glink_log/wakeup/wakeup9): Permission denied
02-19 07:30:37.383   733   742 E android.system.suspend-service: Error opening kernel wakelock stats for: wakeup14 (../../devices/platform/soc/soc:md_testing_mode/wakeup/wakeup14): Permission denied
02-19 07:30:37.383   733   742 E android.system.suspend-service: Error opening kernel wakelock stats for: wakeup70 (../../devices/virtual/misc/msm_wmapro/wakeup70): Permission denied
02-19 07:30:37.384   733   742 E android.system.suspend-service: Error opening kernel wakelock stats for: wakeup32 (../../devices/platform/soc/17300000.qcom,lpass/wakeup/wakeup32): Permission denied
02-19 07:30:37.384   733   742 E android.system.suspend-service: Error opening kernel wakelock stats for: wakeup60 (../../devices/virtual/misc/msm_amrwb/wakeup60): Permission denied
02-19 07:30:37.385   733   742 E android.system.suspend-service: Error opening kernel wakelock stats for: wakeup22 (../../devices/platform/soc/abb0000.qcom,evass/wakeup/wakeup22): Permission denied
02-19 07:30:37.385   733   742 E android.system.suspend-service: Error opening kernel wakelock stats for: wakeup50 (../../devices/platform/soc/soc:fingerprint_goodix/wakeup/wakeup50): Permission denied
02-19 07:30:37.385   733   742 E android.system.suspend-service: Error opening kernel wakelock stats for: wakeup7 (../../devices/platform/soc/soc:qcom,smp2p_sleepstate/wakeup/wakeup7): Permission denied
02-19 07:30:37.385   733   742 E android.system.suspend-service: Error opening kernel wakelock stats for: wakeup12 (../../devices/virtual/fastrpc/adsprpc-smd/wakeup12): Permission denied
02-19 07:30:37.386   733   742 E android.system.suspend-service: Error opening kernel wakelock stats for: wakeup40 (../../devices/platform/soc/aab0000.qcom,venus/wakeup/wakeup40): Permission denied
02-19 07:30:37.386   733   742 E android.system.suspend-service: Error opening kernel wakelock stats for: wakeup69 (../../devices/virtual/misc/msm_wma/wakeup69): Permission denied
02-19 07:30:37.386   733   742 E android.system.suspend-service: Error opening kernel wakelock stats for: wakeup30 (../../devices/platform/soc/188101c.qcom,spss/wakeup/wakeup30): Permission denied
02-19 07:30:37.387   733   742 E android.system.suspend-service: Error opening kernel wakelock stats for: wakeup59 (../../devices/virtual/misc/msm_amrnb/wakeup59): Permission denied
02-19 07:30:37.387   733   742 E android.system.suspend-service: Error opening kernel wakelock stats for: wakeup20 (../../devices/platform/soc/soc:qcom,ipa_fws/wakeup/wakeup20): Permission denied
02-19 07:30:37.387   733   742 E android.system.suspend-service: Error opening kernel wakelock stats for: wakeup5 (../../devices/platform/soc/soc:qcom,smp2p-nsp/wakeup/wakeup5): Permission denied
02-19 07:30:37.388  1362  1362 D RefreshRateSelector: Touch Boost
02-19 07:30:37.388  1362  1362 D MI-SF   : mIsSupportAutomodeForMaxFpsSetting is 0(0), getCurrentBrightness() = 299(653), mIsKeepAutoMode 0
02-19 07:30:37.388  1362  1362 D RefreshRateSelector: fixedMode_group: 0, isFindModeGroup 0
02-19 07:30:37.388  1362  1362 D RefreshRateSelector: find max refresh rate:60, mode Group:0
02-19 07:30:37.388   733   742 E android.system.suspend-service: Error opening kernel wakelock stats for: wakeup10 (../../devices/platform/soc/soc:qcom,spcom/wakeup/wakeup10): Permission denied
02-19 07:30:37.388   733   742 E android.system.suspend-service: Error opening kernel wakelock stats for: wakeup39 (../../devices/platform/soc/890000.qcom,qup_uart/wakeup/wakeup39): Permission denied
02-19 07:30:37.389   733   742 E android.system.suspend-service: Error opening kernel wakelock stats for: wakeup29 (../../devices/platform/soc/98900000.qcom,turing/subsys4/wakeup/wakeup29): Permission denied
02-19 07:30:37.389   733   742 E android.system.suspend-service: Error opening kernel wakelock stats for: wakeup57 (../../devices/virtual/misc/msm_aac/wakeup57): Permission denied
02-19 07:30:37.390   733   742 E android.system.suspend-service: Error opening kernel wakelock stats for: wakeup3 (../../devices/platform/soc/soc:qcom,smp2p-adsp/wakeup/wakeup3): Permission denied
02-19 07:30:37.391   733   742 E android.system.suspend-service: Error opening kernel wakelock stats for: wakeup37 (../../devices/platform/soc/4080000.qcom,mss/wakeup/wakeup37): Permission denied
02-19 07:30:37.391   733   742 E android.system.suspend-service: Error opening kernel wakelock stats for: wakeup27 (../../devices/platform/soc/soc:qcom,kgsl-hyp/subsys3/wakeup/wakeup27): Permission denied
02-19 07:30:37.392   733   742 E android.system.suspend-service: Error opening kernel wakelock stats for: wakeup55 (../../devices/platform/soc/884000.i2c/i2c-3/3-0028/wakeup/wakeup55): Permission denied
02-19 07:30:37.392   733   742 E android.system.suspend-service: Error opening kernel wakelock stats for: wakeup17 (../../devices/platform/soc/1e00000.qcom,ipa/wakeup/wakeup17): Permission denied
02-19 07:30:37.392   733   742 E android.system.suspend-service: Error opening kernel wakelock stats for: wakeup115 (../../devices/platform/dummy_hcd.0/usb1/wakeup/wakeup115): Permission denied
02-19 07:30:37.392   733   742 E android.system.suspend-service: Error opening kernel wakelock stats for: wakeup45 (../../devices/platform/soc/b0000000.qcom,cnss-qca6490/wakeup/wakeup45): Permission denied
02-19 07:30:37.393   733   742 E android.system.suspend-service: Error opening kernel wakelock stats for: wakeup35 (../../devices/platform/soc/5c00000.qcom,ssc/subsys7/wakeup/wakeup35): Permission denied
02-19 07:30:37.393   733   742 E android.system.suspend-service: Error opening kernel wakelock stats for: wakeup63 (../../devices/virtual/misc/msm_evrc/wakeup63): Permission denied
02-19 07:30:37.393   733   742 E android.system.suspend-service: Error opening kernel wakelock stats for: wakeup25 (../../devices/platform/soc/soc:qcom,trustedvm@d0800000/subsys2/wakeup/wakeup25): Permission denied
02-19 07:30:37.393   733   742 E android.system.suspend-service: Error opening kernel wakelock stats for: wakeup53 (../../devices/platform/soc/b0000000.qcom,cnss-qca6490/subsys10/wakeup/wakeup53): Permission denied
02-19 07:30:37.394   733   742 E android.system.suspend-service: Error opening kernel wakelock stats for: wakeup33 (../../devices/platform/soc/17300000.qcom,lpass/subsys6/wakeup/wakeup33): Permission denied
02-19 07:30:37.394   733   742 E android.system.suspend-service: Error opening kernel wakelock stats for: wakeup61 (../../devices/virtual/misc/msm_amrwbplus/wakeup61): Permission denied
02-19 07:30:37.394   733   742 E android.system.suspend-service: Error opening kernel wakelock stats for: wakeup23 (../../devices/platform/soc/abb0000.qcom,evass/subsys1/wakeup/wakeup23): Permission denied
02-19 07:30:37.394   733   742 E android.system.suspend-service: Error opening kernel wakelock stats for: wakeup51 (../../devices/platform/soc/soc:fingerprint_fpc/wakeup/wakeup51): Permission denied
02-19 07:30:37.394   733   742 E android.system.suspend-service: Error opening kernel wakelock stats for: wakeup8 (../../devices/platform/soc/soc:qcom,pmic_glink/wakeup/wakeup8): Permission denied
02-19 07:30:37.395   733   742 E android.system.suspend-service: Error opening kernel wakelock stats for: wakeup13 (../../devices/virtual/fastrpc/adsprpc-smd-secure/wakeup13): Permission denied
02-19 07:30:37.395   733   742 E android.system.suspend-service: Error opening kernel wakelock stats for: wakeup41 (../../devices/platform/soc/aab0000.qcom,venus/subsys9/wakeup/wakeup41): Permission denied
02-19 07:30:37.395   733   742 E android.system.suspend-service: Error opening kernel wakelock stats for: wakeup31 (../../devices/platform/soc/188101c.qcom,spss/subsys5/wakeup/wakeup31): Permission denied
02-19 07:30:37.395   733   742 E android.system.suspend-service: Error opening kernel wakelock stats for: wakeup21 (../../devices/platform/soc/soc:qcom,ipa_fws/subsys0/wakeup/wakeup21): Permission denied
02-19 07:30:37.395   733   742 E android.system.suspend-service: Error opening kernel wakelock stats for: wakeup6 (../../devices/platform/soc/soc:qcom,smp2p-modem/wakeup/wakeup6): Permission denied
02-19 07:30:37.396   733   742 E android.system.suspend-service: Error opening kernel wakelock stats for: wakeup11 (../../devices/platform/soc/88e0000.qcom,msm-eud/wakeup/wakeup11): Permission denied
02-19 07:30:37.396   733   742 E android.system.suspend-service: Error opening kernel wakelock stats for: wakeup68 (../../devices/virtual/misc/msm_qcelp/wakeup68): Permission denied
02-19 07:30:37.399  2005  3383 D PerfStubImpl: perfLockReleaseHandler: 95520
02-19 07:30:37.399  2005  3383 D SchedBoost: stopBoostInternal
02-19 07:30:37.399  2005  3383 D SchedBoost: thread tid=4171, priority is set to -10
02-19 07:30:37.399  1234  1373 E ANDR-PERF-OPTSHANDLER: Cannot open/create system background cgroup file
02-19 07:30:37.399  2005  3383 D SchedBoost: thread tid=4561, priority is set to -10
02-19 07:30:37.406  2005  2347 D MiuiFreeformOneTrackManager: aready bound
02-19 07:30:37.416  2005  5052 D WindowManager: wms.finishDrawingLocked: mDrawState=COMMIT_DRAW_PENDING Window{4a1169e u0 com.ezanvakti/com.ezanvakti.MainActivity} in Surface(name=com.ezanvakti/com.ezanvakti.MainActivity#91179)/@0x418b5b4
02-19 07:30:37.416  4171  4171 D MiuiKeyguardWallPaperManager: updateKeyguardWallpaperState: false,anim :false,animMode: -1
02-19 07:30:37.416  8652 27154 I com.miui.appmanager.AppManageUtils: startScan
02-19 07:30:37.416  2005  5052 E NativeTurboSchedManagerJni: open /dev/metis failed!
02-19 07:30:37.416  5752  5768 I MiuiWallpaper-WallpaperEventManager: updateKeyguardWallpaperStateAnim: show = false,anim=false,mode = -1
02-19 07:30:37.416  5752  5768 I MiuiWallpaper-WallpaperEventManager: setKeyguardLocked = false
02-19 07:30:37.416  5752  5768 I MiuiWallpaper-WallpaperEventManager: setScreenOn = true
02-19 07:30:37.416  4171  4171 D KeyguardViewMediator: handleSetOccluded(false)
02-19 07:30:37.416  4171  4171 D KeyguardViewMediator: isOccluded=false,mPowerGestureIntercepted=false
02-19 07:30:37.417  5752  5752 I MiuiWallpaper-DesktopImageEngineImpl: no need showWallpaperUnlockAnim, hide keyguard wallpaper
02-19 07:30:37.417  4171  4171 D CentralSurfaces: Received new disable state: Old: enaiHBcRso.qingr | New: enaihbcrso.qingr (changed: hbr.)
02-19 07:30:37.417  4171  4171 D CollapsedStatusBarFragment: adjustDisableFlags: ShadeExpansionState = 0 mHideIconsForBouncer = false mWereIconsJustHidden = true, mWakeUpCoordinator.getNotificationsFullyHidden = false, mIsExpanded = false, mBypassController.getBypassEnabled = false, mStatusBarStateController.getState() = 0, mKeyguardStateController.isKeyguardGoingAway() = false, mHeadsUpManager.hasPinnedHeadsUp = false, mControlPanelExpand = false
02-19 07:30:37.417  4171  4171 D ControlCenter: disable1: 0x01600000 -> 0x00000000 (diff1: 0x01600000)
02-19 07:30:37.417  4171  4171 D ControlCenter: disable2: 0x00000000 -> 0x00000000 (diff2: 0x00000000)
02-19 07:30:37.418 10762 10762 D TouchInteractionService: onSystemUiFlagsChanged, mSystemUiStateFlags=10000000
02-19 07:30:37.418 10762 10762 D NavStubView_Touch: onSystemUiFlagsChanged  mIsShowStatusBar    old= true   new=true
02-19 07:30:37.418 10762 10762 D NavStubView_Touch: onSystemUiFlagsChanged  mIsShowNavBar    old= true   new=true
02-19 07:30:37.418  5752  5752 I MiuiWallpaper-KeyguardImageEngineImpl: updateAlpha keyguard wallpaper alpha = 0.0
02-19 07:30:37.418 10762 10762 D NavStubView_Touch: onSystemUiFlagsChanged  isImmersiveNew    old= false   new=false
02-19 07:30:37.418 10762 10762 D NavStubView_Touch: onSystemUiFlagsChanged, mDisableHomeRecents = true, disableHomeRecents = false, isHomeDisabled = false, isRecentDisabled = false
02-19 07:30:37.418  5752  5752 I MiuiWallpaper-MiuiKeyguardPictorialWallpaper: update keyguard alpha = 0.0
02-19 07:30:37.418 10762 10762 D NavStubView_Touch:   onSystemUiFlagsChanged---requestApplyInsets
02-19 07:30:37.418  8652 14872 I b       :  cm need send notification = true
02-19 07:30:37.419  8652 14872 I NotificationHelper: onReceive: 	 wechatNeed = false	 wechatSize = 0
02-19 07:30:37.419  8652 14872 I NotificationHelper: onReceive: 	 generalNeed = true	 generalSize = 17153272599
02-19 07:30:37.419 10762 10762 W NavStubView_Touch: onComputeInternalInsets  bounds=Rect(0, 0 - 1080, 68)   mHideGestureLine=false   mIsShowNavBar=true   mKeepHidden=false   mDisableTouch=false   mUseEmptyTouchableRegion=false
02-19 07:30:37.422 10762 10762 W NavStubView_Touch:   onComputeInternalInsets  path.addRect: NavStubTraggeRange=NavStubTraggeRange{mLeftRange=RectF(0.0, 0.0, 0.0, 0.0), mCenterRange=RectF(0.0, 0.0, 1080.0, 68.0), mRightRange=RectF(0.0, 0.0, 0.0, 0.0)}
02-19 07:30:37.422  2005  4295 D TaskSnapshot_Helper: shouldDelay()... Not launched by home, no delay needed.
02-19 07:30:37.422  8652 14872 I NotificationHelper: isFrequencyValid: 	 lastTimeKey = general_last_time	 lastTime = 1754961470616	 current = 1771475437422
02-19 07:30:37.423  2005  4295 I WindowManager: wms.showSurfaceRobustly mWin:Window{4a1169e u0 com.ezanvakti/com.ezanvakti.MainActivity}
02-19 07:30:37.426  8652 14872 I NotificationHelper: checkAndSendGeneralNotification: alreadyHas false
02-19 07:30:37.426  8652 14872 I NotificationHelper: onReceive: 	 whatsappNeed = false	 whatsAppSize = 0
02-19 07:30:37.429  5752  5752 I MiuiWallpaper-MiuiKeyguardPictorialWallpaper: onSurfaceRedrawNeeded
02-19 07:30:37.429  2005  6355 E NativeTurboSchedManagerJni: open /dev/metis failed!
02-19 07:30:37.436  9807  9807 D VRI[MainActivity]: vri.reportNextDraw android.view.ViewRootImpl.handleResized:2297 android.view.ViewRootImpl.-$$Nest$mhandleResized:0 android.view.ViewRootImpl$ViewRootHandler.handleMessageImpl:6693 android.view.ViewRootImpl$ViewRootHandler.handleMessage:6662 android.os.Handler.dispatchMessage:106 
02-19 07:30:37.436  1362  1362 W Layer   : gatherBufferInfo: Received unknown dataspace from gralloc
02-19 07:30:37.437 10762 18610 D TaskStackChangeListeners: onTaskDescriptionChanged =  taskId = 887
02-19 07:30:37.438  2005  6355 E NativeTurboSchedManagerJni: open /dev/metis failed!
02-19 07:30:37.443  4171  4171 D KeyguardViewMediator: handleKeyguardDoneDrawing
02-19 07:30:37.443  4171  4171 D backgroundBlur: enablePassWindowBlur disable com.android.systemui.shade.NotificationShadeWindowView
02-19 07:30:37.447  9807  9807 D VRI[MainActivity]: vri.Setup new sync=wmsSync-VRI[MainActivity]#10
02-19 07:30:37.448  9807  9807 D VRI[MainActivity]: vri.reportDrawFinished
02-19 07:30:37.448  2005  2945 E NativeTurboSchedManagerJni: open /dev/metis failed!
02-19 07:30:37.448  9807  9807 I HandWritingStubImpl: refreshLastKeyboardType: 1
02-19 07:30:37.448  9807  9807 I HandWritingStubImpl: getCurrentKeyboardType: 1
02-19 07:30:37.450  2005  2945 E NativeTurboSchedManagerJni: open /dev/metis failed!
02-19 07:30:37.451  2005  6469 I ImeTracker: com.ezanvakti:6c99dc8b: onRequestHide at ORIGIN_SERVER_HIDE_INPUT reason HIDE_SAME_WINDOW_FOCUSED_WITHOUT_EDITOR
02-19 07:30:37.451  2005  6469 I ImeTracker: com.ezanvakti:6c99dc8b: onCancelled at PHASE_SERVER_SHOULD_HIDE
02-19 07:30:37.451  9977 14885 D MirrorManager:  sendAcceptInput 0 0
02-19 07:30:37.453  1174  1174 I TouchSensorLargeArea: TouchLargeAreaDetSensor: activate 0
02-19 07:30:37.457  8652 14873 I GameBoosterService: restartGameMode: com.ezanvakti
02-19 07:30:37.461  9807  9807 D CompassHeading: Raw azimuth: 36.90216995340698
02-19 07:30:37.461  9807  9807 D CompassHeading: Adjusted azimuth after rotation: 36.90216995340698
02-19 07:30:37.461  9807  9807 D CompassHeading: Raw azimuth: 36.8995471607657
02-19 07:30:37.461  9807  9807 D CompassHeading: Adjusted azimuth after rotation: 36.8995471607657
02-19 07:30:37.461  9807  9807 D CompassHeading: Raw azimuth: 36.86788923396269
02-19 07:30:37.461  9807  9807 D CompassHeading: Adjusted azimuth after rotation: 36.86788923396269
02-19 07:30:37.461  9807  9807 D CompassHeading: Raw azimuth: 36.85837136535428
02-19 07:30:37.461  9807  9807 D CompassHeading: Adjusted azimuth after rotation: 36.85837136535428
02-19 07:30:37.461  9807  9807 D CompassHeading: Raw azimuth: 36.83443496740797
02-19 07:30:37.461  9807  9807 D CompassHeading: Adjusted azimuth after rotation: 36.83443496740797
02-19 07:30:37.461  9807  9807 D CompassHeading: Raw azimuth: 36.82485562709703
02-19 07:30:37.461  9807  9807 D CompassHeading: Adjusted azimuth after rotation: 36.82485562709703
02-19 07:30:37.461  9807  9807 D CompassHeading: Raw azimuth: 36.80275996513203
02-19 07:30:37.461  9807  9807 D CompassHeading: Adjusted azimuth after rotation: 36.80275996513203
02-19 07:30:37.461  9807  9807 D CompassHeading: Raw azimuth: 36.78787698293058
02-19 07:30:37.461  9807  9807 D CompassHeading: Adjusted azimuth after rotation: 36.78787698293058
02-19 07:30:37.461  9807  9807 D CompassHeading: Raw azimuth: 36.86618168667019
02-19 07:30:37.461  9807  9807 D CompassHeading: Adjusted azimuth after rotation: 36.86618168667019
02-19 07:30:37.461  9807  9807 D CompassHeading: Raw azimuth: 36.85423568581184
02-19 07:30:37.461  9807  9807 D CompassHeading: Adjusted azimuth after rotation: 36.85423568581184
02-19 07:30:37.461  9807  9807 D CompassHeading: Raw azimuth: 36.99968114909267
02-19 07:30:37.461  9807  9807 D CompassHeading: Adjusted azimuth after rotation: 36.99968114909267
02-19 07:30:37.461  9807  9807 D CompassHeading: Raw azimuth: 36.980474657146594
02-19 07:30:37.461  9807  9807 D CompassHeading: Adjusted azimuth after rotation: 36.980474657146594
02-19 07:30:37.461  9807  9807 D CompassHeading: Raw azimuth: 37.032800736378064
02-19 07:30:37.461  9807  9807 D CompassHeading: Adjusted azimuth after rotation: 37.032800736378064
02-19 07:30:37.462  9807  9807 D CompassHeading: Raw azimuth: 37.01384696143128
02-19 07:30:37.462  9807  9807 D CompassHeading: Adjusted azimuth after rotation: 37.01384696143128
02-19 07:30:37.462  9807  9807 D CompassHeading: Raw azimuth: 36.932250106511724
02-19 07:30:37.462  9807  9807 D CompassHeading: Adjusted azimuth after rotation: 36.932250106511724
02-19 07:30:37.462  9807  9807 D CompassHeading: Raw azimuth: 36.92266052091703
02-19 07:30:37.462  9807  9807 D CompassHeading: Adjusted azimuth after rotation: 36.92266052091703
02-19 07:30:37.462  9807  9807 D CompassHeading: Raw azimuth: 36.82033745696106
02-19 07:30:37.462  9807  9807 D CompassHeading: Adjusted azimuth after rotation: 36.82033745696106
02-19 07:30:37.464  9807  9807 D CompassHeading: Raw azimuth: 36.821389306093245
02-19 07:30:37.465  9807  9807 D CompassHeading: Adjusted azimuth after rotation: 36.821389306093245
02-19 07:30:37.467 10130 10130 I GoogleInputMethodService: GoogleInputMethodService.onStartInput():1384 onStartInput(EditorInfo{EditorInfo{packageName=com.ezanvakti, inputType=0, inputTypeString=NULL, enableLearning=false, autoCorrection=false, autoComplete=false, imeOptions=0, privateImeOptions=null, actionName=UNSPECIFIED, actionLabel=null, initialSelStart=-1, initialSelEnd=-1, initialCapsMode=0, label=null, fieldId=0, fieldName=null, extras=Bundle[mParcelledData.dataSize=72], hintText=null, hintLocales=[]}}, false)
02-19 07:30:37.468  8652 27154 E com.miui.appmanager.AppManageUtils: startScan error
02-19 07:30:37.468  8652 27154 E com.miui.appmanager.AppManageUtils: java.lang.NoSuchMethodException: android.net.wifi.IWifiManager$Stub$Proxy.startScan [class java.lang.String]
02-19 07:30:37.468  8652 27154 E com.miui.appmanager.AppManageUtils: 	at java.lang.Class.getMethod(Class.java:2934)
02-19 07:30:37.468  8652 27154 E com.miui.appmanager.AppManageUtils: 	at java.lang.Class.getDeclaredMethod(Class.java:2913)
02-19 07:30:37.468  8652 27154 E com.miui.appmanager.AppManageUtils: 	at nf.f.d(Unknown Source:4)
02-19 07:30:37.468  8652 27154 E com.miui.appmanager.AppManageUtils: 	at com.miui.appmanager.AppManageUtils.D0(Unknown Source:88)
02-19 07:30:37.468  8652 27154 E com.miui.appmanager.AppManageUtils: 	at e3.b$a.a(Unknown Source:29)
02-19 07:30:37.468  8652 27154 E com.miui.appmanager.AppManageUtils: 	at e3.b$a.doInBackground(Unknown Source:2)
02-19 07:30:37.468  8652 27154 E com.miui.appmanager.AppManageUtils: 	at android.os.AsyncTask$3.call(AsyncTask.java:394)
02-19 07:30:37.468  8652 27154 E com.miui.appmanager.AppManageUtils: 	at java.util.concurrent.FutureTask.run(FutureTask.java:317)
02-19 07:30:37.468  8652 27154 E com.miui.appmanager.AppManageUtils: 	at java.util.concurrent.ThreadPoolExecutor.runWorker(ThreadPoolExecutor.java:1154)
02-19 07:30:37.468  8652 27154 E com.miui.appmanager.AppManageUtils: 	at java.util.concurrent.ThreadPoolExecutor$Worker.run(ThreadPoolExecutor.java:652)
02-19 07:30:37.468  8652 27154 E com.miui.appmanager.AppManageUtils: 	at java.lang.Thread.run(Thread.java:1563)
02-19 07:30:37.469  1362  1362 W Layer   : gatherBufferInfo: Received unknown dataspace from gralloc
02-19 07:30:37.469  1362  1362 D RefreshRateSelector: Touch Boost
02-19 07:30:37.469  1362  1362 D MI-SF   : mIsSupportAutomodeForMaxFpsSetting is 0(0), getCurrentBrightness() = 299(653), mIsKeepAutoMode 0
02-19 07:30:37.469  1362  1362 D RefreshRateSelector: fixedMode_group: 0, isFindModeGroup 0
02-19 07:30:37.469  1362  1362 D RefreshRateSelector: find max refresh rate:60, mode Group:0
02-19 07:30:37.472  9807  9807 D CompassHeading: Raw azimuth: 36.76595549078942
02-19 07:30:37.472  9807  9807 D CompassHeading: Adjusted azimuth after rotation: 36.76595549078942
02-19 07:30:37.483  9807  9807 D CompassHeading: Raw azimuth: 36.784892190263285
02-19 07:30:37.483  9807  9807 D CompassHeading: Adjusted azimuth after rotation: 36.784892190263285
02-19 07:30:37.486  1362  1362 W Layer   : gatherBufferInfo: Received unknown dataspace from gralloc
02-19 07:30:37.487 10130 10130 I DeviceLockTags: DeviceLockTags.notifyDeviceLockStatusChanged():108 notifyDeviceLockStatusChanged(): deviceLocked=false, blockPersonalData=false
02-19 07:30:37.487 10130 10130 I Module  : DeviceLockedStatusModuleProvider$Module.updateDeviceLockedStatus():103 repeatCheckTimes = 1, locked = false
02-19 07:30:37.492  9807  9807 D CompassHeading: Raw azimuth: 36.74069403614413
02-19 07:30:37.492  9807  9807 D CompassHeading: Adjusted azimuth after rotation: 36.74069403614413
02-19 07:30:37.492 10130 10130 I AbstractOpenableExtension: AbstractOpenableExtension.createKeyboardGroupManagerListenableFuture():121 Create keyboard group manager listenable future in fdw
02-19 07:30:37.494 10130 10130 I AbstractOpenableExtension: AbstractOpenableExtension.createKeyboardGroupManagerListenableFuture():121 Create keyboard group manager listenable future in hri
02-19 07:30:37.496  4171  4171 D QS      : setExpanded false
02-19 07:30:37.497  4171  4171 D KeyguardViewMediator: readyForKeyguardDone
02-19 07:30:37.497  4171  4171 D CentralSurfaces: Received new disable state: enaihbcrso.qingr (unchanged)
02-19 07:30:37.497  4171  4171 D CollapsedStatusBarFragment: adjustDisableFlags: ShadeExpansionState = 0 mHideIconsForBouncer = false mWereIconsJustHidden = true, mWakeUpCoordinator.getNotificationsFullyHidden = false, mIsExpanded = false, mBypassController.getBypassEnabled = false, mStatusBarStateController.getState() = 0, mKeyguardStateController.isKeyguardGoingAway() = false, mHeadsUpManager.hasPinnedHeadsUp = false, mControlPanelExpand = false
02-19 07:30:37.497  4171  4171 D ControlCenter: disable1: 0x00000000 -> 0x00000000 (diff1: 0x00000000)
02-19 07:30:37.497  4171  4171 D ControlCenter: disable2: 0x00000000 -> 0x00000000 (diff2: 0x00000000)
02-19 07:30:37.498  4171  4171 I MiuiChargeController: dismissChargeAnimation: USER_PRESENT
02-19 07:30:37.498 10762 10762 D TouchInteractionService: onSystemUiFlagsChanged, mSystemUiStateFlags=10020000
02-19 07:30:37.498 10762 10762 D NavStubView_Touch: onSystemUiFlagsChanged  mIsShowStatusBar    old= true   new=true
02-19 07:30:37.498 10762 10762 D NavStubView_Touch: onSystemUiFlagsChanged  mIsShowNavBar    old= true   new=true
02-19 07:30:37.498 10762 10762 D NavStubView_Touch: onSystemUiFlagsChanged  isImmersiveNew    old= false   new=false
02-19 07:30:37.498 10762 10762 D NavStubView_Touch: onSystemUiFlagsChanged, mDisableHomeRecents = false, disableHomeRecents = false, isHomeDisabled = false, isRecentDisabled = false
02-19 07:30:37.500  4171  4171 D Utilities:  oldHints : 0 backDisposition : 0 imeShown : false hints 0
02-19 07:30:37.501  4171  4171 D CentralSurfaces: Received new disable state: enaihbcrso.qingr (unchanged)
02-19 07:30:37.501  4171  4171 D CollapsedStatusBarFragment: adjustDisableFlags: ShadeExpansionState = 0 mHideIconsForBouncer = false mWereIconsJustHidden = true, mWakeUpCoordinator.getNotificationsFullyHidden = false, mIsExpanded = false, mBypassController.getBypassEnabled = false, mStatusBarStateController.getState() = 0, mKeyguardStateController.isKeyguardGoingAway() = false, mHeadsUpManager.hasPinnedHeadsUp = false, mControlPanelExpand = false
02-19 07:30:37.502  4171  4171 D ControlCenter: disable1: 0x00000000 -> 0x00000000 (diff1: 0x00000000)
02-19 07:30:37.502  4171  4171 D ControlCenter: disable2: 0x00000000 -> 0x00000000 (diff2: 0x00000000)
02-19 07:30:37.504  9807  9807 D CompassHeading: Raw azimuth: 36.765405660561235
02-19 07:30:37.504  9807  9807 D CompassHeading: Adjusted azimuth after rotation: 36.765405660561235
02-19 07:30:37.505  4171  4171 D CentralSurfaces: Received new disable state: enaihbcrso.qingr (unchanged)
02-19 07:30:37.505  4171  4171 D CollapsedStatusBarFragment: adjustDisableFlags: ShadeExpansionState = 0 mHideIconsForBouncer = false mWereIconsJustHidden = false, mWakeUpCoordinator.getNotificationsFullyHidden = false, mIsExpanded = false, mBypassController.getBypassEnabled = false, mStatusBarStateController.getState() = 0, mKeyguardStateController.isKeyguardGoingAway() = false, mHeadsUpManager.hasPinnedHeadsUp = false, mControlPanelExpand = false
02-19 07:30:37.505  4171  4171 D ControlCenter: disable1: 0x00000000 -> 0x00000000 (diff1: 0x00000000)
02-19 07:30:37.505  4171  4171 D ControlCenter: disable2: 0x00000000 -> 0x00000000 (diff2: 0x00000000)
02-19 07:30:37.510 10130 10130 I EmojifyExtensionImpl: EmojifyExtensionImpl.onCreate():604 Creating Emojify extension fdb@bd20fef.
02-19 07:30:37.511  9807  9807 D CompassHeading: Raw azimuth: 36.746202583709746
02-19 07:30:37.511  9807  9807 D CompassHeading: Adjusted azimuth after rotation: 36.746202583709746
02-19 07:30:37.512 10130 14875 I KeyboardGroupDefParser: KeyboardGroupDefParser.parseKeyboardGroupDef():86 parseKeyboardGroupDef() 2132213997 -> 0_resource_name_obfuscated : WaitTime = 3 ms : RunTime = 16 ms
02-19 07:30:37.512 10130 14877 I KeyboardGroupDefParser: KeyboardGroupDefParser.parseKeyboardGroupDef():86 parseKeyboardGroupDef() 2132213998 -> 0_resource_name_obfuscated : WaitTime = 1 ms : RunTime = 16 ms
02-19 07:30:37.515 10130 10130 I ClipboardDataHandler: ClipboardDataHandler.updateScreenshotsContentObserver():318 Enable the feature of handling screenshots in the clipboard.
02-19 07:30:37.517 10130 10130 W NotificationCenter: NotificationCenter.unregisterListener():480 Listener ejs@8efeb2c was not registered for notification class npu
02-19 07:30:37.521  4171  4171 W NotificationShadeWindowController: FakeStatusBarClockShow=false
02-19 07:30:37.523  9807  9807 D CompassHeading: Raw azimuth: 36.76328830191853
02-19 07:30:37.523  9807  9807 D CompassHeading: Adjusted azimuth after rotation: 36.76328830191853
02-19 07:30:37.530  9807  9807 D CompassHeading: Raw azimuth: 36.82358862700599
02-19 07:30:37.530  9807  9807 D CompassHeading: Adjusted azimuth after rotation: 36.82358862700599
02-19 07:30:37.543  9807  9807 D CompassHeading: Raw azimuth: 36.846288760712525
02-19 07:30:37.543  9807  9807 D CompassHeading: Adjusted azimuth after rotation: 36.846288760712525
02-19 07:30:37.544 10130 10130 W NotificationCenter: NotificationCenter$NotificationQueue.notifyPendingNotificationsOnExecutor():877 Heavy notify work detected on UI thread: [npu->npb] takes 29ms
02-19 07:30:37.544 10130 10130 I HardKeyTracker: HardKeyTracker.unregisterKeySequence():229 Unregister key sequence ohy{labelResId=2132020484, callback=cti@e064f5d, lastModifier=2, keyCodes=[50], actions=[0]}
02-19 07:30:37.544 10130 10130 I HardKeyTracker: HardKeyTracker.registerKeySequence():178 Register key sequence ohy{labelResId=2132020484, callback=cti@8b83ed7, lastModifier=2, keyCodes=[50], actions=[0]}
02-19 07:30:37.544  1362  1524 I BpBinder: onLastStrongRef automatically unlinking death recipients: 
02-19 07:30:37.544 10130 10130 W AccessPointsManager: AccessPointsManager.addAccessPoint():1084 The holder controller #0x7f0b246c is not registered
02-19 07:30:37.544 10130 10130 I HardKeyTracker: HardKeyTracker.unregisterKeySequence():229 Unregister key sequence ohy{labelResId=2132020488, callback=cti@3cc50d2, lastModifier=65536, keyCodes=[76], actions=[0]}
02-19 07:30:37.545 10130 10130 I HardKeyTracker: HardKeyTracker.registerKeySequence():178 Register key sequence ohy{labelResId=2132020488, callback=cti@ae273c4, lastModifier=65536, keyCodes=[76], actions=[0]}
02-19 07:30:37.545 10130 10130 I HardKeyTracker: HardKeyTracker.unregisterKeySequence():229 Unregister key sequence ohy{labelResId=2132020484, callback=cti@30a95a3, lastModifier=2, keyCodes=[50], actions=[0]}
02-19 07:30:37.545 10130 10130 I HardKeyTracker: HardKeyTracker.registerKeySequence():178 Register key sequence ohy{labelResId=2132020484, callback=cti@f4932ad, lastModifier=2, keyCodes=[50], actions=[0]}
02-19 07:30:37.545 10130 10130 I HardKeyTracker: HardKeyTracker.unregisterKeySequence():229 Unregister key sequence ohy{labelResId=2132020487, callback=cti@42b90a0, lastModifier=2, keyCodes=[37], actions=[0]}
02-19 07:30:37.545 10130 10130 I HardKeyTracker: HardKeyTracker.registerKeySequence():178 Register key sequence ohy{labelResId=2132020487, callback=cti@e6979e2, lastModifier=2, keyCodes=[37], actions=[0]}
02-19 07:30:37.545 10130 10130 I HardKeyTracker: HardKeyTracker.unregisterKeySequence():229 Unregister key sequence ohy{labelResId=2132020487, callback=cti@85d8459, lastModifier=2, keyCodes=[37], actions=[0]}
02-19 07:30:37.545 10130 10130 I HardKeyTracker: HardKeyTracker.registerKeySequence():178 Register key sequence ohy{labelResId=2132020487, callback=cti@cd7f173, lastModifier=2, keyCodes=[37], actions=[0]}
02-19 07:30:37.545 10130 14883 I KeyboardGroupDefParser: KeyboardGroupDefParser.parseKeyboardGroupDef():86 parseKeyboardGroupDef() 2132213990 -> 0_resource_name_obfuscated : WaitTime = 1 ms : RunTime = 0 ms
02-19 07:30:37.545 10130 10130 W NotificationCenter: NotificationCenter$NotificationQueue.notifyPendingNotificationsOnExecutor():877 Heavy notify work detected on UI thread: [mul->mfg, mul->kpu, mul->lxh, mul->krx, mul->kpu, mul->kpu, mul->kpu, mul->kpu, mul->mtn, mul->kpu, mul->kpu, mul->kpu, mul->mte, mul->kpu, mul->kpu, mul->god, mul->hmz, mul->kpu, mul->glg, mul->oyp, mul->kpu, mul->kpu, ojj->nup, ojj->nup, ojj->nup, ojj->nup, ojj->nup, ojj->nup, ojj->nup, ojj->nup, ojj->nup, ojj->nup, ojj->nup, ojj->nup, ojj->nup, ojj->nup, ojj->nup, ojj->nup, ojj->nup, ojj->nup, ojj->nup, ojj->nup, ojj->nup, ojj->nup, ojj->nup, ojj->nup, oji->nup, nqe->nqd, nqe->nqd, nqe->nqd, nqe->nqd, nqe->nqd, nqe->nqd, nqe->nqd, nqe->nqd, nqe->nqd, nqe->nqd, nqe->nqd, nqe->nqd, kpp->hcu, nqe->nqd, nqe->nqd, nqe->nqd, kpp->hcu, kpp->hcu, kpp->hcu, kpp->hcu, nqe->nqd, nqe->nqd, nqe->nqd, nqe->nqd, nqe->nqd, nqe->nqd, nqe->nqd, nqe->nqd, nqe->nqd, nqe->nqd, nqe->nqd, nqe->nqd, kpp->hcu, kpp->hcu, kpp->hcu] takes 66ms
02-19 07:30:37.546  2005  6469 W PackageConfigPersister: App-specific configuration not found for packageName: com.ezanvakti and userId: 0
02-19 07:30:37.549  9807  9807 D CompassHeading: Raw azimuth: 36.95950939148924
02-19 07:30:37.549  9807  9807 D CompassHeading: Adjusted azimuth after rotation: 36.95950939148924
02-19 07:30:37.552  1362  1362 D RefreshRateSelector: Touch Boost
02-19 07:30:37.552  1362  1362 D MI-SF   : mIsSupportAutomodeForMaxFpsSetting is 0(0), getCurrentBrightness() = 299(653), mIsKeepAutoMode 0
02-19 07:30:37.552  1362  1362 D RefreshRateSelector: fixedMode_group: 0, isFindModeGroup 0
02-19 07:30:37.552  1362  1362 D RefreshRateSelector: find max refresh rate:60, mode Group:0
02-19 07:30:37.563  9807  9807 D CompassHeading: Raw azimuth: 36.98077177037549
02-19 07:30:37.563  9807  9807 D CompassHeading: Adjusted azimuth after rotation: 36.98077177037549
02-19 07:30:37.569  9807  9807 D CompassHeading: Raw azimuth: 37.04095256715247
02-19 07:30:37.569  9807  9807 D CompassHeading: Adjusted azimuth after rotation: 37.04095256715247
02-19 07:30:37.577  1137  2891 E CamX    : [ERROR][NCS    ] camxncsintfqsee.cpp:2555 FillSensorData() Invalid sensor index -1
02-19 07:30:37.583  9807  9807 D CompassHeading: Raw azimuth: 37.066193531230255
02-19 07:30:37.583  9807  9807 D CompassHeading: Adjusted azimuth after rotation: 37.066193531230255
02-19 07:30:37.587  9807  9807 D CompassHeading: Raw azimuth: 37.034037000617836
02-19 07:30:37.587  9807  9807 D CompassHeading: Adjusted azimuth after rotation: 37.034037000617836
02-19 07:30:37.601  4171  4171 D QS      : setListening false
02-19 07:30:37.603  9807  9807 D CompassHeading: Raw azimuth: 37.05091439805694
02-19 07:30:37.603  9807  9807 D CompassHeading: Adjusted azimuth after rotation: 37.05091439805694
02-19 07:30:37.606  9807  9807 D CompassHeading: Raw azimuth: 36.97905739289382
02-19 07:30:37.607  9807  9807 D CompassHeading: Adjusted azimuth after rotation: 36.97905739289382
02-19 07:30:37.623  9807  9807 D CompassHeading: Raw azimuth: 36.982233430857875
02-19 07:30:37.623  9807  9807 D CompassHeading: Adjusted azimuth after rotation: 36.982233430857875
02-19 07:30:37.625  9807  9807 D CompassHeading: Raw azimuth: 36.926154162677484
02-19 07:30:37.625  9807  9807 D CompassHeading: Adjusted azimuth after rotation: 36.926154162677484
02-19 07:30:37.643  9807  9807 D CompassHeading: Raw azimuth: 36.92847642699529
02-19 07:30:37.643  9807  9807 D CompassHeading: Adjusted azimuth after rotation: 36.92847642699529
02-19 07:30:37.645  9807  9807 D CompassHeading: Raw azimuth: 36.8723288569232
02-19 07:30:37.645  9807  9807 D CompassHeading: Adjusted azimuth after rotation: 36.8723288569232
02-19 07:30:37.664  9807  9807 D CompassHeading: Raw azimuth: 36.875532215643936
02-19 07:30:37.664  9807  9807 D CompassHeading: Adjusted azimuth after rotation: 36.875532215643936
02-19 07:30:37.664  9807  9807 D CompassHeading: Raw azimuth: 36.8310335332013
02-19 07:30:37.664  9807  9807 D CompassHeading: Adjusted azimuth after rotation: 36.8310335332013
02-19 07:30:37.685  9807  9807 D CompassHeading: Raw azimuth: 36.83719436383265
02-19 07:30:37.685  9807  9807 D CompassHeading: Adjusted azimuth after rotation: 36.83719436383265
02-19 07:30:37.685  9807  9807 D CompassHeading: Raw azimuth: 36.864942007335834
02-19 07:30:37.685  9807  9807 D CompassHeading: Adjusted azimuth after rotation: 36.864942007335834
02-19 07:30:37.701  4171  6115 D MiBridge: cancelCpuHighFreq---uid: 1000
02-19 07:30:37.702  4171  6115 D MiBridge: cancelCpuHighFreq ret: 0
02-19 07:30:37.702  4171  6115 D CpuBoostUtil: cancelCpuHighFreq:0
02-19 07:30:37.704  9807  9807 D CompassHeading: Raw azimuth: 36.970997769673204
02-19 07:30:37.704  9807  9807 D CompassHeading: Adjusted azimuth after rotation: 36.970997769673204
02-19 07:30:37.704  9807  9807 D CompassHeading: Raw azimuth: 36.972841920749104
02-19 07:30:37.704  9807  9807 D CompassHeading: Adjusted azimuth after rotation: 36.972841920749104
02-19 07:30:37.722  9807  9807 D CompassHeading: Raw azimuth: 37.05789826648328
02-19 07:30:37.722  9807  9807 D CompassHeading: Adjusted azimuth after rotation: 37.05789826648328
02-19 07:30:37.723  9807  9807 D CompassHeading: Raw azimuth: 37.04467160515555
02-19 07:30:37.723  9807  9807 D CompassHeading: Adjusted azimuth after rotation: 37.04467160515555
02-19 07:30:37.740  9807  9807 D CompassHeading: Raw azimuth: 37.0426771899179
02-19 07:30:37.740  9807  9807 D CompassHeading: Adjusted azimuth after rotation: 37.0426771899179
02-19 07:30:37.743  9807  9807 D CompassHeading: Raw azimuth: 37.02396588668665
02-19 07:30:37.743  9807  9807 D CompassHeading: Adjusted azimuth after rotation: 37.02396588668665
02-19 07:30:37.744  4171  4355 I NotificationController: getSortedKey: size 0
02-19 07:30:37.746  4171  4355 I NotificationController: printNotificationData: notificationDataList 0
02-19 07:30:37.760  9807  9807 D CompassHeading: Raw azimuth: 36.97138367536131
02-19 07:30:37.760  9807  9807 D CompassHeading: Adjusted azimuth after rotation: 36.97138367536131
02-19 07:30:37.763  9807  9807 D CompassHeading: Raw azimuth: 36.957859900804685
02-19 07:30:37.763  9807  9807 D CompassHeading: Adjusted azimuth after rotation: 36.957859900804685
02-19 07:30:37.777  1137  2891 E CamX    : [ERROR][NCS    ] camxncsintfqsee.cpp:2555 FillSensorData() Invalid sensor index -1
02-19 07:30:37.778  9807  9807 D CompassHeading: Raw azimuth: 36.892829669716996
02-19 07:30:37.778  9807  9807 D CompassHeading: Adjusted azimuth after rotation: 36.892829669716996
02-19 07:30:37.783  9807  9807 D CompassHeading: Raw azimuth: 36.8818262349641
02-19 07:30:37.783  9807  9807 D CompassHeading: Adjusted azimuth after rotation: 36.8818262349641
02-19 07:30:37.798  9807  9807 D CompassHeading: Raw azimuth: 36.82056626829826
02-19 07:30:37.798  9807  9807 D CompassHeading: Adjusted azimuth after rotation: 36.82056626829826
02-19 07:30:37.803  9807  9807 D CompassHeading: Raw azimuth: 36.811697267660996
02-19 07:30:37.803  9807  9807 D CompassHeading: Adjusted azimuth after rotation: 36.811697267660996
02-19 07:30:37.814  4171  4171 D CentralSurfaces: Received new disable state: enaihbcrso.qingr (unchanged)
02-19 07:30:37.814  4171  4171 D CollapsedStatusBarFragment: adjustDisableFlags: ShadeExpansionState = 0 mHideIconsForBouncer = false mWereIconsJustHidden = false, mWakeUpCoordinator.getNotificationsFullyHidden = false, mIsExpanded = false, mBypassController.getBypassEnabled = false, mStatusBarStateController.getState() = 0, mKeyguardStateController.isKeyguardGoingAway() = false, mHeadsUpManager.hasPinnedHeadsUp = false, mControlPanelExpand = false
02-19 07:30:37.814  4171  4171 D ControlCenter: disable1: 0x00000000 -> 0x00000000 (diff1: 0x00000000)
02-19 07:30:37.814  4171  4171 D ControlCenter: disable2: 0x00000000 -> 0x00000000 (diff2: 0x00000000)
02-19 07:30:37.817  9807  9807 D CompassHeading: Raw azimuth: 36.77078443453262
02-19 07:30:37.817  9807  9807 D CompassHeading: Adjusted azimuth after rotation: 36.77078443453262
02-19 07:30:37.823  9807  9807 D CompassHeading: Raw azimuth: 36.759921018657714
02-19 07:30:37.823  9807  9807 D CompassHeading: Adjusted azimuth after rotation: 36.759921018657714
02-19 07:30:37.836  9807  9807 D CompassHeading: Raw azimuth: 36.782303548567846
02-19 07:30:37.836  9807  9807 D CompassHeading: Adjusted azimuth after rotation: 36.782303548567846
02-19 07:30:37.843  9807  9807 D CompassHeading: Raw azimuth: 36.755310640967956
02-19 07:30:37.843  9807  9807 D CompassHeading: Adjusted azimuth after rotation: 36.755310640967956
02-19 07:30:37.855  9807  9807 D CompassHeading: Raw azimuth: 36.828257061303695
02-19 07:30:37.855  9807  9807 D CompassHeading: Adjusted azimuth after rotation: 36.828257061303695
02-19 07:30:37.863  9807  9807 D CompassHeading: Raw azimuth: 36.81356190930441
02-19 07:30:37.863  9807  9807 D CompassHeading: Adjusted azimuth after rotation: 36.81356190930441
02-19 07:30:37.869 10762 10762 W RecentsImpl: getTopActivity from observer.   cn=ComponentInfo{com.ezanvakti/com.ezanvakti.MainActivity}
02-19 07:30:37.870 10762 10762 W RecentsImpl: adaptToTopActivity   cn=ComponentInfo{com.ezanvakti/com.ezanvakti.MainActivity}
02-19 07:30:37.870 10762 10762 W RecentsImpl: onResumed className=com.ezanvakti.MainActivity   mIsInAnotherPro=false   isKeyguardLocked=false   mSecuritySpaceGuideShown=false
02-19 07:30:37.870 10762 11601 W RecentsImpl: disableTouchBySwipeStatusBar    disable=false
02-19 07:30:37.871 10762 11601 D GestureStubView_Touch: disableTouchBySwipeStatusBar    old=false   new=false
02-19 07:30:37.872 10762 11601 D GestureStubView_Touch: disableTouchBySwipeStatusBar    old=false   new=false
02-19 07:30:37.872 10762 11601 W RecentsImpl: disableBackStubWindow    disableTouch=false
02-19 07:30:37.872 10762 11601 D GestureStubView_Touch: disableTouch    old=false   new=false
02-19 07:30:37.872 10762 11601 D GestureStubView_Touch: disableTouch    old=false   new=false
02-19 07:30:37.872 10762 11601 D RecentsImpl: showBackStubWindow  hasNavigationBar=true
02-19 07:30:37.872 10762 11601 D GestureStubView_Touch: setKeepHidden    old=false   new=false
02-19 07:30:37.872 10762 11601 W GestureStubView: adaptRotation   currentRotation=0   mRotation=0
02-19 07:30:37.872 10762 11601 D GestureStubView: resetRenderProperty: showGestureStub   isLayoutParamChanged=false
02-19 07:30:37.872 10762 11601 D GestureStubView_Touch: disableTouch    old=false   new=false
02-19 07:30:37.872 10762 11601 D GestureStubView: showGestureStub
02-19 07:30:37.872 10762 11601 D GestureStubView_Touch: setKeepHidden    old=false   new=false
02-19 07:30:37.872 11546 20942 I NearbyDiscovery: (REDACTED) FastPairHandler: Received action %s
02-19 07:30:37.872 10762 11601 W GestureStubView: adaptRotation   currentRotation=0   mRotation=0
02-19 07:30:37.872 10762 11601 D GestureStubView: resetRenderProperty: showGestureStub   isLayoutParamChanged=false
02-19 07:30:37.872 10762 11601 D GestureStubView_Touch: disableTouch    old=false   new=false
02-19 07:30:37.872 10762 11601 D GestureStubView: showGestureStub
02-19 07:30:37.873 11546 12731 I NearbySharing: Screen is unlocked
02-19 07:30:37.874 11546 20942 I NearbyDiscovery: FastPairController: onSystemStateChanged: skip due to flag disabled [CONTEXT service_id=265 ]
02-19 07:30:37.875  9807  9807 D CompassHeading: Raw azimuth: 36.88443536722705
02-19 07:30:37.875  9807  9807 D CompassHeading: Adjusted azimuth after rotation: 36.88443536722705
02-19 07:30:37.882 10762 11635 I ContentProviderUtils: uri is in the black list
02-19 07:30:37.882 11546 12731 I NearbySharing: Uwb feature is off.
02-19 07:30:37.883 11546 12731 I NearbySharing: Uwb feature is off.
02-19 07:30:37.883 11546 12731 I NearbySharing: Stopping scanning because Bluetooth is disabled.
02-19 07:30:37.883 10762 11601 D GestureStubView: gatherTransparentRegion: need render w:54  h:1440
02-19 07:30:37.883 10762 11601 D GestureStubView: gatherTransparentRegion: need render w:54  h:1440
02-19 07:30:37.883  9807  9807 D CompassHeading: Raw azimuth: 36.878882423431826
02-19 07:30:37.883  9807  9807 D CompassHeading: Adjusted azimuth after rotation: 36.878882423431826
02-19 07:30:37.886 11749 32415 D AndroidUtils: MCC MNC = 28602
02-19 07:30:37.886  2005  9974 D PackageManager: set app component=ComponentInfo{com.instagram.android/com.instagram.push.FbnsInitBroadcastReceiver} enabled state: 1 from com.instagram.android,uid=10651,pid=8275
02-19 07:30:37.887 11546 12731 I NearbySharing: Stopping Fast Init advertisement because Bluetooth is off.
02-19 07:30:37.887 11546 12731 I NearbySharing: Stopping advertising because Bluetooth is disabled.
02-19 07:30:37.885  1234  1234 W perf@2.2-servic: type=1400 audit(0.0:1912956): avc:  denied  { dac_override } for  capability=1  scontext=u:r:vendor_hal_perf_default:s0 tcontext=u:r:vendor_hal_perf_default:s0 tclass=capability permissive=0
02-19 07:30:37.893  9807  9807 D CompassHeading: Raw azimuth: 36.89500166987306
02-19 07:30:37.894  9807  9807 D CompassHeading: Adjusted azimuth after rotation: 36.89500166987306
02-19 07:30:37.899 10762 10762 D Launcher_UnlockAnimationStateMachine: onUserPresent:IDLE
02-19 07:30:37.899 10762 10762 D Launcher_UnlockAnimationStateMachine: showAnimation = IDLE
02-19 07:30:37.900 10762 10762 D RecentsImpl: showNavStubView
02-19 07:30:37.900 10762 10762 D NavStubView_Touch: setKeepHidden    old=false   new=false
02-19 07:30:37.903  9807  9807 D CompassHeading: Raw azimuth: 36.87736612143608
02-19 07:30:37.903  9807  9807 D CompassHeading: Adjusted azimuth after rotation: 36.87736612143608
02-19 07:30:37.911  1412  1813 D AudioManager: getMode: mode=0, callApp=com.vodafone.selfservis
02-19 07:30:37.913  9807  9807 D CompassHeading: Raw azimuth: 36.84769236458696
02-19 07:30:37.913  9807  9807 D CompassHeading: Adjusted azimuth after rotation: 36.84769236458696
02-19 07:30:37.923  9807  9807 D CompassHeading: Raw azimuth: 36.845339364417896
02-19 07:30:37.923  9807  9807 D CompassHeading: Adjusted azimuth after rotation: 36.845339364417896
02-19 07:30:37.924 11546 12731 I NearbySharing: Starting scanning for Fast Initiation.
02-19 07:30:37.932  9807  9807 D CompassHeading: Raw azimuth: 36.786244567718946
02-19 07:30:37.932  9807  9807 D CompassHeading: Adjusted azimuth after rotation: 36.786244567718946
02-19 07:30:37.937 11546 12731 D BluetoothAdapter: isLeEnabled(): BLE_ON
02-19 07:30:37.939 16077 16196 W FirebaseRemoteConfig: No value of type 'FirebaseRemoteConfigValue' exists for parameter key 'adPushEasyTriggerMinGap'.
02-19 07:30:37.944  9807  9807 D CompassHeading: Raw azimuth: 36.79681087036496
02-19 07:30:37.944  9807  9807 D CompassHeading: Adjusted azimuth after rotation: 36.79681087036496
02-19 07:30:37.946  2005  2945 D FileUtils: Rounded bytes from 7570821120 to 8000000000
02-19 07:30:37.947  5055  9760 D BtGatt.GattService: registerScanner() - UUID=f384f2fb-fdef-4d89-a0a2-0fb3d359c582
02-19 07:30:37.952  9807  9807 D CompassHeading: Raw azimuth: 36.73283248840944
02-19 07:30:37.952  9807  9807 D CompassHeading: Adjusted azimuth after rotation: 36.73283248840944
02-19 07:30:37.959 11749 32415 I Ad      : isPersonalizedAdEnabled getAdSettings: 2
02-19 07:30:37.959 11546 14886 I NearbyMediums: ModuleInitializer handles incoming intent android.intent.action.USER_PRESENT
02-19 07:30:37.962  5055  5269 D BtGatt.GattService: onScannerRegistered() - UUID=f384f2fb-fdef-4d89-a0a2-0fb3d359c582, scannerId=5, status=0
02-19 07:30:37.963 11546 11564 D BluetoothLeScanner: onScannerRegistered() - status=0 scannerId=5 mScannerId=0
02-19 07:30:37.963  5055  9760 D BtGatt.GattService: start scan with filters. callingPackage: com.google.android.gms
02-19 07:30:37.963  9807  9807 D CompassHeading: Raw azimuth: 36.7479442819481
02-19 07:30:37.964  9807  9807 D CompassHeading: Adjusted azimuth after rotation: 36.7479442819481
02-19 07:30:37.969  5055  9760 D BtGatt.GattService: enforcePrivilegedPermissionIfNeeded([BluetoothLeScanFilter [mDeviceName=null, mDeviceAddress=null, mUuid=null, mUuidMask=null, mServiceSolicitationUuid=null, mServiceSolicitationUuidMask=null, mServiceDataUuid=0000fe2c-0000-1000-8000-00805f9b34fb, mServiceData=[-4, 18, -114], mServiceDataMask=null, mManufacturerId=-1, mManufacturerData=null, mManufacturerDataMask=null, mAdvertisingDataType=-1, mAdvertisingData=null, mAdvertisingDataMask=null, mTransportBlockFilter=null], mOrganizationId=-1, mTDSFlags=-1, mTDSFlagsMask=-1, mWifiNANHash=null], mGroupBasedFiltering=false, BluetoothLeScanFilter [mDeviceName=null, mDeviceAddress=null, mUuid=0000fe2c-0000-1000-8000-00805f9b34fb, mUuidMask=null, mServiceSolicitationUuid=null, mServiceSolicitationUuidMask=null, mServiceDataUuid=null, mServiceData=null, mServiceDataMask=null, mManufacturerId=-1, mManufacturerData=null, mManufacturerDataMask=null, mAdvertisingDataType=9, mAdvertisingData=[95, 66, 75, 79, 0], mAdvertisingDataMask=[-1, -1, -1, -1, 0], mTransportBlockFilter=null], mOrganizationId=-1, mTDSFlags=-1, mTDSFlagsMask=-1, mWifiNANHash=null], mGroupBasedFiltering=false])
02-19 07:30:37.971  9807  9807 D CompassHeading: Raw azimuth: 36.70332607119499
02-19 07:30:37.971  9807  9807 D CompassHeading: Adjusted azimuth after rotation: 36.70332607119499
02-19 07:30:37.974  5055  9760 D BtGatt.ScanManager: startScan()  [ScanClient scanModeApp 1 scanModeUsed 1 [appScanStats com.google.uid.shared:10139]]
02-19 07:30:37.974  5055  5413 I BtGatt.ScanManager: msg.what = MSG_RECORD_CALLER, msg.arg1 = None
02-19 07:30:37.974  5055  5413 I BtGatt.ScanManager: msg.what = MSG_START_BLE_SCAN, msg.arg1 = None
02-19 07:30:37.974  5055  5413 D BtGatt.ScanManager: handling starting scan
02-19 07:30:37.974  5055  5413 D BtGatt.ScanManager: isAptXLowLatencyModeEnabled: false
02-19 07:30:37.975  5055  5413 D BtGatt.ScanManager: scanMode is upgraded for  [ScanClient scanModeApp 1 scanModeUsed 2 [appScanStats com.google.uid.shared:10139]]
02-19 07:30:37.975 11546 12731 I NearbySharing: Started scanning for FastInitiation with mode: SCAN_MODE_BALANCED
02-19 07:30:37.977  2005  2067 W System  : A resource failed to call close. 
02-19 07:30:37.978  1137  2891 E CamX    : [ERROR][NCS    ] camxncsintfqsee.cpp:2555 FillSensorData() Invalid sensor index -1
02-19 07:30:37.980  1715 14897 I NearbyMediums: ModuleInitializer handles incoming intent android.intent.action.USER_PRESENT
02-19 07:30:37.980  5055  5413 D BtGatt.ScanManager: track LE scan event: callerPackage = [com.google.android.gms], scanMode = [2], reportDelayMillis = [0], behavior = [1], scannerId = [5], duration = [0]
02-19 07:30:37.983 11546  9192 I NearbySharing: Failed to log test code 11, due to clearcutLogger is null.
02-19 07:30:37.983  9807  9807 D CompassHeading: Raw azimuth: 36.71567163811979
02-19 07:30:37.983  9807  9807 D CompassHeading: Adjusted azimuth after rotation: 36.71567163811979
02-19 07:30:37.987  1135  1135 D vendor.qti.bluetooth@1.0-ibs_handler: SerialClockVote: vote for UART CLK ON
02-19 07:30:37.988  1135  1135 D vendor.qti.bluetooth@1.0-wake_lock: Acquire wakelock is acquired 
02-19 07:30:37.988  1135  1135 I vendor.qti.bluetooth@1.0-ibs_handler: DeviceWakeUp: Writing IBS_WAKE_IND
02-19 07:30:37.988 11546 11546 I RCNIntentOperation: RCN is disabled on this network.
02-19 07:30:37.990  9807  9807 D CompassHeading: Raw azimuth: 36.712440958642375
02-19 07:30:37.990  9807  9807 D CompassHeading: Adjusted azimuth after rotation: 36.712440958642375
02-19 07:30:37.992  2005  6307 D BiometricService: canAuthenticate: User=999, Caller=999, Authenticators=255
02-19 07:30:37.992  2005  6307 D FingerprintServiceStubImpl: calling from XSpace, id = 999
02-19 07:30:37.992  2005  6307 D FingerprintServiceStubImpl: calling from XSpace, id = 999
02-19 07:30:37.992  2005  6307 D BiometricService/PreAuthInfo: Package: com.google.android.gms Sensor ID: 0 Modality: 2 Status: 1
02-19 07:30:37.992  2005  6307 D BiometricService/PreAuthInfo: getCanAuthenticateInternal Modality: 2 AuthenticatorStatus: 1
02-19 07:30:37.992  2005  6307 D AuthService: canAuthenticate, userId: 999, callingUserId: 999, authenticators: 255, result: 0
02-19 07:30:37.997  1135  5767 I vendor.qti.bluetooth@1.0-ibs_handler: ProcessIbsCmd: Received IBS_WAKE_ACK: 0xFC
02-19 07:30:37.997  1135  5767 I vendor.qti.bluetooth@1.0-ibs_handler: ProcessIbsCmd: Signal wack_cond_
02-19 07:30:37.997  1135  1135 D vendor.qti.bluetooth@1.0-ibs_handler: DeviceWakeUp: Unblocked from waiting for FC, pthread_cond_timedwait ret = 0
02-19 07:30:37.997  1135  5767 I vendor.qti.bluetooth@1.0-ibs_handler: ProcessIbsCmd: Received IBS_WAKE_IND: 0xFD
02-19 07:30:37.997  1135  5767 I vendor.qti.bluetooth@1.0-ibs_handler: ProcessIbsCmd: Writing IBS_WAKE_ACK
02-19 07:30:37.999 11546 12731 I NearbySharing: Fast Initiation Scanning has started
02-19 07:30:37.999  5055  5269 D BtGatt.GattService: onScanFilterEnableDisabled() - clientIf=5, status=0, action=1
02-19 07:30:37.999  5055  5269 D BtGatt.ScanManager: callback done for scannerId - 5 status - 0
02-19 07:30:37.999  5055  5413 D BtGatt.ScanManager: configureScanFilters rssiThreshold: -128, 0
02-19 07:30:37.999  5055  5413 D BtGatt.ScanManager: Available Filter size: 59
02-19 07:30:38.000  6573 14908 I SystemUpdate: [Control,UpdateReminderDialogControl] System update management not enabled in this context. Ignoring intent: Intent { act=android.intent.action.USER_PRESENT flg=0x24200010 pkg=com.google.android.gms }
02-19 07:30:38.001 11546 12731 I NearbySharing: Dismissing HUN as there's no device nearby.
02-19 07:30:38.001  6503  6503 D BoundBrokerSvc: onBind: Intent { act=com.google.android.gms.pay.service.BIND dat=chimera-action:/... cmp=com.google.android.gms/.chimera.GmsApiService }
02-19 07:30:38.002  6503  6503 D BoundBrokerSvc: Loading bound service for intent: Intent { act=com.google.android.gms.pay.service.BIND dat=chimera-action:/... cmp=com.google.android.gms/.chimera.GmsApiService }
02-19 07:30:38.003  9807  9807 D CompassHeading: Raw azimuth: 36.75305667854185
02-19 07:30:38.003  9807  9807 D CompassHeading: Adjusted azimuth after rotation: 36.75305667854185
02-19 07:30:38.004  1715  1715 I RCNIntentOperation: RCN is disabled on this network.
02-19 07:30:38.007  6573  6573 D BoundBrokerSvc: onBind: Intent { act=com.google.android.gms.auth.cryptauth.cryptauthservice.START dat=chimera-action:/... cmp=com.google.android.gms/.chimera.GmsBoundBrokerService }
02-19 07:30:38.007  6573  6573 D BoundBrokerSvc: Loading bound service for intent: Intent { act=com.google.android.gms.auth.cryptauth.cryptauthservice.START dat=chimera-action:/... cmp=com.google.android.gms/.chimera.GmsBoundBrokerService }
02-19 07:30:38.008  6503 14907 I PersonalSafety: ConnectivityProtectionLockingIntentOperation: cancelled task [CONTEXT service_id=310 ]
02-19 07:30:38.008  9807  9807 D CompassHeading: Raw azimuth: 36.793658738062994
02-19 07:30:38.008  9807  9807 D CompassHeading: Adjusted azimuth after rotation: 36.793658738062994
02-19 07:30:38.013  5055  5269 D BtGatt.GattService: onScanFilterConfig() - clientIf=5, action = 0 status = 0, filterType=0, availableSpace=0
02-19 07:30:38.013  5055  5269 D BtGatt.ScanManager: callback done for scannerId - 5 status - 0
02-19 07:30:38.013  5055  5413 D BtGatt.ScanManager: configureFilterParamter 500 10000 1 0, deliveryMode=0
02-19 07:30:38.015  5055  5269 D BtGatt.GattService: onScanFilterParamsConfigured() - clientIf=5, status=0, action=0, availableSpace=61
02-19 07:30:38.015  5055  5269 D BtGatt.ScanManager: callback done for scannerId - 5 status - 0
02-19 07:30:38.018  5055  5771 I bt_stack: [INFO:btm_ble_adv_filter.cc(792)] BTM_LE_PF_set UUID MASK is empty 
02-19 07:30:38.022  6573  6573 D BoundBrokerSvc: onBind: Intent { act=com.google.android.gms.pay.service.BIND dat=chimera-action:/... cmp=com.google.android.gms/.chimera.GmsApiService }
02-19 07:30:38.022  6573  6573 D BoundBrokerSvc: Loading bound service for intent: Intent { act=com.google.android.gms.pay.service.BIND dat=chimera-action:/... cmp=com.google.android.gms/.chimera.GmsApiService }
02-19 07:30:38.023  5055  5269 D BtGatt.GattService: onScanFilterConfig() - clientIf=5, action = 0 status = 0, filterType=0, availableSpace=0
02-19 07:30:38.023  5055  5269 D BtGatt.ScanManager: callback done for scannerId - 5 status - 0
02-19 07:30:38.023  9807  9807 D CompassHeading: Raw azimuth: 36.821915230659336
02-19 07:30:38.023  9807  9807 D CompassHeading: Adjusted azimuth after rotation: 36.821915230659336
02-19 07:30:38.023  5055  5413 D BtGatt.ScanManager: configureFilterParamter 500 10000 1 0, deliveryMode=0
02-19 07:30:38.026  5055  5269 D BtGatt.GattService: onScanFilterParamsConfigured() - clientIf=5, status=0, action=0, availableSpace=60
02-19 07:30:38.027  5055  5269 D BtGatt.ScanManager: callback done for scannerId - 5 status - 0
02-19 07:30:38.029  9807  9807 D CompassHeading: Raw azimuth: 36.88415532947108
02-19 07:30:38.029  9807  9807 D CompassHeading: Adjusted azimuth after rotation: 36.88415532947108
02-19 07:30:38.029  5055  5413 D BtGatt.ScanManager: configureRegularScanParams() - queue=2
02-19 07:30:38.029  5055  5413 D BtGatt.ScanManager: configureRegularScanParams() - ScanSetting LE 1M Scan mode=2 ScanSetting LE Coded Scan mode=2 mLastConfiguredScanSettingLE1M=1 mLastConfiguredScanSettingLECoded=-2147483648 scanPhy=255
02-19 07:30:38.029  5055  5413 D BtGatt.ScanManager: configureRegularScanParams - scanInterval LE 1M = 100 configureRegularScanParams - scanWindow LE 1M= 100 configureRegularScanParams - scanInterval LE Coded= 100 configureRegularScanParams - scanWindow LE Coded= 100
02-19 07:30:38.029  5055  5413 D BtGatt.ScanManager: apply scan timeout (300000)to scannerId 5
02-19 07:30:38.029  5055  5269 D BtGatt.GattService: onScanParamSetupCompleted : 0
02-19 07:30:38.034  1715  1715 D BoundBrokerSvc: onRebind: Intent { act=com.google.android.gms.auth.aang.events.services.START dat=chimera-action:/... cmp=com.google.android.gms/.chimera.PersistentApiService }
02-19 07:30:38.043  9807  9807 D CompassHeading: Raw azimuth: 36.91912589802154
02-19 07:30:38.043  9807  9807 D CompassHeading: Adjusted azimuth after rotation: 36.91912589802154
02-19 07:30:38.047  9807  9807 D CompassHeading: Raw azimuth: 36.94926069263964
02-19 07:30:38.047  9807  9807 D CompassHeading: Adjusted azimuth after rotation: 36.94926069263964
